1.495e+05,1.7504e+05,1.6333e+05,2.6219e+05,1.9705e+05,1.8383e+05,3.7103e+05,2.5811e+05,1.9345e+05,1.8045e+05,4.309e+05,3.7764e+05,2.6429e+05,1.9928e+05,1.857e+05,4.2756e+05,4.2302e+05,3.7033e+05,2.573e+05,1.93e+05,1.8002e+05,4.1286e+05,4.1117e+05,4.0786e+05,3.5585e+05,2.4432e+05,1.813e+05,1.7005e+05,4.0975e+05,4.0969e+05,4.082e+05,4.0489e+05,3.5321e+05,2.4174e+05,1.7893e+05,1.6799e+05,4.1403e+05,4.1868e+05,4.1799e+05,4.1614e+05,4.1214e+05,3.5969e+05,2.4743e+05,1.8382e+05,1.7251e+05,3.8599e+05,3.8776e+05,3.9434e+05,3.9475e+05,3.9523e+05,3.9329e+05,3.4363e+05,2.3393e+05,1.7138e+05,1.6192e+05,4.2531e+05,4.2816e+05,4.2677e+05,4.3138e+05,4.2801e+05,4.2503e+05,4.1863e+05,3.6475e+05,2.5338e+05,1.8779e+05,1.7486e+05,3.5381e+05,4.2858e+05,4.3122e+05,4.2968e+05,4.3407e+05,4.3046e+05,4.2714e+05,4.204e+05,3.6641e+05,2.5477e+05,1.8891e+05,1.7576e+05,2.8833e+05,2.7767e+05,3.5768e+05,3.6344e+05,3.6835e+05,3.7856e+05,3.8288e+05,3.869e+05,3.8303e+05,3.3438e+05,2.2881e+05,1.6837e+05,1.5852e+05,1.9977e+05,3.3022e+05,3.164e+05,3.9456e+05,3.9659e+05,3.9817e+05,4.0383e+05,4.0402e+05,4.0632e+05,3.9938e+05,3.473e+05,2.3863e+05,1.763e+05,1.6369e+05,34094,1.2176e+05,2.5806e+05,2.4759e+05,3.3277e+05,3.4095e+05,3.5098e+05,3.6434e+05,3.6765e+05,3.7569e+05,3.7508e+05,3.2882e+05,2.2339e+05,1.662e+05,1.5313e+05
1.4383e+05,1.6792e+05,1.5636e+05,2.5579e+05,1.8558e+05,1.7283e+05,3.8118e+05,2.5856e+05,1.8831e+05,1.7549e+05,4.3376e+05,3.813e+05,2.5877e+05,1.8843e+05,1.7563e+05,4.4112e+05,4.3512e+05,3.8255e+05,2.5993e+05,1.8949e+05,1.7657e+05,4.3201e+05,4.3313e+05,4.2772e+05,3.7546e+05,2.5359e+05,1.8377e+05,1.717e+05,4.3361e+05,4.3706e+05,4.3777e+05,4.3204e+05,3.7934e+05,2.5689e+05,1.8642e+05,1.738e+05,4.063e+05,4.1432e+05,4.1932e+05,4.209e+05,4.1697e+05,3.6568e+05,2.4545e+05,1.7698e+05,1.6517e+05,4.0277e+05,4.009e+05,4.0925e+05,4.1439e+05,4.1648e+05,4.1294e+05,3.6227e+05,2.4251e+05,1.7427e+05,1.6283e+05,3.8611e+05,3.9872e+05,3.9706e+05,4.0559e+05,4.1094e+05,4.1318e+05,4.1005e+05,3.5977e+05,2.4014e+05,1.7213e+05,1.6084e+05,3.3034e+05,3.9724e+05,4.0905e+05,4.069e+05,4.1451e+05,4.1904e+05,4.201e+05,4.1585e+05,3.6513e+05,2.447e+05,1.758e+05,1.6372e+05,3.2288e+05,3.1106e+05,3.7904e+05,3.9138e+05,3.9083e+05,3.9984e+05,4.0623e+05,4.0892e+05,4.0526e+05,3.558e+05,2.37e+05,1.6943e+05,1.5804e+05,1.3349e+05,2.9029e+05,2.8083e+05,3.5021e+05,3.6525e+05,3.6701e+05,3.7941e+05,3.8906e+05,3.9304e+05,3.9162e+05,3.4461e+05,2.2808e+05,1.6198e+05,1.5285e+05,74306,1.5011e+05,3.061e+05,2.9579e+05,3.638e+05,3.7781e+05,3.7787e+05,3.8845e+05,3.9755e+05,4.004e+05,3.9787e+05,3.4976e+05,2.3227e+05,1.6474e+05,1.5585e+05
1.584e+05,1.6179e+05,1.5497e+05,2.051e+05,1.3535e+05,1.3072e+05,3.3469e+05,2.1041e+05,1.4041e+05,1.3556e+05,4.0081e+05,3.5132e+05,2.2591e+05,1.5511e+05,1.4884e+05,4.1254e+05,4.0973e+05,3.5957e+05,2.3377e+05,1.6218e+05,1.5521e+05,4.2156e+05,4.2546e+05,4.2163e+05,3.7086e+05,2.4393e+05,1.7136e+05,1.6304e+05,4.045e+05,4.1387e+05,4.1841e+05,4.1483e+05,3.6478e+05,2.383e+05,1.6649e+05,1.5887e+05,3.8253e+05,3.9511e+05,4.0526e+05,4.1018e+05,4.075e+05,3.5812e+05,2.3277e+05,1.6194e+05,1.5473e+05,3.8138e+05,3.8781e+05,3.9991e+05,4.0967e+05,4.1413e+05,4.1101e+05,3.6111e+05,2.3514e+05,1.6412e+05,1.5654e+05,3.6126e+05,3.7804e+05,3.8461e+05,3.9689e+05,4.0682e+05,4.114e+05,4.0856e+05,3.5899e+05,2.331e+05,1.6224e+05,1.5478e+05,2.8996e+05,3.6228e+05,3.7902e+05,3.8556e+05,3.9781e+05,4.077e+05,4.1216e+05,4.0922e+05,3.5962e+05,2.3364e+05,1.6269e+05,1.5517e+05,3.1804e+05,3.0477e+05,3.7565e+05,3.9138e+05,3.9649e+05,4.0751e+05,4.1565e+05,4.1835e+05,4.1466e+05,3.6394e+05,2.3689e+05,1.6482e+05,1.5641e+05,1.3997e+05,2.9987e+05,2.8787e+05,3.5952e+05,3.767e+05,3.8305e+05,3.9591e+05,4.0586e+05,4.0927e+05,4.0678e+05,3.5737e+05,2.3153e+05,1.6032e+05,1.5321e+05,70664,1.555e+05,3.1458e+05,3.0179e+05,3.7215e+05,3.884e+05,3.932e+05,4.0441e+05,4.1381e+05,4.162e+05,4.1263e+05,3.6223e+05,2.3541e+05,1.6289e+05,1.5604e+05
1.5514e+05,1.7017e+05,1.6105e+05,2.334e+05,1.6592e+05,1.573e+05,3.5558e+05,2.3842e+05,1.7073e+05,1.6185e+05,4.0196e+05,3.5055e+05,2.3394e+05,1.6639e+05,1.5806e+05,4.138e+05,4.0344e+05,3.519e+05,2.3517e+05,1.6749e+05,1.5904e+05,4.1066e+05,4.1042e+05,4.0028e+05,3.4885e+05,2.3248e+05,1.6505e+05,1.5699e+05,4.0461e+05,4.095e+05,4.0941e+05,3.992e+05,3.4787e+05,2.3144e+05,1.6414e+05,1.5614e+05,4.0764e+05,4.2146e+05,4.2517e+05,4.2429e+05,4.1263e+05,3.5997e+05,2.4188e+05,1.729e+05,1.6423e+05,3.8609e+05,3.9615e+05,4.1087e+05,4.1494e+05,4.1515e+05,4.0434e+05,3.5303e+05,2.3596e+05,1.6749e+05,1.5957e+05,3.6854e+05,3.8414e+05,3.9422e+05,4.0909e+05,4.1319e+05,4.1343e+05,4.027e+05,3.516e+05,2.3457e+05,1.6619e+05,1.5835e+05,2.9202e+05,3.6518e+05,3.8106e+05,3.9129e+05,4.0649e+05,4.109e+05,4.1148e+05,4.0108e+05,3.5012e+05,2.3335e+05,1.6521e+05,1.5762e+05,3.1465e+05,3.0039e+05,3.7264e+05,3.8776e+05,3.9712e+05,4.1157e+05,4.1499e+05,4.1445e+05,4.0356e+05,3.5197e+05,2.3459e+05,1.6578e+05,1.5756e+05,1.4423e+05,2.9648e+05,2.8349e+05,3.5654e+05,3.7313e+05,3.8373e+05,4.0002e+05,4.0523e+05,4.054e+05,3.9567e+05,3.4543e+05,2.293e+05,1.6139e+05,1.5442e+05,69039,1.5834e+05,3.0969e+05,2.9596e+05,3.6787e+05,3.8359e+05,3.9285e+05,4.0772e+05,4.1234e+05,4.1165e+05,4.0081e+05,3.4968e+05,2.3277e+05,1.638e+05,1.5708e+05
1.5754e+05,1.6126e+05,1.5314e+05,2.513e+05,1.8128e+05,1.718e+05,3.2103e+05,2.0925e+05,1.4266e+05,1.3492e+05,3.9951e+05,3.4905e+05,2.3531e+05,1.6741e+05,1.5728e+05,3.9803e+05,3.9072e+05,3.4091e+05,2.2751e+05,1.6042e+05,1.5095e+05,3.9414e+05,3.9486e+05,3.8775e+05,3.3805e+05,2.25e+05,1.5813e+05,1.4903e+05,3.8572e+05,3.9229e+05,3.9322e+05,3.8607e+05,3.3656e+05,2.2355e+05,1.5691e+05,1.4796e+05,3.8354e+05,3.9903e+05,4.0468e+05,4.0496e+05,3.9668e+05,3.461e+05,2.3176e+05,1.6377e+05,1.5429e+05,3.8904e+05,3.9373e+05,4.0851e+05,4.1357e+05,4.1306e+05,4.0394e+05,3.5241e+05,2.3692e+05,1.6854e+05,1.5828e+05,3.7654e+05,3.95e+05,3.9908e+05,4.1369e+05,4.1806e+05,4.1698e+05,4.0711e+05,3.5503e+05,2.3929e+05,1.7044e+05,1.5963e+05,2.981e+05,3.7305e+05,3.9177e+05,3.9601e+05,4.1096e+05,4.1565e+05,4.1493e+05,4.0541e+05,3.5347e+05,2.38e+05,1.6941e+05,1.5886e+05,3.1309e+05,3.001e+05,3.7465e+05,3.9287e+05,3.9681e+05,4.1149e+05,4.1589e+05,4.1469e+05,4.0492e+05,3.528e+05,2.372e+05,1.6841e+05,1.5754e+05,1.5081e+05,2.9744e+05,2.8553e+05,3.6079e+05,3.8027e+05,3.8524e+05,4.0149e+05,4.0744e+05,4.0686e+05,3.9807e+05,3.4711e+05,2.3259e+05,1.6456e+05,1.5474e+05,61709,1.5496e+05,3.0134e+05,2.8913e+05,3.6413e+05,3.8358e+05,3.8815e+05,4.0402e+05,4.0973e+05,4.0904e+05,3.9994e+05,3.4888e+05,2.3403e+05,1.6572e+05,1.5598e+05
1.5608e+05,1.6787e+05,1.5978e+05,2.3442e+05,1.6696e+05,1.591e+05,3.6808e+05,2.4672e+05,1.7859e+05,1.7016e+05,4.0179e+05,3.6307e+05,2.4232e+05,1.7424e+05,1.6633e+05,4.1349e+05,3.9943e+05,3.6085e+05,2.4015e+05,1.7231e+05,1.646e+05,4.1044e+05,4.0813e+05,3.9447e+05,3.561e+05,2.3595e+05,1.6852e+05,1.6138e+05,4.1221e+05,4.161e+05,4.1333e+05,3.993e+05,3.6045e+05,2.3975e+05,1.717e+05,1.6399e+05,4.01e+05,4.1387e+05,4.1772e+05,4.1487e+05,4.0074e+05,3.6169e+05,2.4091e+05,1.7271e+05,1.6491e+05,4.0058e+05,3.9828e+05,4.1145e+05,4.1534e+05,4.1291e+05,3.9893e+05,3.603e+05,2.3963e+05,1.7159e+05,1.6384e+05,4.0851e+05,4.2091e+05,4.1693e+05,4.2928e+05,4.3116e+05,4.2706e+05,4.1083e+05,3.7029e+05,2.4876e+05,1.7933e+05,1.6985e+05,3.4141e+05,4.1382e+05,4.2584e+05,4.2161e+05,4.3353e+05,4.3504e+05,4.3035e+05,4.136e+05,3.7287e+05,2.5096e+05,1.8111e+05,1.7126e+05,3.0544e+05,2.9323e+05,3.6897e+05,3.827e+05,3.8261e+05,3.9812e+05,4.0471e+05,4.0446e+05,3.8953e+05,3.5207e+05,2.3406e+05,1.6764e+05,1.5974e+05,1.5006e+05,2.9413e+05,2.8268e+05,3.5897e+05,3.7354e+05,3.7415e+05,3.9077e+05,3.9853e+05,3.9869e+05,3.8446e+05,3.4785e+05,2.3054e+05,1.647e+05,1.5753e+05,71108,1.6892e+05,3.1167e+05,2.9923e+05,3.7408e+05,3.8735e+05,3.8602e+05,4.0069e+05,4.0772e+05,4.0669e+05,3.909e+05,3.5334e+05,2.3497e+05,1.6793e+05,1.6093e+05
1.4761e+05,1.4427e+05,1.3905e+05,2.1482e+05,1.4847e+05,1.4308e+05,3.5265e+05,2.3231e+05,1.6486e+05,1.5869e+05,4.0058e+05,3.5961e+05,2.3895e+05,1.7107e+05,1.6435e+05,4.135e+05,4.0153e+05,3.6048e+05,2.3973e+05,1.7177e+05,1.6498e+05,4.1293e+05,4.1249e+05,4.0058e+05,3.5954e+05,2.3894e+05,1.7105e+05,1.6439e+05,4.0613e+05,4.1212e+05,4.1177e+05,3.9979e+05,3.5887e+05,2.3824e+05,1.7042e+05,1.6381e+05,3.8016e+05,3.9391e+05,4.0092e+05,4.0106e+05,3.902e+05,3.5013e+05,2.3088e+05,1.643e+05,1.5819e+05,3.8396e+05,3.8219e+05,3.9587e+05,4.0267e+05,4.0277e+05,3.917e+05,3.5153e+05,2.3189e+05,1.6526e+05,1.589e+05,3.7556e+05,3.9089e+05,3.884e+05,4.0188e+05,4.0787e+05,4.0735e+05,3.9545e+05,3.5468e+05,2.3474e+05,1.6761e+05,1.6061e+05,3.1001e+05,3.7906e+05,3.9414e+05,3.9149e+05,4.047e+05,4.1046e+05,4.0955e+05,3.9731e+05,3.5642e+05,2.3625e+05,1.6884e+05,1.6159e+05,3.2322e+05,3.1116e+05,3.7989e+05,3.9449e+05,3.9169e+05,4.047e+05,4.1026e+05,4.089e+05,3.9647e+05,3.5538e+05,2.3517e+05,1.6766e+05,1.6014e+05,1.5873e+05,3.1599e+05,3.0436e+05,3.7342e+05,3.8851e+05,3.861e+05,3.9979e+05,4.0612e+05,4.0504e+05,3.9304e+05,3.5245e+05,2.3265e+05,1.6555e+05,1.585e+05,62904,1.6409e+05,3.2118e+05,3.0922e+05,3.779e+05,3.9278e+05,3.8982e+05,4.0289e+05,4.0896e+05,4.0767e+05,3.9526e+05,3.5461e+05,2.3434e+05,1.6691e+05,1.5997e+05
1.6417e+05,1.7323e+05,1.6547e+05,2.2375e+05,1.5922e+05,1.5269e+05,3.5134e+05,2.3056e+05,1.6568e+05,1.5881e+05,4.0219e+05,3.5512e+05,2.3422e+05,1.691e+05,1.6199e+05,4.1399e+05,3.9893e+05,3.521e+05,2.3129e+05,1.6643e+05,1.5954e+05,4.144e+05,4.141e+05,3.9901e+05,3.5215e+05,2.3139e+05,1.6654e+05,1.597e+05,4.0402e+05,4.1117e+05,4.1118e+05,3.9612e+05,3.4955e+05,2.2896e+05,1.6443e+05,1.5784e+05,3.8491e+05,4.0131e+05,4.0875e+05,4.0879e+05,3.94e+05,3.4761e+05,2.2736e+05,1.6311e+05,1.5666e+05,3.9093e+05,3.9324e+05,4.0906e+05,4.1603e+05,4.1544e+05,4e+05,3.5283e+05,2.3163e+05,1.6708e+05,1.6e+05,3.5669e+05,3.7277e+05,3.7628e+05,3.9301e+05,4.0144e+05,4.0216e+05,3.8851e+05,3.4319e+05,2.2267e+05,1.5936e+05,1.5363e+05,2.9198e+05,3.5964e+05,3.7551e+05,3.789e+05,3.9541e+05,4.0365e+05,4.0403e+05,3.901e+05,3.4468e+05,2.2397e+05,1.6041e+05,1.5447e+05,3.131e+05,3.019e+05,3.6861e+05,3.8362e+05,3.8604e+05,4.0167e+05,4.0877e+05,4.0787e+05,3.9342e+05,3.4723e+05,2.2578e+05,1.6149e+05,1.5487e+05,1.5729e+05,3.1179e+05,3.0056e+05,3.6734e+05,3.8235e+05,3.8473e+05,4.0042e+05,4.0767e+05,4.068e+05,3.9234e+05,3.4616e+05,2.2471e+05,1.6057e+05,1.5404e+05,51544,1.5513e+05,3.0995e+05,2.9873e+05,3.6573e+05,3.811e+05,3.8382e+05,3.9968e+05,4.0701e+05,4.0649e+05,3.9223e+05,3.4643e+05,2.2483e+05,1.6091e+05,1.5441e+05
1.4386e+05,1.6043e+05,1.4948e+05,2.1901e+05,1.5557e+05,1.4516e+05,3.4714e+05,2.3289e+05,1.6847e+05,1.575e+05,3.8852e+05,3.4143e+05,2.2773e+05,1.6355e+05,1.5313e+05,3.9997e+05,3.8376e+05,3.3701e+05,2.2347e+05,1.5969e+05,1.4964e+05,3.9917e+05,4.0192e+05,3.8553e+05,3.387e+05,2.2502e+05,1.6112e+05,1.5091e+05,4.1785e+05,4.2258e+05,4.236e+05,4.0611e+05,3.5715e+05,2.4163e+05,1.7521e+05,1.626e+05,3.8301e+05,4.0137e+05,4.0746e+05,4.091e+05,3.931e+05,3.4539e+05,2.3168e+05,1.669e+05,1.5501e+05,4.0409e+05,4.0575e+05,4.2239e+05,4.2743e+05,4.2713e+05,4.094e+05,3.5939e+05,2.4331e+05,1.7763e+05,1.6413e+05,3.667e+05,3.8123e+05,3.8451e+05,4.0226e+05,4.0918e+05,4.1052e+05,3.9509e+05,3.4736e+05,2.3219e+05,1.6805e+05,1.5628e+05,3.0703e+05,3.7859e+05,3.9225e+05,3.95e+05,4.1174e+05,4.1778e+05,4.1786e+05,4.0124e+05,3.5306e+05,2.3707e+05,1.7197e+05,1.5933e+05,3.0939e+05,2.977e+05,3.6973e+05,3.834e+05,3.8682e+05,4.0418e+05,4.1116e+05,4.1187e+05,3.9549e+05,3.4793e+05,2.327e+05,1.6826e+05,1.5584e+05,1.5532e+05,3.0205e+05,2.9083e+05,3.6322e+05,3.7742e+05,3.8126e+05,3.9929e+05,4.0702e+05,4.08e+05,3.9201e+05,3.4494e+05,2.3017e+05,1.6612e+05,1.5416e+05,55039,1.5687e+05,3.0348e+05,2.9209e+05,3.6448e+05,3.7873e+05,3.8254e+05,4.0042e+05,4.0807e+05,4.0917e+05,3.931e+05,3.461e+05,2.3114e+05,1.6706e+05,1.5509e+05
1.4288e+05,1.4271e+05,1.3529e+05,2.2008e+05,1.5606e+05,1.478e+05,3.4044e+05,2.2771e+05,1.6317e+05,1.5462e+05,3.9791e+05,3.4653e+05,2.3343e+05,1.6863e+05,1.5958e+05,4.1738e+05,4.0129e+05,3.4962e+05,2.3633e+05,1.7121e+05,1.6188e+05,4.0297e+05,4.0629e+05,3.9102e+05,3.3983e+05,2.2758e+05,1.6333e+05,1.5523e+05,4.0274e+05,4.0548e+05,4.0862e+05,3.9314e+05,3.417e+05,2.2919e+05,1.6468e+05,1.5627e+05,4.002e+05,4.1201e+05,4.1415e+05,4.1681e+05,4.0052e+05,3.4835e+05,2.3491e+05,1.6946e+05,1.607e+05,3.9911e+05,4.0398e+05,4.1552e+05,4.1747e+05,4.1987e+05,4.0336e+05,3.5088e+05,2.3697e+05,1.7135e+05,1.6234e+05,3.7456e+05,3.8395e+05,3.8989e+05,4.0212e+05,4.053e+05,4.0872e+05,3.9373e+05,3.4274e+05,2.2948e+05,1.6483e+05,1.5699e+05,3.1033e+05,3.8772e+05,3.9613e+05,4.015e+05,4.1261e+05,4.148e+05,4.1681e+05,4.005e+05,3.4902e+05,2.3484e+05,1.6914e+05,1.6035e+05,3.1166e+05,2.9948e+05,3.774e+05,3.8597e+05,3.9212e+05,4.0399e+05,4.0727e+05,4.1011e+05,3.9407e+05,3.4334e+05,2.2998e+05,1.6507e+05,1.5655e+05,1.5853e+05,3.0507e+05,2.9333e+05,3.7156e+05,3.8058e+05,3.8709e+05,3.9955e+05,4.0348e+05,4.0658e+05,3.9089e+05,3.4061e+05,2.2765e+05,1.6309e+05,1.55e+05,62176,1.6506e+05,3.1105e+05,2.9899e+05,3.7683e+05,3.855e+05,3.915e+05,4.0326e+05,4.0683e+05,4.0971e+05,3.9356e+05,3.4294e+05,2.2962e+05,1.6463e+05,1.5665e+05
1.4986e+05,1.4661e+05,1.4791e+05,1.9284e+05,1.3721e+05,1.3934e+05,2.8719e+05,1.7876e+05,1.2434e+05,1.2703e+05,3.2249e+05,2.8449e+05,1.7665e+05,1.223e+05,1.2532e+05,3.3964e+05,3.2858e+05,2.9015e+05,1.8198e+05,1.2703e+05,1.2954e+05,3.4453e+05,3.4924e+05,3.3743e+05,2.985e+05,1.895e+05,1.339e+05,1.3552e+05,3.2319e+05,3.4333e+05,3.4835e+05,3.364e+05,2.9777e+05,1.8901e+05,1.3344e+05,1.3509e+05,3.1717e+05,3.3886e+05,3.5773e+05,3.6188e+05,3.4866e+05,3.0873e+05,1.9819e+05,1.4112e+05,1.4219e+05,3.0054e+05,3.1633e+05,3.3818e+05,3.5686e+05,3.6115e+05,3.4797e+05,3.082e+05,1.9751e+05,1.4057e+05,1.4166e+05,3.4533e+05,3.5659e+05,3.6802e+05,3.8756e+05,4.0122e+05,4.0107e+05,3.8179e+05,3.3649e+05,2.235e+05,1.6262e+05,1.5924e+05,1.3339e+05,2.267e+05,2.4674e+05,2.6351e+05,2.935e+05,3.1637e+05,3.2877e+05,3.213e+05,2.8081e+05,1.7618e+05,1.246e+05,1.2981e+05,2.0693e+05,2.0033e+05,2.8833e+05,3.0493e+05,3.1559e+05,3.4035e+05,3.5603e+05,3.6163e+05,3.5138e+05,3.0619e+05,1.9625e+05,1.3987e+05,1.4197e+05,1.5154e+05,2.9922e+05,2.8564e+05,3.696e+05,3.7811e+05,3.8159e+05,3.9641e+05,4.0293e+05,4.0476e+05,3.8784e+05,3.3524e+05,2.1852e+05,1.5804e+05,1.5399e+05,64329,1.6974e+05,3.1605e+05,3.0157e+05,3.8418e+05,3.9146e+05,3.9312e+05,4.0611e+05,4.1186e+05,4.1258e+05,3.9431e+05,3.4052e+05,2.2283e+05,1.6114e+05,1.5733e+05
1.5925e+05,1.6536e+05,1.6458e+05,2.1075e+05,1.5562e+05,1.5568e+05,3.2179e+05,2.167e+05,1.6124e+05,1.6095e+05,3.4176e+05,3.1197e+05,2.0808e+05,1.53e+05,1.5371e+05,3.604e+05,3.4624e+05,3.1608e+05,2.1188e+05,1.5632e+05,1.5662e+05,3.6796e+05,3.6422e+05,3.498e+05,3.1943e+05,2.1495e+05,1.5919e+05,1.5925e+05,3.4813e+05,3.6541e+05,3.6206e+05,3.4743e+05,3.1745e+05,2.1333e+05,1.5767e+05,1.5785e+05,3.3002e+05,3.4964e+05,3.6672e+05,3.6308e+05,3.4851e+05,3.1831e+05,2.1387e+05,1.5815e+05,1.5836e+05,3.139e+05,3.2594e+05,3.4611e+05,3.6319e+05,3.6007e+05,3.4582e+05,3.1621e+05,2.1192e+05,1.565e+05,1.5689e+05,3.2952e+05,3.3895e+05,3.4893e+05,3.6824e+05,3.8299e+05,3.7786e+05,3.6075e+05,3.2874e+05,2.2337e+05,1.6626e+05,1.6463e+05,1.7304e+05,2.488e+05,2.6419e+05,2.7778e+05,3.0422e+05,3.2525e+05,3.2864e+05,3.1958e+05,2.9088e+05,1.912e+05,1.4037e+05,1.4462e+05,1.8813e+05,2.1399e+05,2.8654e+05,2.9954e+05,3.0934e+05,3.3259e+05,3.4928e+05,3.484e+05,3.3769e+05,3.0603e+05,2.0308e+05,1.4933e+05,1.5167e+05,1.2121e+05,2.4598e+05,2.6754e+05,3.3759e+05,3.455e+05,3.5075e+05,3.6771e+05,3.7862e+05,3.7533e+05,3.6043e+05,3.2415e+05,2.1687e+05,1.6055e+05,1.5899e+05,52409,1.2138e+05,2.4583e+05,2.6768e+05,3.3769e+05,3.4577e+05,3.5115e+05,3.6815e+05,3.7902e+05,3.7586e+05,3.6097e+05,3.2505e+05,2.1763e+05,1.6145e+05,1.5995e+05
1.544e+05,1.669e+05,1.6242e+05,2.122e+05,1.5759e+05,1.5394e+05,3.1782e+05,2.1698e+05,1.6215e+05,1.5819e+05,3.4864e+05,3.1637e+05,2.1591e+05,1.6108e+05,1.5739e+05,3.6059e+05,3.4877e+05,3.1645e+05,2.159e+05,1.6102e+05,1.5727e+05,3.549e+05,3.5246e+05,3.4129e+05,3.0932e+05,2.0957e+05,1.5534e+05,1.5256e+05,3.5632e+05,3.6924e+05,3.6583e+05,3.5382e+05,3.2061e+05,2.1979e+05,1.6399e+05,1.5971e+05,3.4259e+05,3.6074e+05,3.7336e+05,3.6958e+05,3.5726e+05,3.2366e+05,2.2231e+05,1.6607e+05,1.6166e+05,3.3484e+05,3.4309e+05,3.6143e+05,3.7393e+05,3.7027e+05,3.5791e+05,3.2443e+05,2.2287e+05,1.6669e+05,1.6217e+05,3.145e+05,3.2474e+05,3.3359e+05,3.5252e+05,3.6578e+05,3.6287e+05,3.5144e+05,3.19e+05,2.1782e+05,1.6233e+05,1.5858e+05,2.9092e+05,3.5371e+05,3.6103e+05,3.6812e+05,3.8366e+05,3.9393e+05,3.8682e+05,3.715e+05,3.3753e+05,2.3363e+05,1.7498e+05,1.6841e+05,2.5262e+05,2.945e+05,3.5692e+05,3.6362e+05,3.7028e+05,3.8548e+05,3.9541e+05,3.8771e+05,3.7219e+05,3.3787e+05,2.336e+05,1.7475e+05,1.6782e+05,1.0125e+05,2.1042e+05,2.5555e+05,3.1988e+05,3.3016e+05,3.3988e+05,3.5943e+05,3.7347e+05,3.6743e+05,3.5483e+05,3.2382e+05,2.2246e+05,1.6555e+05,1.6138e+05,59581,1.0379e+05,2.1233e+05,2.5785e+05,3.2184e+05,3.3215e+05,3.4178e+05,3.6122e+05,3.7509e+05,3.6901e+05,3.5623e+05,3.2543e+05,2.2382e+05,1.6688e+05,1.627e+05
1.4179e+05,1.583e+05,1.507e+05,2.2177e+05,1.6499e+05,1.5703e+05,3.2335e+05,2.2462e+05,1.6774e+05,1.5958e+05,3.5154e+05,3.18e+05,2.1983e+05,1.6314e+05,1.5557e+05,3.7662e+05,3.6421e+05,3.2965e+05,2.3086e+05,1.7301e+05,1.6443e+05,3.7264e+05,3.708e+05,3.5885e+05,3.2456e+05,2.2637e+05,1.6898e+05,1.611e+05,3.5838e+05,3.7191e+05,3.7021e+05,3.5815e+05,3.2391e+05,2.2574e+05,1.684e+05,1.6053e+05,3.3237e+05,3.4618e+05,3.6072e+05,3.5941e+05,3.4846e+05,3.1511e+05,2.1823e+05,1.6209e+05,1.5475e+05,3.2839e+05,3.3422e+05,3.4805e+05,3.6247e+05,3.6113e+05,3.5005e+05,3.1664e+05,2.1947e+05,1.6329e+05,1.5576e+05,3.1698e+05,3.2831e+05,3.34e+05,3.4791e+05,3.6221e+05,3.6084e+05,3.4967e+05,3.1631e+05,2.1914e+05,1.6291e+05,1.5538e+05,2.7426e+05,3.4046e+05,3.5004e+05,3.5467e+05,3.6655e+05,3.7908e+05,3.7521e+05,3.617e+05,3.2741e+05,2.2863e+05,1.7052e+05,1.6128e+05,2.4431e+05,2.7434e+05,3.4037e+05,3.4962e+05,3.5411e+05,3.6588e+05,3.7838e+05,3.7428e+05,3.6065e+05,3.2631e+05,2.2745e+05,1.6939e+05,1.5991e+05,1.144e+05,2.2046e+05,2.523e+05,3.1937e+05,3.3062e+05,3.3678e+05,3.5098e+05,3.658e+05,3.6265e+05,3.5062e+05,3.1813e+05,2.2087e+05,1.6394e+05,1.5597e+05,55579,1.1554e+05,2.2121e+05,2.5326e+05,3.2021e+05,3.3163e+05,3.3775e+05,3.5191e+05,3.6662e+05,3.636e+05,3.5152e+05,3.1925e+05,2.2185e+05,1.65e+05,1.5695e+05
1.432e+05,1.5451e+05,1.4844e+05,2.1116e+05,1.5455e+05,1.4864e+05,3.1074e+05,2.1223e+05,1.5564e+05,1.4964e+05,3.2716e+05,2.9502e+05,1.9782e+05,1.4187e+05,1.3736e+05,3.3064e+05,3.2389e+05,2.9196e+05,1.9486e+05,1.3919e+05,1.349e+05,3.4688e+05,3.4506e+05,3.3721e+05,3.0468e+05,2.0634e+05,1.4958e+05,1.4383e+05,3.417e+05,3.5745e+05,3.5489e+05,3.4648e+05,3.1299e+05,2.138e+05,1.5591e+05,1.4908e+05,3.237e+05,3.4053e+05,3.5644e+05,3.5382e+05,3.4551e+05,3.1207e+05,2.1302e+05,1.5522e+05,1.4845e+05,3.2441e+05,3.3307e+05,3.4929e+05,3.6477e+05,3.6139e+05,3.5239e+05,3.1807e+05,2.1804e+05,1.5987e+05,1.5242e+05,3.0731e+05,3.1928e+05,3.2823e+05,3.4471e+05,3.6054e+05,3.5751e+05,3.4899e+05,3.1516e+05,2.1534e+05,1.5743e+05,1.5038e+05,2.6954e+05,3.3561e+05,3.4548e+05,3.5315e+05,3.6719e+05,3.8087e+05,3.7483e+05,3.6349e+05,3.2853e+05,2.2675e+05,1.6659e+05,1.5748e+05,2.4243e+05,2.6519e+05,3.3135e+05,3.4114e+05,3.4906e+05,3.6332e+05,3.7738e+05,3.7158e+05,3.6029e+05,3.2563e+05,2.2413e+05,1.6436e+05,1.5517e+05,1.2131e+05,2.2453e+05,2.4862e+05,3.1554e+05,3.2682e+05,3.3597e+05,3.5207e+05,3.6784e+05,3.6274e+05,3.5261e+05,3.1933e+05,2.19e+05,1.601e+05,1.5204e+05,56426,1.2434e+05,2.2709e+05,2.5121e+05,3.1786e+05,3.2914e+05,3.3804e+05,3.5396e+05,3.6959e+05,3.6445e+05,3.5416e+05,3.2095e+05,2.2031e+05,1.6131e+05,1.5321e+05
1.3687e+05,1.4745e+05,1.4151e+05,1.9764e+05,1.4185e+05,1.3647e+05,2.9498e+05,2.0058e+05,1.4465e+05,1.3914e+05,3.1433e+05,2.8829e+05,1.9459e+05,1.3892e+05,1.3407e+05,3.0801e+05,3.089e+05,2.8324e+05,1.8972e+05,1.345e+05,1.3004e+05,3.2431e+05,3.2314e+05,3.2289e+05,2.9659e+05,2.0176e+05,1.4543e+05,1.3945e+05,3.1663e+05,3.3091e+05,3.2933e+05,3.2865e+05,3.0183e+05,2.0652e+05,1.4943e+05,1.4276e+05,2.9946e+05,3.1569e+05,3.3004e+05,3.2837e+05,3.2783e+05,3.0099e+05,2.0574e+05,1.4876e+05,1.4215e+05,2.9313e+05,3.0584e+05,3.2169e+05,3.3572e+05,3.3355e+05,3.3257e+05,3.0514e+05,2.0916e+05,1.5194e+05,1.4486e+05,3.0489e+05,3.1615e+05,3.2707e+05,3.4194e+05,3.5386e+05,3.4982e+05,3.4633e+05,3.1661e+05,2.1973e+05,1.6084e+05,1.5192e+05,1.9303e+05,2.6421e+05,2.7847e+05,2.9121e+05,3.0969e+05,3.2478e+05,3.2506e+05,3.2562e+05,2.9755e+05,2.0354e+05,1.4783e+05,1.4186e+05,1.7127e+05,1.9224e+05,2.6316e+05,2.7718e+05,2.8978e+05,3.0823e+05,3.2329e+05,3.2352e+05,3.2399e+05,2.96e+05,2.0199e+05,1.4643e+05,1.4033e+05,1.1993e+05,2.2259e+05,2.3968e+05,3.0828e+05,3.178e+05,3.2638e+05,3.393e+05,3.492e+05,3.4735e+05,3.4408e+05,3.1198e+05,2.1412e+05,1.563e+05,1.4669e+05,48967,1.2329e+05,2.2552e+05,2.4253e+05,3.1089e+05,3.2034e+05,3.2864e+05,3.4132e+05,3.5098e+05,3.4905e+05,3.4568e+05,3.1359e+05,2.1549e+05,1.5756e+05,1.4792e+05
1.3946e+05,1.4822e+05,1.4407e+05,2.1286e+05,1.5546e+05,1.5087e+05,3.0351e+05,2.1287e+05,1.5555e+05,1.5096e+05,3.1785e+05,2.9513e+05,2.054e+05,1.4842e+05,1.4463e+05,3.0655e+05,3.0817e+05,2.8614e+05,1.9677e+05,1.4058e+05,1.375e+05,3.2204e+05,3.1995e+05,3.2058e+05,2.9799e+05,2.0746e+05,1.5032e+05,1.4593e+05,3.0956e+05,3.208e+05,3.189e+05,3.1936e+05,2.9697e+05,2.066e+05,1.4949e+05,1.4515e+05,2.9692e+05,3.115e+05,3.2257e+05,3.2043e+05,3.2083e+05,2.982e+05,2.0753e+05,1.5026e+05,1.4589e+05,2.9451e+05,3.0897e+05,3.228e+05,3.3328e+05,3.3016e+05,3.2971e+05,3.0593e+05,2.1394e+05,1.5624e+05,1.5099e+05,2.984e+05,3.0757e+05,3.2098e+05,3.343e+05,3.4356e+05,3.3936e+05,3.374e+05,3.1233e+05,2.1982e+05,1.6118e+05,1.549e+05,1.7524e+05,2.4076e+05,2.5419e+05,2.7017e+05,2.8859e+05,3.0233e+05,3.0423e+05,3.0801e+05,2.8529e+05,1.9684e+05,1.4271e+05,1.4061e+05,1.6564e+05,1.9899e+05,2.6245e+05,2.7451e+05,2.8822e+05,3.0474e+05,3.1588e+05,3.1529e+05,3.1802e+05,2.936e+05,2.0319e+05,1.4746e+05,1.4414e+05,1.0684e+05,2.0787e+05,2.3807e+05,2.9962e+05,3.0796e+05,3.1834e+05,3.3028e+05,3.3715e+05,3.3485e+05,3.3451e+05,3.0671e+05,2.131e+05,1.555e+05,1.493e+05,55492,1.0974e+05,2.104e+05,2.4069e+05,3.0195e+05,3.1023e+05,3.2044e+05,3.3218e+05,3.3877e+05,3.3641e+05,3.3598e+05,3.0824e+05,2.1443e+05,1.5671e+05,1.5056e+05
1.3478e+05,1.441e+05,1.3972e+05,2.0984e+05,1.4991e+05,1.4521e+05,3.0608e+05,2.1599e+05,1.5566e+05,1.5069e+05,3.408e+05,3.2054e+05,2.2964e+05,1.6867e+05,1.6246e+05,3.2019e+05,3.235e+05,3.0451e+05,2.143e+05,1.5479e+05,1.4985e+05,3.2056e+05,3.2009e+05,3.2343e+05,3.0449e+05,2.1432e+05,1.5489e+05,1.5009e+05,3.0066e+05,3.0921e+05,3.0968e+05,3.133e+05,2.9546e+05,2.0624e+05,1.4789e+05,1.441e+05,2.8458e+05,3.0078e+05,3.0928e+05,3.0961e+05,3.1333e+05,2.954e+05,2.0604e+05,1.4773e+05,1.4401e+05,2.9316e+05,3.0845e+05,3.2299e+05,3.304e+05,3.287e+05,3.3066e+05,3.1033e+05,2.1849e+05,1.5928e+05,1.5386e+05,2.9264e+05,2.979e+05,3.1278e+05,3.2718e+05,3.3409e+05,3.3197e+05,3.3327e+05,3.125e+05,2.2045e+05,1.609e+05,1.5509e+05,1.8554e+05,2.4803e+05,2.5657e+05,2.7346e+05,2.918e+05,3.0219e+05,3.0479e+05,3.1054e+05,2.9159e+05,2.0269e+05,1.4661e+05,1.4404e+05,1.5e+05,2.0057e+05,2.6166e+05,2.6922e+05,2.8459e+05,3.017e+05,3.1047e+05,3.1143e+05,3.1649e+05,2.9642e+05,2.0624e+05,1.4921e+05,1.4582e+05,83901,1.7647e+05,2.2513e+05,2.85e+05,2.9021e+05,3.0345e+05,3.1763e+05,3.2366e+05,3.2356e+05,3.2668e+05,3.0447e+05,2.1221e+05,1.5402e+05,1.488e+05,56804,93405,1.8501e+05,2.3361e+05,2.9263e+05,2.972e+05,3.0962e+05,3.2299e+05,3.2846e+05,3.2782e+05,3.3032e+05,3.0776e+05,2.1494e+05,1.5619e+05,1.5105e+05
1.4621e+05,1.4819e+05,1.4046e+05,2.1252e+05,1.5046e+05,1.4271e+05,3.1481e+05,2.2211e+05,1.5939e+05,1.5117e+05,3.2783e+05,3.0752e+05,2.1566e+05,1.5323e+05,1.4575e+05,3.4528e+05,3.4231e+05,3.2081e+05,2.2828e+05,1.6445e+05,1.5581e+05,3.4203e+05,3.4356e+05,3.4074e+05,3.1936e+05,2.2703e+05,1.6341e+05,1.5509e+05,3.2239e+05,3.3245e+05,3.3477e+05,3.3214e+05,3.1166e+05,2.2008e+05,1.5733e+05,1.4981e+05,3.1357e+05,3.3089e+05,3.4028e+05,3.4211e+05,3.3883e+05,3.1765e+05,2.2508e+05,1.6156e+05,1.5377e+05,2.873e+05,3.0363e+05,3.2187e+05,3.3168e+05,3.3448e+05,3.32e+05,3.1203e+05,2.2032e+05,1.5733e+05,1.5019e+05,2.985e+05,2.9601e+05,3.1164e+05,3.2953e+05,3.3849e+05,3.406e+05,3.3702e+05,3.1623e+05,2.2413e+05,1.6051e+05,1.5265e+05,2.0152e+05,2.6198e+05,2.622e+05,2.7947e+05,3.0059e+05,3.1241e+05,3.1838e+05,3.1843e+05,2.9912e+05,2.096e+05,1.4881e+05,1.436e+05,1.4491e+05,2.079e+05,2.6762e+05,2.6729e+05,2.8377e+05,3.043e+05,3.1545e+05,3.2062e+05,3.2032e+05,3.0049e+05,2.1041e+05,1.4931e+05,1.4366e+05,74861,1.6166e+05,2.2349e+05,2.8241e+05,2.8054e+05,2.9566e+05,3.1428e+05,3.2368e+05,3.2817e+05,3.2662e+05,3.054e+05,2.1392e+05,1.5211e+05,1.4529e+05,47195,73711,1.6031e+05,2.2261e+05,2.8165e+05,2.7985e+05,2.9532e+05,3.142e+05,3.2351e+05,3.283e+05,3.2689e+05,3.061e+05,2.145e+05,1.5281e+05,1.4597e+05
1.2866e+05,1.2776e+05,1.196e+05,2.0029e+05,1.4061e+05,1.3164e+05,3.0925e+05,2.1735e+05,1.5646e+05,1.4668e+05,3.4588e+05,3.2268e+05,2.3004e+05,1.6853e+05,1.5766e+05,3.3686e+05,3.3569e+05,3.132e+05,2.2092e+05,1.6024e+05,1.5011e+05,3.4522e+05,3.4103e+05,3.3954e+05,3.1691e+05,2.2433e+05,1.6339e+05,1.5293e+05,3.3124e+05,3.416e+05,3.3772e+05,3.3618e+05,3.139e+05,2.2157e+05,1.6087e+05,1.5065e+05,3.1625e+05,3.3752e+05,3.474e+05,3.4317e+05,3.4117e+05,3.1835e+05,2.2531e+05,1.6405e+05,1.5363e+05,2.947e+05,3.105e+05,3.3233e+05,3.4244e+05,3.388e+05,3.3726e+05,3.1522e+05,2.2268e+05,1.6176e+05,1.5171e+05,2.9766e+05,2.99e+05,3.1442e+05,3.3611e+05,3.4574e+05,3.4175e+05,3.3958e+05,3.171e+05,2.2435e+05,1.6313e+05,1.527e+05,2.1087e+05,2.6987e+05,2.7327e+05,2.8995e+05,3.1411e+05,3.2591e+05,3.2486e+05,3.2545e+05,3.041e+05,2.1331e+05,1.5424e+05,1.4583e+05,1.376e+05,2.0991e+05,2.6869e+05,2.7186e+05,2.8841e+05,3.1251e+05,3.2442e+05,3.2335e+05,3.2386e+05,3.025e+05,2.1173e+05,1.5287e+05,1.443e+05,64998,1.4801e+05,2.1963e+05,2.7789e+05,2.8008e+05,2.9575e+05,3.1861e+05,3.2937e+05,3.2788e+05,3.2758e+05,3.0533e+05,2.1364e+05,1.5439e+05,1.4507e+05,60460,79401,1.6108e+05,2.3248e+05,2.8949e+05,2.9066e+05,3.0495e+05,3.2661e+05,3.3667e+05,3.3425e+05,3.3289e+05,3.0986e+05,2.1731e+05,1.5719e+05,1.4792e+05
1.3792e+05,1.3798e+05,1.3385e+05,1.8462e+05,1.3189e+05,1.2837e+05,2.6313e+05,1.7178e+05,1.2026e+05,1.1723e+05,2.7976e+05,2.5399e+05,1.6343e+05,1.1215e+05,1.1005e+05,2.5624e+05,2.6046e+05,2.3615e+05,1.4644e+05,96881,96245,2.6275e+05,2.715e+05,2.7454e+05,2.4962e+05,1.5858e+05,1.0784e+05,1.0561e+05,2.6686e+05,2.7903e+05,2.865e+05,2.8881e+05,2.6244e+05,1.7009e+05,1.1764e+05,1.1386e+05,2.5241e+05,2.7673e+05,2.8825e+05,2.9528e+05,2.9665e+05,2.6946e+05,1.7606e+05,1.2261e+05,1.1837e+05,2.5736e+05,2.7207e+05,2.9499e+05,3.0567e+05,3.1104e+05,3.1086e+05,2.8172e+05,1.8633e+05,1.3212e+05,1.2642e+05,2.889e+05,2.9189e+05,3.0387e+05,3.2517e+05,3.3269e+05,3.3546e+05,3.3152e+05,2.9896e+05,2.0219e+05,1.4552e+05,1.3705e+05,3.1605e+05,3.6929e+05,3.6633e+05,3.7472e+05,3.8899e+05,3.9033e+05,3.8457e+05,3.7261e+05,3.3681e+05,2.3441e+05,1.714e+05,1.571e+05,2.2418e+05,2.9755e+05,3.5194e+05,3.4966e+05,3.5955e+05,3.7504e+05,3.7837e+05,3.7427e+05,3.6289e+05,3.2828e+05,2.2728e+05,1.6569e+05,1.5188e+05,68323,1.5112e+05,2.3002e+05,2.8756e+05,2.9153e+05,3.0688e+05,3.3002e+05,3.4048e+05,3.3937e+05,3.3311e+05,3.0421e+05,2.0836e+05,1.5019e+05,1.4123e+05,46504,62459,1.4554e+05,2.2507e+05,2.8313e+05,2.8763e+05,3.0378e+05,3.2769e+05,3.3826e+05,3.3769e+05,3.3193e+05,3.0367e+05,2.0776e+05,1.5012e+05,1.4108e+05
1.2731e+05,1.441e+05,1.3336e+05,1.9838e+05,1.4686e+05,1.3604e+05,3.0771e+05,2.1613e+05,1.634e+05,1.5193e+05,3.3718e+05,3.2323e+05,2.3029e+05,1.768e+05,1.6389e+05,3.8419e+05,3.8532e+05,3.6775e+05,2.7273e+05,2.15e+05,1.9837e+05,1.4169e+05,1.6685e+05,1.8463e+05,1.7646e+05,1.0094e+05,59685,66017,1.4755e+05,1.5696e+05,1.8087e+05,1.9809e+05,1.8862e+05,1.1205e+05,69367,74359,1.4069e+05,1.613e+05,1.6981e+05,1.931e+05,2.0895e+05,1.9831e+05,1.2016e+05,75982,80322,2.4628e+05,2.5342e+05,2.6557e+05,2.6928e+05,2.8267e+05,2.8986e+05,2.6734e+05,1.7793e+05,1.291e+05,1.2539e+05,2.9584e+05,2.8889e+05,2.9264e+05,3.0276e+05,3.026e+05,3.1279e+05,3.1543e+05,2.8879e+05,1.9774e+05,1.459e+05,1.3877e+05,2.9805e+05,3.3907e+05,3.2893e+05,3.3072e+05,3.3702e+05,3.3355e+05,3.3919e+05,3.3751e+05,3.0912e+05,2.1507e+05,1.5986e+05,1.496e+05,2.3961e+05,2.8768e+05,3.2926e+05,3.1956e+05,3.2217e+05,3.2904e+05,3.2659e+05,3.33e+05,3.3149e+05,3.0372e+05,2.1047e+05,1.5608e+05,1.4595e+05,1.0473e+05,1.9393e+05,2.4532e+05,2.8876e+05,2.8293e+05,2.8899e+05,3.0064e+05,3.0273e+05,3.1109e+05,3.1279e+05,2.8857e+05,1.9849e+05,1.4629e+05,1.391e+05,52444,97972,1.8779e+05,2.3955e+05,2.8354e+05,2.7818e+05,2.8501e+05,2.9732e+05,2.9945e+05,3.0852e+05,3.1089e+05,2.8746e+05,1.975e+05,1.4603e+05,1.3879e+05
1.3919e+05,1.5689e+05,1.4464e+05,1.9907e+05,1.446e+05,1.3349e+05,3.1257e+05,2.1827e+05,1.6229e+05,1.5037e+05,3.479e+05,3.2235e+05,2.2719e+05,1.7086e+05,1.5812e+05,3.5092e+05,3.4629e+05,3.2086e+05,2.2571e+05,1.6949e+05,1.5678e+05,3.8405e+05,3.8689e+05,3.7944e+05,3.5251e+05,2.5424e+05,1.953e+05,1.7877e+05,3.1309e+05,3.7643e+05,3.7987e+05,3.7283e+05,3.4647e+05,2.4871e+05,1.905e+05,1.7466e+05,2.733e+05,2.861e+05,3.5162e+05,3.5613e+05,3.5137e+05,3.2704e+05,2.3224e+05,1.767e+05,1.6199e+05,2.5462e+05,2.4094e+05,2.563e+05,3.2359e+05,3.3091e+05,3.2866e+05,3.0758e+05,2.1609e+05,1.6172e+05,1.4934e+05,2.3545e+05,1.9417e+05,1.8499e+05,2.0287e+05,2.7564e+05,2.875e+05,2.9194e+05,2.7673e+05,1.878e+05,1.3743e+05,1.2976e+05,2.4075e+05,2.6334e+05,2.2001e+05,2.0951e+05,2.2497e+05,2.9567e+05,3.0459e+05,3.0624e+05,2.8995e+05,1.9909e+05,1.4656e+05,1.3681e+05,2.0951e+05,2.4463e+05,2.6676e+05,2.2331e+05,2.1213e+05,2.2724e+05,2.9708e+05,3.0543e+05,3.0651e+05,2.8999e+05,1.9895e+05,1.4645e+05,1.3619e+05,1.2305e+05,2.1461e+05,2.4924e+05,2.7088e+05,2.2696e+05,2.1525e+05,2.3e+05,2.9957e+05,3.0777e+05,3.0834e+05,2.9121e+05,1.9955e+05,1.4691e+05,1.3623e+05,57211,1.3081e+05,2.217e+05,2.5626e+05,2.7689e+05,2.3228e+05,2.1926e+05,2.3308e+05,3.0299e+05,3.1086e+05,3.1113e+05,2.9388e+05,2.0177e+05,1.4867e+05,1.3804e+05
1.2621e+05,1.3692e+05,1.2695e+05,2.0201e+05,1.4646e+05,1.3596e+05,2.9496e+05,2.0656e+05,1.5054e+05,1.3988e+05,3.1991e+05,2.925e+05,2.0438e+05,1.4862e+05,1.3823e+05,3.2903e+05,3.2072e+05,2.9321e+05,2.0497e+05,1.4904e+05,1.3853e+05,3.6519e+05,3.6705e+05,3.5576e+05,3.2665e+05,2.3507e+05,1.7633e+05,1.6185e+05,3.1006e+05,3.6602e+05,3.679e+05,3.5652e+05,3.2728e+05,2.3557e+05,1.7657e+05,1.6186e+05,2.8034e+05,3.0088e+05,3.5754e+05,3.597e+05,3.4915e+05,3.2061e+05,2.2995e+05,1.7193e+05,1.5768e+05,2.6149e+05,2.6485e+05,2.8652e+05,3.4396e+05,3.474e+05,3.3811e+05,3.1115e+05,2.2211e+05,1.6473e+05,1.5166e+05,2.6716e+05,2.415e+05,2.4647e+05,2.6897e+05,3.2827e+05,3.3309e+05,3.2596e+05,3.0082e+05,2.1258e+05,1.5644e+05,1.4494e+05,1.5652e+05,2.0238e+05,1.8155e+05,1.8941e+05,2.1763e+05,2.8199e+05,2.937e+05,2.9299e+05,2.7047e+05,1.8679e+05,1.3576e+05,1.2891e+05,1.4231e+05,1.7187e+05,2.1619e+05,1.946e+05,2.0068e+05,2.2763e+05,2.9004e+05,3.0019e+05,2.9866e+05,2.7514e+05,1.9026e+05,1.3836e+05,1.3055e+05,1.1416e+05,1.99e+05,2.2428e+05,2.6596e+05,2.395e+05,2.4116e+05,2.6212e+05,3.1892e+05,3.2673e+05,3.2098e+05,2.9283e+05,2.0368e+05,1.4931e+05,1.3767e+05,64056,1.3119e+05,2.1452e+05,2.3909e+05,2.7926e+05,2.5162e+05,2.514e+05,2.7075e+05,3.2724e+05,3.34e+05,3.2703e+05,2.9781e+05,2.0781e+05,1.5229e+05,1.4081e+05
1.3744e+05,1.4157e+05,1.3129e+05,2.0496e+05,1.4847e+05,1.3787e+05,2.9799e+05,2.0716e+05,1.5038e+05,1.3969e+05,3.1953e+05,2.9078e+05,2.0065e+05,1.4433e+05,1.3437e+05,3.3212e+05,3.228e+05,2.9372e+05,2.0338e+05,1.4665e+05,1.3639e+05,3.5798e+05,3.5687e+05,3.4562e+05,3.1553e+05,2.2301e+05,1.645e+05,1.517e+05,3.1489e+05,3.5964e+05,3.5843e+05,3.4696e+05,3.1665e+05,2.2393e+05,1.6508e+05,1.5196e+05,2.9092e+05,3.1322e+05,3.5807e+05,3.5686e+05,3.4562e+05,3.1546e+05,2.2296e+05,1.6435e+05,1.5138e+05,2.6753e+05,2.7846e+05,3.0161e+05,3.4705e+05,3.4688e+05,3.3671e+05,3.0791e+05,2.1672e+05,1.5868e+05,1.4664e+05,2.6354e+05,2.473e+05,2.5989e+05,2.8387e+05,3.3113e+05,3.3235e+05,3.2426e+05,2.9732e+05,2.069e+05,1.5018e+05,1.3977e+05,1.7814e+05,2.3234e+05,2.1842e+05,2.3242e+05,2.5918e+05,3.0889e+05,3.1342e+05,3.0841e+05,2.8274e+05,1.9451e+05,1.4024e+05,1.3207e+05,1.3433e+05,1.8381e+05,2.3714e+05,2.2285e+05,2.3597e+05,2.6223e+05,3.1113e+05,3.1507e+05,3.0974e+05,2.8367e+05,1.9492e+05,1.4039e+05,1.3174e+05,89290,1.6656e+05,2.1371e+05,2.6553e+05,2.4844e+05,2.59e+05,2.8176e+05,3.2736e+05,3.2991e+05,3.2217e+05,2.9349e+05,2.0225e+05,1.4635e+05,1.3553e+05,46095,89624,1.6651e+05,2.1389e+05,2.6577e+05,2.4885e+05,2.5952e+05,2.824e+05,3.281e+05,3.3066e+05,3.2293e+05,2.9438e+05,2.0298e+05,1.4706e+05,1.363e+05
1.4899e+05,1.5907e+05,1.4701e+05,2.2082e+05,1.6564e+05,1.5332e+05,3.2139e+05,2.2487e+05,1.6938e+05,1.5683e+05,3.4799e+05,3.1139e+05,2.1576e+05,1.6074e+05,1.4922e+05,3.5248e+05,3.4343e+05,3.0706e+05,2.1157e+05,1.5689e+05,1.4568e+05,3.8263e+05,3.7678e+05,3.6582e+05,3.2849e+05,2.3088e+05,1.744e+05,1.6067e+05,3.4502e+05,3.7583e+05,3.7038e+05,3.5959e+05,3.2272e+05,2.2542e+05,1.6959e+05,1.5647e+05,3.3868e+05,3.5629e+05,3.8629e+05,3.8039e+05,3.6862e+05,3.3093e+05,2.3257e+05,1.7564e+05,1.6207e+05,2.9754e+05,3.072e+05,3.2712e+05,3.586e+05,3.555e+05,3.4625e+05,3.1202e+05,2.1685e+05,1.6123e+05,1.4986e+05,2.9364e+05,2.8092e+05,2.9195e+05,3.1247e+05,3.4535e+05,3.4342e+05,3.3587e+05,3.0315e+05,2.0865e+05,1.5412e+05,1.441e+05,2.7305e+05,3.2994e+05,3.1454e+05,3.2396e+05,3.4133e+05,3.7142e+05,3.6564e+05,3.5446e+05,3.2028e+05,2.2323e+05,1.6585e+05,1.5319e+05,1.9804e+05,2.5106e+05,3.0913e+05,2.9465e+05,3.0573e+05,3.2469e+05,3.5698e+05,3.5331e+05,3.429e+05,3.102e+05,2.1477e+05,1.5907e+05,1.471e+05,78707,1.5105e+05,2.0772e+05,2.6779e+05,2.5734e+05,2.7189e+05,2.9574e+05,3.3253e+05,3.3071e+05,3.2357e+05,2.9456e+05,2.0239e+05,1.4891e+05,1.4005e+05,62696,91779,1.628e+05,2.1917e+05,2.7827e+05,2.6702e+05,2.8037e+05,3.0308e+05,3.3932e+05,3.3651e+05,3.2837e+05,2.9858e+05,2.0565e+05,1.5134e+05,1.4265e+05
1.3482e+05,1.5955e+05,1.4698e+05,2.2152e+05,1.6718e+05,1.5428e+05,3.1458e+05,2.1557e+05,1.6176e+05,1.4907e+05,3.5402e+05,3.1377e+05,2.1489e+05,1.611e+05,1.4861e+05,3.5722e+05,3.5206e+05,3.1186e+05,2.1305e+05,1.5942e+05,1.4707e+05,3.7022e+05,3.6578e+05,3.5991e+05,3.1941e+05,2.1988e+05,1.6559e+05,1.5235e+05,3.487e+05,3.6855e+05,3.6407e+05,3.5819e+05,3.1772e+05,2.1808e+05,1.6398e+05,1.509e+05,3.3674e+05,3.5558e+05,3.7501e+05,3.7032e+05,3.6383e+05,3.2285e+05,2.2265e+05,1.6785e+05,1.5447e+05,3.2312e+05,3.29e+05,3.4833e+05,3.6816e+05,3.6422e+05,3.5838e+05,3.1834e+05,2.1894e+05,1.6446e+05,1.5157e+05,3.1983e+05,3.1654e+05,3.23e+05,3.4248e+05,3.6275e+05,3.5923e+05,3.5402e+05,3.1454e+05,2.1542e+05,1.6134e+05,1.4898e+05,2.8856e+05,3.5108e+05,3.4549e+05,3.5056e+05,3.6732e+05,3.8519e+05,3.7838e+05,3.7004e+05,3.2928e+05,2.2797e+05,1.7147e+05,1.5683e+05,2.1614e+05,2.5666e+05,3.2106e+05,3.1682e+05,3.2451e+05,3.4354e+05,3.6465e+05,3.6091e+05,3.537e+05,3.1512e+05,2.1623e+05,1.6207e+05,1.4854e+05,98969,1.7609e+05,2.1964e+05,2.8574e+05,2.8493e+05,2.9556e+05,3.1875e+05,3.4369e+05,3.4155e+05,3.3713e+05,3.0168e+05,2.0558e+05,1.5335e+05,1.4244e+05,66238,1.0995e+05,1.8615e+05,2.2923e+05,2.9461e+05,2.9319e+05,3.0274e+05,3.25e+05,3.4932e+05,3.4639e+05,3.4118e+05,3.0509e+05,2.0826e+05,1.5543e+05,1.4463e+05
1.3208e+05,1.3838e+05,1.2969e+05,2.0006e+05,1.4442e+05,1.3552e+05,3.1356e+05,2.1239e+05,1.5588e+05,1.4647e+05,3.4656e+05,3.0874e+05,2.0798e+05,1.5166e+05,1.4275e+05,3.439e+05,3.4057e+05,3.0315e+05,2.0265e+05,1.4688e+05,1.3844e+05,3.4812e+05,3.4665e+05,3.4305e+05,3.0556e+05,2.0483e+05,1.4883e+05,1.4009e+05,3.4628e+05,3.6192e+05,3.5925e+05,3.5502e+05,3.162e+05,2.1423e+05,1.5681e+05,1.4671e+05,3.1439e+05,3.3568e+05,3.5224e+05,3.5011e+05,3.4681e+05,3.088e+05,2.0811e+05,1.5171e+05,1.4203e+05,3.2038e+05,3.2395e+05,3.4439e+05,3.6058e+05,3.5765e+05,3.5363e+05,3.1472e+05,2.1309e+05,1.5626e+05,1.4585e+05,3.1127e+05,3.1209e+05,3.1632e+05,3.37e+05,3.5375e+05,3.514e+05,3.4821e+05,3.1005e+05,2.0877e+05,1.5247e+05,1.4269e+05,2.7127e+05,3.387e+05,3.3751e+05,3.4051e+05,3.588e+05,3.7346e+05,3.6822e+05,3.6228e+05,3.23e+05,2.1981e+05,1.6139e+05,1.4962e+05,2.2426e+05,2.5588e+05,3.2396e+05,3.2337e+05,3.2758e+05,3.4686e+05,3.6297e+05,3.5912e+05,3.5362e+05,3.1535e+05,2.133e+05,1.5603e+05,1.446e+05,1.0956e+05,1.9607e+05,2.2978e+05,2.9902e+05,3.0079e+05,3.0704e+05,3.2925e+05,3.4805e+05,3.4534e+05,3.418e+05,3.0573e+05,2.0559e+05,1.4972e+05,1.4012e+05,57993,1.162e+05,2.0229e+05,2.356e+05,3.0451e+05,3.0598e+05,3.1151e+05,3.3317e+05,3.5151e+05,3.4836e+05,3.4435e+05,3.0804e+05,2.0734e+05,1.5112e+05,1.4163e+05
1.3023e+05,1.4244e+05,1.3457e+05,2.0201e+05,1.4755e+05,1.395e+05,3.1668e+05,2.1397e+05,1.5867e+05,1.5009e+05,3.4737e+05,3.0893e+05,2.07e+05,1.5201e+05,1.4423e+05,3.4905e+05,3.4327e+05,3.051e+05,2.0332e+05,1.4868e+05,1.412e+05,3.5479e+05,3.5424e+05,3.4803e+05,3.0965e+05,2.0742e+05,1.5239e+05,1.444e+05,3.5008e+05,3.6607e+05,3.6461e+05,3.578e+05,3.1834e+05,2.1519e+05,1.5893e+05,1.4976e+05,3.2241e+05,3.3998e+05,3.5682e+05,3.5579e+05,3.4993e+05,3.1126e+05,2.0923e+05,1.5399e+05,1.4527e+05,3.1161e+05,3.2231e+05,3.3985e+05,3.5667e+05,3.557e+05,3.4985e+05,3.1132e+05,2.0922e+05,1.54e+05,1.4522e+05,3.1782e+05,3.1531e+05,3.2573e+05,3.4306e+05,3.5942e+05,3.5811e+05,3.5175e+05,3.1282e+05,2.1055e+05,1.5503e+05,1.4597e+05,1.6942e+05,2.453e+05,2.4818e+05,2.6185e+05,2.8555e+05,3.0755e+05,3.1394e+05,3.1479e+05,2.7876e+05,1.8162e+05,1.3185e+05,1.2802e+05,1.9919e+05,2.262e+05,2.9736e+05,2.9761e+05,3.0611e+05,3.2525e+05,3.41e+05,3.4164e+05,3.4003e+05,2.9995e+05,1.9825e+05,1.4444e+05,1.3774e+05,1.1567e+05,2.0632e+05,2.3275e+05,3.0349e+05,3.0304e+05,3.1091e+05,3.2923e+05,3.4418e+05,3.4456e+05,3.4238e+05,3.0169e+05,1.9934e+05,1.4533e+05,1.3811e+05,52987,1.2173e+05,2.1201e+05,2.3805e+05,3.0846e+05,3.0769e+05,3.1494e+05,3.327e+05,3.4723e+05,3.4728e+05,3.4472e+05,3.0381e+05,2.0094e+05,1.4663e+05,1.3955e+05
1.2329e+05,1.2655e+05,1.2212e+05,1.8606e+05,1.3146e+05,1.2687e+05,2.9379e+05,1.9037e+05,1.3552e+05,1.3076e+05,3.417e+05,2.9878e+05,1.9507e+05,1.3998e+05,1.3485e+05,3.4812e+05,3.4544e+05,3.0218e+05,1.9832e+05,1.4288e+05,1.3748e+05,3.575e+05,3.5861e+05,3.5507e+05,3.1141e+05,2.0661e+05,1.5037e+05,1.4387e+05,3.4359e+05,3.5524e+05,3.5642e+05,3.5292e+05,3.0938e+05,2.0465e+05,1.4866e+05,1.4237e+05,3.2573e+05,3.4008e+05,3.521e+05,3.5347e+05,3.5029e+05,3.0702e+05,2.0274e+05,1.4708e+05,1.4094e+05,3.2359e+05,3.3476e+05,3.4837e+05,3.6002e+05,3.6062e+05,3.5679e+05,3.1265e+05,2.0745e+05,1.5139e+05,1.4458e+05,3.1941e+05,3.1776e+05,3.2937e+05,3.4312e+05,3.5518e+05,3.5616e+05,3.5288e+05,3.0926e+05,2.0432e+05,1.4859e+05,1.4225e+05,2.8661e+05,3.5582e+05,3.5148e+05,3.6147e+05,3.7205e+05,3.8132e+05,3.7845e+05,3.7155e+05,3.2646e+05,2.1897e+05,1.6039e+05,1.5141e+05,2.1328e+05,2.5917e+05,3.3e+05,3.2676e+05,3.3895e+05,3.5148e+05,3.6351e+05,3.6322e+05,3.5724e+05,3.1404e+05,2.086e+05,1.521e+05,1.4399e+05,1.1302e+05,1.8562e+05,2.3362e+05,3.0557e+05,3.0467e+05,3.1886e+05,3.3425e+05,3.4891e+05,3.4975e+05,3.4566e+05,3.0463e+05,2.0103e+05,1.459e+05,1.3956e+05,53648,1.1391e+05,1.8617e+05,2.3435e+05,3.0631e+05,3.0548e+05,3.197e+05,3.351e+05,3.4953e+05,3.5048e+05,3.4635e+05,3.0556e+05,2.0161e+05,1.4659e+05,1.4025e+05
1.4551e+05,1.5235e+05,1.5143e+05,2.0436e+05,1.5006e+05,1.4952e+05,3.061e+05,1.9917e+05,1.4535e+05,1.4502e+05,3.5232e+05,3.057e+05,1.9888e+05,1.4505e+05,1.4486e+05,3.6107e+05,3.5467e+05,3.0781e+05,2.0088e+05,1.4683e+05,1.4644e+05,3.6256e+05,3.6121e+05,3.5475e+05,3.0792e+05,2.01e+05,1.4692e+05,1.4655e+05,3.597e+05,3.6641e+05,3.6464e+05,3.5796e+05,3.1072e+05,2.0336e+05,1.489e+05,1.4814e+05,3.3969e+05,3.5531e+05,3.6244e+05,3.609e+05,3.546e+05,3.0769e+05,2.0091e+05,1.4687e+05,1.4628e+05,3.1386e+05,3.2637e+05,3.4295e+05,3.5071e+05,3.504e+05,3.4514e+05,2.9975e+05,1.9426e+05,1.4072e+05,1.4102e+05,3.0825e+05,3.0496e+05,3.1815e+05,3.3501e+05,3.4344e+05,3.4375e+05,3.3938e+05,2.948e+05,1.897e+05,1.367e+05,1.3772e+05,2.5587e+05,3.2847e+05,3.2369e+05,3.3598e+05,3.5108e+05,3.5798e+05,3.5615e+05,3.4976e+05,3.0437e+05,1.9786e+05,1.433e+05,1.4285e+05,2.1736e+05,2.5342e+05,3.2576e+05,3.2098e+05,3.333e+05,3.4842e+05,3.554e+05,3.5368e+05,3.4719e+05,3.0195e+05,1.9554e+05,1.4123e+05,1.4051e+05,1.2436e+05,2.0504e+05,2.4201e+05,3.1477e+05,3.1098e+05,3.2416e+05,3.4053e+05,3.4863e+05,3.4744e+05,3.4174e+05,2.9745e+05,1.9177e+05,1.3819e+05,1.3824e+05,60747,1.3203e+05,2.1206e+05,2.4876e+05,3.2098e+05,3.1668e+05,3.2912e+05,3.4484e+05,3.5242e+05,3.5084e+05,3.4457e+05,2.9998e+05,1.9365e+05,1.3968e+05,1.3986e+05
1.4274e+05,1.5351e+05,1.5692e+05,1.9041e+05,1.3944e+05,1.4413e+05,2.8212e+05,1.7832e+05,1.284e+05,1.3362e+05,3.1212e+05,2.7126e+05,1.6836e+05,1.1887e+05,1.2513e+05,3.2392e+05,3.2194e+05,2.8029e+05,1.7697e+05,1.2661e+05,1.3215e+05,3.3205e+05,3.3193e+05,3.2928e+05,2.8729e+05,1.8327e+05,1.3228e+05,1.3696e+05,3.3591e+05,3.4287e+05,3.4181e+05,3.3869e+05,2.9572e+05,1.9075e+05,1.3868e+05,1.4234e+05,3.287e+05,3.4472e+05,3.5107e+05,3.4969e+05,3.4574e+05,3.0206e+05,1.9626e+05,1.4329e+05,1.4655e+05,3.0925e+05,3.2273e+05,3.3916e+05,3.458e+05,3.4498e+05,3.4149e+05,2.985e+05,1.9326e+05,1.4046e+05,1.4408e+05,3.2142e+05,3.2236e+05,3.3487e+05,3.5062e+05,3.5599e+05,3.5409e+05,3.4917e+05,3.0482e+05,1.9911e+05,1.453e+05,1.4788e+05,2.7284e+05,3.4672e+05,3.4579e+05,3.5717e+05,3.7073e+05,3.7417e+05,3.696e+05,3.6217e+05,3.168e+05,2.0931e+05,1.5354e+05,1.5429e+05,2.2429e+05,2.5173e+05,3.2671e+05,3.2658e+05,3.3962e+05,3.5462e+05,3.6013e+05,3.5755e+05,3.5075e+05,3.0686e+05,2.0095e+05,1.468e+05,1.4809e+05,1.2845e+05,2.0729e+05,2.3599e+05,3.1164e+05,3.1293e+05,3.2718e+05,3.4392e+05,3.5101e+05,3.4914e+05,3.4343e+05,3.0088e+05,1.9604e+05,1.4282e+05,1.4516e+05,72738,1.4611e+05,2.2353e+05,2.514e+05,3.2562e+05,3.2571e+05,3.3815e+05,3.5327e+05,3.5951e+05,3.5653e+05,3.4945e+05,3.0593e+05,2.0001e+05,1.4573e+05,1.483e+05
1.398e+05,1.4958e+05,1.5129e+05,2.0495e+05,1.493e+05,1.5121e+05,3.0395e+05,2.0644e+05,1.5074e+05,1.5259e+05,3.4568e+05,3.1183e+05,2.1392e+05,1.5789e+05,1.5911e+05,3.2966e+05,3.2843e+05,2.9583e+05,1.9861e+05,1.441e+05,1.4665e+05,3.3785e+05,3.3022e+05,3.289e+05,2.9629e+05,1.9904e+05,1.4452e+05,1.4704e+05,3.4038e+05,3.4618e+05,3.379e+05,3.3609e+05,3.0279e+05,2.0488e+05,1.4944e+05,1.5113e+05,3.2893e+05,3.4337e+05,3.4892e+05,3.4048e+05,3.3848e+05,3.0489e+05,2.0669e+05,1.5097e+05,1.5255e+05,3.0873e+05,3.2187e+05,3.3683e+05,3.4267e+05,3.349e+05,3.3347e+05,3.0068e+05,2.0313e+05,1.4767e+05,1.4968e+05,3.0139e+05,3.0772e+05,3.2098e+05,3.3599e+05,3.4181e+05,3.3398e+05,3.3259e+05,2.9984e+05,2.0236e+05,1.4693e+05,1.4903e+05,1.59e+05,2.3588e+05,2.4707e+05,2.6326e+05,2.8405e+05,2.9496e+05,2.9409e+05,2.9922e+05,2.6913e+05,1.7626e+05,1.26e+05,1.3285e+05,1.4308e+05,1.6936e+05,2.4497e+05,2.5544e+05,2.7047e+05,2.9036e+05,2.9997e+05,2.9801e+05,3.0253e+05,2.7172e+05,1.7795e+05,1.2707e+05,1.3315e+05,1.2726e+05,2.1197e+05,2.3305e+05,3.0554e+05,3.1001e+05,3.1968e+05,3.3217e+05,3.3486e+05,3.3013e+05,3.2966e+05,2.9339e+05,1.9448e+05,1.4062e+05,1.42e+05,51511,1.3207e+05,2.1641e+05,2.3717e+05,3.093e+05,3.1361e+05,3.2277e+05,3.3487e+05,3.372e+05,3.3225e+05,3.3144e+05,2.952e+05,1.9589e+05,1.4185e+05,1.4336e+05
1.333e+05,1.3723e+05,1.4168e+05,1.8328e+05,1.2705e+05,1.3245e+05,2.7022e+05,1.7812e+05,1.2231e+05,1.2795e+05,3.0334e+05,2.7677e+05,1.844e+05,1.2834e+05,1.3346e+05,3.0902e+05,3.0792e+05,2.8095e+05,1.8835e+05,1.3184e+05,1.3662e+05,3.2142e+05,3.1927e+05,3.1733e+05,2.8991e+05,1.9641e+05,1.3918e+05,1.4293e+05,3.1006e+05,3.2095e+05,3.1887e+05,3.1682e+05,2.8955e+05,1.9613e+05,1.3887e+05,1.4262e+05,2.9787e+05,3.1365e+05,3.242e+05,3.219e+05,3.1963e+05,2.9201e+05,1.9816e+05,1.406e+05,1.4424e+05,2.9044e+05,3.0628e+05,3.214e+05,3.3152e+05,3.2849e+05,3.256e+05,2.9713e+05,2.0238e+05,1.445e+05,1.4748e+05,2.905e+05,3.0131e+05,3.1636e+05,3.3104e+05,3.4012e+05,3.3613e+05,3.3198e+05,3.0239e+05,2.0719e+05,1.4851e+05,1.5064e+05,1.699e+05,2.479e+05,2.6188e+05,2.7883e+05,2.9728e+05,3.097e+05,3.1024e+05,3.1032e+05,2.8248e+05,1.9027e+05,1.3493e+05,1.4015e+05,1.365e+05,1.8113e+05,2.5783e+05,2.71e+05,2.8669e+05,3.0421e+05,3.1531e+05,3.1467e+05,3.1417e+05,2.8551e+05,1.923e+05,1.3631e+05,1.4076e+05,1.0057e+05,1.8022e+05,2.2164e+05,2.9638e+05,3.0572e+05,3.1795e+05,3.307e+05,3.3735e+05,3.3494e+05,3.3123e+05,2.991e+05,2.0254e+05,1.4467e+05,1.4612e+05,53470,1.0617e+05,1.8524e+05,2.2652e+05,3.008e+05,3.0996e+05,3.2171e+05,3.3397e+05,3.403e+05,3.3765e+05,3.3347e+05,3.0132e+05,2.0435e+05,1.4614e+05,1.4771e+05
1.2972e+05,1.2206e+05,1.2801e+05,1.8994e+05,1.3241e+05,1.3774e+05,2.7679e+05,1.9044e+05,1.329e+05,1.382e+05,3.0805e+05,2.8541e+05,1.9856e+05,1.4069e+05,1.4528e+05,3.0064e+05,2.9855e+05,2.7657e+05,1.901e+05,1.3303e+05,1.3836e+05,2.9078e+05,2.8749e+05,2.8637e+05,2.6498e+05,1.7971e+05,1.2369e+05,1.3046e+05,2.8135e+05,2.9142e+05,2.8808e+05,2.8681e+05,2.6547e+05,1.8018e+05,1.2407e+05,1.3076e+05,2.8152e+05,2.9935e+05,3.0798e+05,3.0382e+05,3.0101e+05,2.782e+05,1.9095e+05,1.3307e+05,1.3903e+05,2.7612e+05,2.9145e+05,3.0851e+05,3.1672e+05,3.117e+05,3.0818e+05,2.8437e+05,1.961e+05,1.3783e+05,1.4303e+05,2.6833e+05,2.7929e+05,2.9442e+05,3.1134e+05,3.1919e+05,3.1381e+05,3.0986e+05,2.8569e+05,1.973e+05,1.3877e+05,1.4372e+05,1.9956e+05,2.7315e+05,2.8377e+05,2.9867e+05,3.152e+05,3.2271e+05,3.1682e+05,3.1239e+05,2.8808e+05,1.9934e+05,1.404e+05,1.4502e+05,1.3389e+05,1.8986e+05,2.6376e+05,2.7451e+05,2.9e+05,3.0724e+05,3.157e+05,3.107e+05,3.0653e+05,2.8284e+05,1.9475e+05,1.3668e+05,1.4147e+05,83374,1.5852e+05,2.1274e+05,2.8551e+05,2.9407e+05,3.0755e+05,3.2205e+05,3.2795e+05,3.2194e+05,3.1592e+05,2.9031e+05,2.0026e+05,1.4116e+05,1.4423e+05,46993,84136,1.5901e+05,2.1344e+05,2.8616e+05,2.9484e+05,3.0838e+05,3.2291e+05,3.2867e+05,3.2274e+05,3.1658e+05,2.9132e+05,2.011e+05,1.4197e+05,1.4515e+05
1.7724e+05,1.8741e+05,1.8734e+05,2.1329e+05,1.5269e+05,1.5542e+05,2.902e+05,1.9996e+05,1.4045e+05,1.4373e+05,3.1177e+05,2.8984e+05,1.9988e+05,1.4037e+05,1.4376e+05,3.1834e+05,3.1149e+05,2.895e+05,1.995e+05,1.3994e+05,1.4335e+05,3.381e+05,3.3145e+05,3.2357e+05,3.0106e+05,2.0993e+05,1.4946e+05,1.5154e+05,3.1702e+05,3.297e+05,3.2365e+05,3.1595e+05,2.9425e+05,2.0377e+05,1.4405e+05,1.4691e+05,3.0532e+05,3.1978e+05,3.3221e+05,3.26e+05,3.1816e+05,2.9617e+05,2.0534e+05,1.4542e+05,1.4819e+05,2.9619e+05,3.0483e+05,3.1938e+05,3.3187e+05,3.2578e+05,3.1804e+05,2.9619e+05,2.0536e+05,1.4553e+05,1.4826e+05,3.073e+05,3.1177e+05,3.1925e+05,3.3312e+05,3.4416e+05,3.3677e+05,3.2728e+05,3.0387e+05,2.1238e+05,1.5147e+05,1.5295e+05,1.7945e+05,2.5216e+05,2.6073e+05,2.7066e+05,2.894e+05,3.0473e+05,3.0319e+05,2.9917e+05,2.7801e+05,1.904e+05,1.3381e+05,1.3929e+05,1.2792e+05,1.8208e+05,2.542e+05,2.6241e+05,2.7185e+05,2.9033e+05,3.0528e+05,3.034e+05,2.9914e+05,2.7773e+05,1.8984e+05,1.3323e+05,1.3835e+05,77915,1.5464e+05,2.0684e+05,2.7773e+05,2.8357e+05,2.9086e+05,3.0639e+05,3.1862e+05,3.1566e+05,3.0941e+05,2.8586e+05,1.9586e+05,1.3811e+05,1.4141e+05,41537,73290,1.5025e+05,2.0281e+05,2.7415e+05,2.8044e+05,2.8831e+05,3.0435e+05,3.1676e+05,3.1428e+05,3.0839e+05,2.8556e+05,1.9561e+05,1.382e+05,1.4155e+05
1.541e+05,1.5344e+05,1.4637e+05,1.7932e+05,1.2242e+05,1.1795e+05,2.6379e+05,1.9335e+05,1.353e+05,1.3017e+05,2.7977e+05,2.6841e+05,1.9784e+05,1.397e+05,1.3427e+05,3.0118e+05,2.924e+05,2.7998e+05,2.0882e+05,1.4949e+05,1.4312e+05,3.1042e+05,3.0675e+05,2.9748e+05,2.8487e+05,2.1323e+05,1.5353e+05,1.4664e+05,3.1273e+05,3.2377e+05,3.1916e+05,3.092e+05,2.9536e+05,2.2279e+05,1.6163e+05,1.5329e+05,2.9668e+05,3.1543e+05,3.2625e+05,3.2139e+05,3.1125e+05,2.9724e+05,2.2429e+05,1.6286e+05,1.545e+05,2.9539e+05,3.0674e+05,3.2471e+05,3.3511e+05,3.2937e+05,3.1848e+05,3.0351e+05,2.295e+05,1.6772e+05,1.5858e+05,2.3447e+05,2.4493e+05,2.6013e+05,2.8042e+05,2.9519e+05,2.9326e+05,2.8753e+05,2.7754e+05,2.0551e+05,1.4725e+05,1.421e+05,1.2983e+05,2.0278e+05,2.1561e+05,2.3221e+05,2.553e+05,2.7258e+05,2.7403e+05,2.7144e+05,2.6276e+05,1.9299e+05,1.3719e+05,1.3433e+05,1.2567e+05,1.9309e+05,2.6092e+05,2.7063e+05,2.8145e+05,2.996e+05,3.101e+05,3.0515e+05,2.9989e+05,2.8668e+05,2.1179e+05,1.5158e+05,1.4566e+05,69949,1.4329e+05,2.095e+05,2.7652e+05,2.8464e+05,2.9398e+05,3.1013e+05,3.188e+05,3.1313e+05,3.0653e+05,2.9193e+05,2.1561e+05,1.5464e+05,1.4745e+05,62047,80051,1.5244e+05,2.1847e+05,2.8463e+05,2.9209e+05,3.0049e+05,3.1573e+05,3.2391e+05,3.1765e+05,3.1017e+05,2.9522e+05,2.1846e+05,1.5687e+05,1.4971e+05
1.2327e+05,1.5163e+05,1.3726e+05,1.9135e+05,1.3864e+05,1.255e+05,2.4505e+05,1.8983e+05,1.3718e+05,1.24e+05,2.6979e+05,2.5678e+05,2.0084e+05,1.4778e+05,1.3371e+05,2.6653e+05,2.5485e+05,2.4289e+05,1.8753e+05,1.3576e+05,1.2284e+05,2.7406e+05,2.6963e+05,2.5765e+05,2.4561e+05,1.8999e+05,1.3804e+05,1.2488e+05,2.9216e+05,3.0306e+05,2.965e+05,2.8315e+05,2.6844e+05,2.1071e+05,1.5565e+05,1.3952e+05,2.8263e+05,2.9825e+05,3.0873e+05,3.0176e+05,2.8791e+05,2.7278e+05,2.143e+05,1.5861e+05,1.423e+05,2.7273e+05,2.876e+05,3.0281e+05,3.1313e+05,3.0572e+05,2.9154e+05,2.76e+05,2.1701e+05,1.6118e+05,1.4444e+05,2.4726e+05,2.5849e+05,2.7454e+05,2.9038e+05,3.019e+05,2.9548e+05,2.8264e+05,2.6845e+05,2.1002e+05,1.5514e+05,1.396e+05,1.3951e+05,2.2692e+05,2.3968e+05,2.5662e+05,2.7426e+05,2.8741e+05,2.8317e+05,2.7232e+05,2.5897e+05,2.0202e+05,1.487e+05,1.3461e+05,99620,1.7581e+05,2.6007e+05,2.7097e+05,2.8441e+05,2.992e+05,3.085e+05,3.0062e+05,2.8817e+05,2.7223e+05,2.1222e+05,1.564e+05,1.4048e+05,59407,1.0961e+05,1.8521e+05,2.6903e+05,2.7902e+05,2.9155e+05,3.0511e+05,3.1328e+05,3.0498e+05,2.917e+05,2.75e+05,2.1417e+05,1.5794e+05,1.4123e+05,39403,51365,1.0159e+05,1.7783e+05,2.6254e+05,2.733e+05,2.8689e+05,3.0142e+05,3.0983e+05,3.0224e+05,2.8946e+05,2.7359e+05,2.1325e+05,1.5772e+05,1.4082e+05
1.2948e+05,1.4975e+05,1.3379e+05,1.921e+05,1.3699e+05,1.2224e+05,2.5859e+05,2.0752e+05,1.5121e+05,1.3567e+05,2.6513e+05,2.5401e+05,2.0346e+05,1.4741e+05,1.3245e+05,2.8557e+05,2.689e+05,2.5738e+05,2.0663e+05,1.5018e+05,1.3491e+05,2.9505e+05,2.9313e+05,2.7584e+05,2.6406e+05,2.1267e+05,1.5569e+05,1.3971e+05,2.698e+05,2.8184e+05,2.8099e+05,2.6415e+05,2.5349e+05,2.0316e+05,1.4757e+05,1.3283e+05,2.7406e+05,2.8017e+05,2.9146e+05,2.9003e+05,2.723e+05,2.6086e+05,2.0933e+05,1.5268e+05,1.3754e+05,2.5072e+05,2.6569e+05,2.7243e+05,2.8416e+05,2.8352e+05,2.6648e+05,2.5605e+05,2.0532e+05,1.4908e+05,1.3444e+05,2.4307e+05,2.5518e+05,2.6989e+05,2.7641e+05,2.8769e+05,2.8662e+05,2.6896e+05,2.5806e+05,2.0713e+05,1.5053e+05,1.3564e+05,1.3682e+05,2.2879e+05,2.4199e+05,2.5731e+05,2.6508e+05,2.7752e+05,2.7799e+05,2.6172e+05,2.514e+05,2.0153e+05,1.4603e+05,1.3215e+05,84013,1.6472e+05,2.5417e+05,2.6594e+05,2.7852e+05,2.8409e+05,2.9356e+05,2.9121e+05,2.737e+05,2.6138e+05,2.0906e+05,1.517e+05,1.3637e+05,50984,90732,1.7109e+05,2.6022e+05,2.7136e+05,2.8329e+05,2.8795e+05,2.9664e+05,2.9401e+05,2.7592e+05,2.6313e+05,2.1021e+05,1.5256e+05,1.3666e+05,43490,51436,90553,1.712e+05,2.605e+05,2.7175e+05,2.8383e+05,2.8853e+05,2.9712e+05,2.9467e+05,2.7634e+05,2.638e+05,2.1099e+05,1.5345e+05,1.3744e+05
1.3004e+05,1.4588e+05,1.2702e+05,2.0059e+05,1.4484e+05,1.263e+05,2.4868e+05,2.016e+05,1.4576e+05,1.271e+05,2.5338e+05,2.3965e+05,1.9335e+05,1.3796e+05,1.2023e+05,2.8255e+05,2.67e+05,2.5212e+05,2.0521e+05,1.4855e+05,1.2977e+05,2.8098e+05,2.7891e+05,2.636e+05,2.4895e+05,2.024e+05,1.4606e+05,1.2774e+05,2.8444e+05,2.9229e+05,2.8935e+05,2.7344e+05,2.5772e+05,2.1031e+05,1.5273e+05,1.3324e+05,2.7445e+05,2.8365e+05,2.9162e+05,2.8864e+05,2.7282e+05,2.5716e+05,2.0976e+05,1.5225e+05,1.3282e+05,2.6821e+05,2.7977e+05,2.8857e+05,2.964e+05,2.93e+05,2.7684e+05,2.6072e+05,2.1282e+05,1.5516e+05,1.3529e+05,2.6048e+05,2.745e+05,2.8569e+05,2.9418e+05,3.0136e+05,2.9742e+05,2.8047e+05,2.6367e+05,2.1552e+05,1.5733e+05,1.3705e+05,1.7737e+05,2.6399e+05,2.7776e+05,2.8879e+05,2.9696e+05,3.0391e+05,2.9963e+05,2.823e+05,2.6536e+05,2.1699e+05,1.5851e+05,1.3798e+05,79372,1.6128e+05,2.4864e+05,2.6296e+05,2.7514e+05,2.8445e+05,2.9309e+05,2.9037e+05,2.7357e+05,2.5777e+05,2.1043e+05,1.5326e+05,1.3325e+05,49918,80226,1.6221e+05,2.495e+05,2.637e+05,2.7569e+05,2.8478e+05,2.9319e+05,2.9043e+05,2.7344e+05,2.5762e+05,2.101e+05,1.5292e+05,1.3274e+05,42581,47141,77091,1.5945e+05,2.4713e+05,2.6169e+05,2.7411e+05,2.837e+05,2.9214e+05,2.8981e+05,2.7289e+05,2.5752e+05,2.1021e+05,1.5337e+05,1.3301e+05
1.2341e+05,1.3937e+05,1.1674e+05,2.312e+05,1.7761e+05,1.5229e+05,2.4806e+05,1.9717e+05,1.4614e+05,1.2228e+05,1.8204e+05,1.7352e+05,1.2835e+05,80609,63462,3.0882e+05,2.9666e+05,2.7924e+05,2.2912e+05,1.711e+05,1.4521e+05,3.1112e+05,3.0223e+05,2.9053e+05,2.7348e+05,2.24e+05,1.6651e+05,1.4135e+05,2.7067e+05,2.7862e+05,2.7216e+05,2.6178e+05,2.4761e+05,2.0055e+05,1.4646e+05,1.2456e+05,2.7083e+05,2.7591e+05,2.8352e+05,2.7683e+05,2.6597e+05,2.5134e+05,2.0371e+05,1.4909e+05,1.2694e+05,2.4983e+05,2.6208e+05,2.6783e+05,2.7595e+05,2.7006e+05,2.5996e+05,2.4632e+05,1.996e+05,1.4537e+05,1.2375e+05,2.6346e+05,2.7738e+05,2.8766e+05,2.9207e+05,2.9769e+05,2.8959e+05,2.7654e+05,2.6009e+05,2.123e+05,1.5605e+05,1.3233e+05,1.9885e+05,2.8094e+05,2.9358e+05,3.0307e+05,3.0595e+05,3.1023e+05,3.0032e+05,2.855e+05,2.6835e+05,2.1935e+05,1.6172e+05,1.3674e+05,87666,1.6796e+05,2.5183e+05,2.6574e+05,2.777e+05,2.8289e+05,2.9037e+05,2.8351e+05,2.6977e+05,2.5479e+05,2.0801e+05,1.5275e+05,1.2896e+05,50396,85013,1.6564e+05,2.4954e+05,2.6362e+05,2.7566e+05,2.8103e+05,2.8864e+05,2.8188e+05,2.6825e+05,2.5351e+05,2.0681e+05,1.5169e+05,1.2798e+05,41651,48080,82454,1.6341e+05,2.4761e+05,2.6201e+05,2.744e+05,2.8018e+05,2.8783e+05,2.8135e+05,2.6786e+05,2.5349e+05,2.0694e+05,1.5214e+05,1.2829e+05
1.355e+05,1.3618e+05,1.2041e+05,2.0911e+05,1.575e+05,1.4032e+05,3.0021e+05,2.3381e+05,1.8038e+05,1.6215e+05,3.1988e+05,3.1407e+05,2.4672e+05,1.9268e+05,1.7327e+05,2.7529e+05,2.8499e+05,2.8173e+05,2.1584e+05,1.6491e+05,1.4812e+05,3.1448e+05,2.6854e+05,2.7874e+05,2.7584e+05,2.1062e+05,1.6019e+05,1.4413e+05,3.192e+05,3.1992e+05,2.7342e+05,2.8324e+05,2.7985e+05,2.1415e+05,1.6303e+05,1.4648e+05,2.8991e+05,3.0795e+05,3.0955e+05,2.6361e+05,2.7447e+05,2.7185e+05,2.0737e+05,1.5738e+05,1.4129e+05,2.8356e+05,2.9099e+05,3.0897e+05,3.1066e+05,2.6464e+05,2.7552e+05,2.7286e+05,2.0843e+05,1.5829e+05,1.4209e+05,2.7964e+05,2.9212e+05,2.9905e+05,3.1658e+05,3.1739e+05,2.7058e+05,2.8062e+05,2.7687e+05,2.1219e+05,1.6142e+05,1.4459e+05,1.9413e+05,2.7019e+05,2.8334e+05,2.9067e+05,3.0909e+05,3.1061e+05,2.6481e+05,2.7582e+05,2.7245e+05,2.0842e+05,1.5843e+05,1.4229e+05,96324,1.7039e+05,2.4763e+05,2.6165e+05,2.7094e+05,2.9115e+05,2.9493e+05,2.5162e+05,2.6336e+05,2.6166e+05,1.9933e+05,1.5113e+05,1.3581e+05,59113,97157,1.7129e+05,2.4839e+05,2.6226e+05,2.7135e+05,2.9153e+05,2.9499e+05,2.5157e+05,2.6328e+05,2.6155e+05,1.9899e+05,1.5085e+05,1.3538e+05,80196,88441,1.2403e+05,1.9708e+05,2.716e+05,2.8343e+05,2.8923e+05,3.0702e+05,3.0931e+05,2.6333e+05,2.73e+05,2.6949e+05,2.0539e+05,1.5544e+05,1.4027e+05
1.3124e+05,1.4455e+05,1.2849e+05,2.1246e+05,1.6311e+05,1.4586e+05,2.9658e+05,2.2397e+05,1.7383e+05,1.5611e+05,3.2566e+05,3.1103e+05,2.3744e+05,1.8664e+05,1.6768e+05,2.8343e+05,2.8946e+05,2.7754e+05,2.0548e+05,1.5787e+05,1.4166e+05,3.1173e+05,2.7783e+05,2.8424e+05,2.7259e+05,2.0107e+05,1.5393e+05,1.3832e+05,3.1665e+05,3.2029e+05,2.8557e+05,2.9153e+05,2.7912e+05,2.0688e+05,1.587e+05,1.4225e+05,3.02e+05,3.1852e+05,3.2204e+05,2.8734e+05,2.9316e+05,2.8053e+05,2.0811e+05,1.5979e+05,1.4328e+05,3.0139e+05,3.1259e+05,3.2823e+05,3.314e+05,2.9576e+05,3.0085e+05,2.8714e+05,2.138e+05,1.6504e+05,1.4776e+05,2.8523e+05,2.9696e+05,3.0863e+05,3.2439e+05,3.2787e+05,2.9246e+05,2.9802e+05,2.8454e+05,2.114e+05,1.6292e+05,1.4598e+05,1.9735e+05,2.6926e+05,2.8218e+05,2.9458e+05,3.1177e+05,3.1648e+05,2.8278e+05,2.8995e+05,2.7709e+05,2.0505e+05,1.5787e+05,1.4209e+05,1.054e+05,1.8121e+05,2.5375e+05,2.6727e+05,2.8088e+05,2.9921e+05,3.0538e+05,2.7341e+05,2.8103e+05,2.6922e+05,1.9835e+05,1.5246e+05,1.3714e+05,57171,1.0417e+05,1.8019e+05,2.5263e+05,2.6621e+05,2.7982e+05,2.9827e+05,3.0437e+05,2.7241e+05,2.8012e+05,2.6836e+05,1.9739e+05,1.5169e+05,1.3639e+05,59508,68220,1.1428e+05,1.8998e+05,2.6138e+05,2.7426e+05,2.8669e+05,3.0438e+05,3.1007e+05,2.7715e+05,2.8421e+05,2.7188e+05,2.0007e+05,1.5379e+05,1.3866e+05
1.4678e+05,1.5457e+05,1.4068e+05,1.9835e+05,1.496e+05,1.3633e+05,2.9512e+05,2.1551e+05,1.6553e+05,1.5159e+05,3.2137e+05,3.0052e+05,2.2051e+05,1.7025e+05,1.5586e+05,3.1093e+05,3.1148e+05,2.9135e+05,2.1178e+05,1.6239e+05,1.4874e+05,3.2137e+05,3.0185e+05,3.0302e+05,2.8333e+05,2.0459e+05,1.5589e+05,1.4319e+05,3.2009e+05,3.2214e+05,3.0234e+05,3.0353e+05,2.8368e+05,2.0478e+05,1.5596e+05,1.4318e+05,2.9076e+05,3.0373e+05,3.0716e+05,2.8819e+05,2.9077e+05,2.7215e+05,1.9505e+05,1.4784e+05,1.3574e+05,3.1595e+05,3.2307e+05,3.3346e+05,3.3561e+05,3.138e+05,3.1394e+05,2.9194e+05,2.1173e+05,1.6319e+05,1.4879e+05,2.9241e+05,2.9865e+05,3.0714e+05,3.1814e+05,3.2175e+05,3.0122e+05,3.0318e+05,2.8275e+05,2.0323e+05,1.5587e+05,1.4281e+05,2.6293e+05,3.3309e+05,3.3634e+05,3.4303e+05,3.5047e+05,3.5094e+05,3.2612e+05,3.2404e+05,3.0194e+05,2.1956e+05,1.6904e+05,1.5303e+05,1.8601e+05,2.6022e+05,3.3007e+05,3.3342e+05,3.4019e+05,3.4768e+05,3.4822e+05,3.2369e+05,3.2149e+05,2.9942e+05,2.1716e+05,1.6697e+05,1.507e+05,61836,1.1514e+05,1.9475e+05,2.6758e+05,2.77e+05,2.8907e+05,3.0405e+05,3.1148e+05,2.8984e+05,2.9266e+05,2.7615e+05,1.9882e+05,1.5197e+05,1.404e+05,63802,72442,1.2492e+05,2.0422e+05,2.761e+05,2.848e+05,2.9579e+05,3.099e+05,3.1692e+05,2.9453e+05,2.9663e+05,2.7958e+05,2.0139e+05,1.5395e+05,1.4256e+05
1.3287e+05,1.4118e+05,1.3147e+05,2.0256e+05,1.5612e+05,1.4553e+05,2.7418e+05,1.9643e+05,1.5056e+05,1.4025e+05,3.2881e+05,2.9986e+05,2.2015e+05,1.7312e+05,1.606e+05,3.1756e+05,3.1568e+05,2.8772e+05,2.0858e+05,1.6271e+05,1.5119e+05,3.3298e+05,3.178e+05,3.158e+05,2.8786e+05,2.0872e+05,1.6283e+05,1.5125e+05,3.3418e+05,3.3568e+05,3.2008e+05,3.1806e+05,2.8978e+05,2.1027e+05,1.641e+05,1.5227e+05,3.1938e+05,3.3072e+05,3.3264e+05,3.1732e+05,3.1551e+05,2.8747e+05,2.0845e+05,1.626e+05,1.509e+05,3.0543e+05,3.1603e+05,3.2751e+05,3.2973e+05,3.1469e+05,3.1315e+05,2.8549e+05,2.0688e+05,1.6111e+05,1.4961e+05,2.9785e+05,2.9419e+05,3.0573e+05,3.1751e+05,3.2068e+05,3.0646e+05,3.061e+05,2.7941e+05,2.0129e+05,1.5621e+05,1.4561e+05,2.5663e+05,3.2963e+05,3.2365e+05,3.3378e+05,3.4277e+05,3.435e+05,3.2595e+05,3.2243e+05,2.9442e+05,2.1407e+05,1.6657e+05,1.5364e+05,1.8483e+05,2.4638e+05,3.1959e+05,3.141e+05,3.249e+05,3.3449e+05,3.3607e+05,3.1952e+05,3.1614e+05,2.8878e+05,2.0914e+05,1.6252e+05,1.4963e+05,87949,1.4243e+05,2.0719e+05,2.821e+05,2.8022e+05,2.9418e+05,3.0825e+05,3.1393e+05,2.9916e+05,2.9872e+05,2.7464e+05,1.9789e+05,1.5337e+05,1.4325e+05,73982,1.076e+05,1.6052e+05,2.2447e+05,2.9772e+05,2.943e+05,3.0623e+05,3.1851e+05,3.2337e+05,3.0736e+05,3.0544e+05,2.8012e+05,2.0215e+05,1.5647e+05,1.4659e+05
1.2657e+05,1.1736e+05,1.0978e+05,1.5932e+05,1.1788e+05,1.1049e+05,2.4002e+05,1.6352e+05,1.2183e+05,1.1423e+05,2.6006e+05,2.3968e+05,1.6318e+05,1.2149e+05,1.1404e+05,2.6986e+05,2.668e+05,2.4591e+05,1.6916e+05,1.2685e+05,1.1889e+05,2.7041e+05,2.6507e+05,2.6226e+05,2.4158e+05,1.6524e+05,1.233e+05,1.1582e+05,2.6712e+05,2.7847e+05,2.7244e+05,2.6939e+05,2.4798e+05,1.7099e+05,1.2823e+05,1.2001e+05,2.536e+05,2.7015e+05,2.8134e+05,2.7521e+05,2.7181e+05,2.5012e+05,1.7285e+05,1.2977e+05,1.2139e+05,2.4277e+05,2.6005e+05,2.7591e+05,2.8692e+05,2.8012e+05,2.7621e+05,2.5383e+05,1.7595e+05,1.3259e+05,1.2368e+05,2.5722e+05,2.5993e+05,2.7601e+05,2.9092e+05,3.0042e+05,2.9224e+05,2.865e+05,2.6229e+05,1.8369e+05,1.3907e+05,1.2877e+05,1.9191e+05,2.716e+05,2.7328e+05,2.8871e+05,3.0238e+05,3.1081e+05,3.0114e+05,2.9394e+05,2.6916e+05,1.8956e+05,1.4385e+05,1.3248e+05,1.445e+05,2e+05,2.7852e+05,2.7984e+05,2.9425e+05,3.0711e+05,3.1445e+05,3.0394e+05,2.9624e+05,2.7081e+05,1.9052e+05,1.4431e+05,1.3225e+05,1.1561e+05,1.7205e+05,2.2547e+05,3.0261e+05,3.0149e+05,3.1376e+05,3.2363e+05,3.2817e+05,3.1656e+05,3.0682e+05,2.7914e+05,1.9672e+05,1.4942e+05,1.3547e+05,32909,84680,1.4337e+05,1.9806e+05,2.7801e+05,2.7924e+05,2.9492e+05,3.0794e+05,3.1376e+05,3.0454e+05,2.9722e+05,2.7201e+05,1.9061e+05,1.4559e+05,1.3146e+05
1.383e+05,1.3955e+05,1.3433e+05,1.7551e+05,1.4015e+05,1.3509e+05,2.5333e+05,1.7692e+05,1.4151e+05,1.3637e+05,2.6647e+05,2.4509e+05,1.6934e+05,1.3429e+05,1.2999e+05,2.6621e+05,2.6252e+05,2.4141e+05,1.6582e+05,1.3108e+05,1.2708e+05,2.7544e+05,2.6565e+05,2.6191e+05,2.4084e+05,1.6531e+05,1.3065e+05,1.2671e+05,2.7835e+05,2.8897e+05,2.7803e+05,2.7373e+05,2.5146e+05,1.7486e+05,1.3875e+05,1.3353e+05,2.7109e+05,2.8445e+05,2.9463e+05,2.8347e+05,2.7858e+05,2.5577e+05,1.7856e+05,1.4184e+05,1.3634e+05,2.5371e+05,2.6851e+05,2.8194e+05,2.9238e+05,2.814e+05,2.7677e+05,2.5424e+05,1.7732e+05,1.407e+05,1.3529e+05,2.581e+05,2.5782e+05,2.7241e+05,2.8553e+05,2.9562e+05,2.8424e+05,2.7915e+05,2.561e+05,1.79e+05,1.4206e+05,1.363e+05,1.8056e+05,2.5275e+05,2.529e+05,2.6773e+05,2.8133e+05,2.9185e+05,2.8107e+05,2.765e+05,2.5366e+05,1.7695e+05,1.4048e+05,1.3509e+05,1.2453e+05,1.7524e+05,2.473e+05,2.4764e+05,2.626e+05,2.7646e+05,2.8731e+05,2.7706e+05,2.7255e+05,2.5002e+05,1.7368e+05,1.3767e+05,1.3224e+05,94736,1.488e+05,1.9767e+05,2.6852e+05,2.6673e+05,2.7981e+05,2.9103e+05,2.9941e+05,2.8816e+05,2.8185e+05,2.5733e+05,1.791e+05,1.4215e+05,1.3502e+05,59130,1.0406e+05,1.5735e+05,2.0571e+05,2.7577e+05,2.7325e+05,2.8545e+05,2.9581e+05,3.0392e+05,2.9211e+05,2.8512e+05,2.6012e+05,1.8123e+05,1.4387e+05,1.3692e+05
1.259e+05,1.331e+05,1.2704e+05,1.8205e+05,1.4877e+05,1.4174e+05,2.6437e+05,1.8878e+05,1.5507e+05,1.4767e+05,2.9252e+05,2.6973e+05,1.938e+05,1.5985e+05,1.5212e+05,2.7805e+05,2.7655e+05,2.5492e+05,1.7966e+05,1.4709e+05,1.4056e+05,2.8665e+05,2.7662e+05,2.7515e+05,2.5361e+05,1.785e+05,1.4607e+05,1.3971e+05,2.7287e+05,2.8312e+05,2.7326e+05,2.7196e+05,2.5073e+05,1.7584e+05,1.4379e+05,1.3782e+05,2.809e+05,2.8942e+05,2.9842e+05,2.8788e+05,2.8505e+05,2.6249e+05,1.8589e+05,1.5218e+05,1.4549e+05,2.5378e+05,2.667e+05,2.7622e+05,2.8596e+05,2.7667e+05,2.7498e+05,2.5396e+05,1.7877e+05,1.4563e+05,1.3986e+05,2.5051e+05,2.5162e+05,2.6481e+05,2.7432e+05,2.8425e+05,2.7504e+05,2.7355e+05,2.5263e+05,1.7753e+05,1.4452e+05,1.3889e+05,1.7793e+05,2.4859e+05,2.4986e+05,2.6313e+05,2.7282e+05,2.8292e+05,2.7394e+05,2.7265e+05,2.5181e+05,1.7686e+05,1.4403e+05,1.3853e+05,1.3413e+05,1.8447e+05,2.5412e+05,2.5502e+05,2.6743e+05,2.7649e+05,2.857e+05,2.7606e+05,2.7433e+05,2.5295e+05,1.7742e+05,1.4421e+05,1.3813e+05,82035,1.3666e+05,1.8684e+05,2.5627e+05,2.5693e+05,2.6907e+05,2.7779e+05,2.8666e+05,2.7691e+05,2.7495e+05,2.533e+05,1.7745e+05,1.4425e+05,1.3791e+05,59970,96420,1.4986e+05,1.9935e+05,2.6753e+05,2.6716e+05,2.7791e+05,2.8523e+05,2.9361e+05,2.829e+05,2.7991e+05,2.5744e+05,1.8075e+05,1.4679e+05,1.4068e+05
1.3715e+05,1.327e+05,1.293e+05,1.6256e+05,1.3038e+05,1.2738e+05,2.3313e+05,1.5639e+05,1.2472e+05,1.2193e+05,2.5848e+05,2.367e+05,1.5975e+05,1.2794e+05,1.2495e+05,2.7112e+05,2.6875e+05,2.4614e+05,1.6875e+05,1.3598e+05,1.3219e+05,2.7171e+05,2.6899e+05,2.6671e+05,2.4423e+05,1.6703e+05,1.3445e+05,1.3092e+05,2.6279e+05,2.7484e+05,2.7181e+05,2.6939e+05,2.466e+05,1.6915e+05,1.3625e+05,1.3239e+05,2.5427e+05,2.6564e+05,2.7751e+05,2.7434e+05,2.7164e+05,2.486e+05,1.7086e+05,1.3765e+05,1.3368e+05,2.6947e+05,2.7654e+05,2.8611e+05,2.971e+05,2.9197e+05,2.8759e+05,2.6225e+05,1.823e+05,1.4821e+05,1.4261e+05,2.5341e+05,2.5719e+05,2.6526e+05,2.753e+05,2.8734e+05,2.8312e+05,2.7998e+05,2.5577e+05,1.7627e+05,1.4301e+05,1.3833e+05,1.859e+05,2.5697e+05,2.6051e+05,2.6841e+05,2.7816e+05,2.8996e+05,2.8538e+05,2.8187e+05,2.5752e+05,1.7779e+05,1.4427e+05,1.3933e+05,1.5627e+05,2.0391e+05,2.7319e+05,2.7583e+05,2.819e+05,2.901e+05,2.9981e+05,2.9338e+05,2.8902e+05,2.633e+05,1.821e+05,1.4734e+05,1.4129e+05,94882,1.46e+05,1.9442e+05,2.6408e+05,2.6758e+05,2.7437e+05,2.8358e+05,2.9423e+05,2.8821e+05,2.8451e+05,2.5954e+05,1.7893e+05,1.4476e+05,1.3932e+05,52121,87108,1.3872e+05,1.874e+05,2.5779e+05,2.62e+05,2.6971e+05,2.7975e+05,2.908e+05,2.8546e+05,2.8244e+05,2.5828e+05,1.7775e+05,1.4429e+05,1.3886e+05
1.228e+05,1.162e+05,1.186e+05,1.632e+05,1.3512e+05,1.3629e+05,2.5015e+05,1.7416e+05,1.4527e+05,1.4594e+05,2.6977e+05,2.4955e+05,1.7367e+05,1.4482e+05,1.4566e+05,2.728e+05,2.675e+05,2.474e+05,1.7161e+05,1.4292e+05,1.439e+05,2.7301e+05,2.6708e+05,2.6215e+05,2.4234e+05,1.6707e+05,1.3884e+05,1.4045e+05,2.6727e+05,2.773e+05,2.7093e+05,2.6582e+05,2.4557e+05,1.6997e+05,1.413e+05,1.4246e+05,2.4752e+05,2.5882e+05,2.6956e+05,2.6356e+05,2.5916e+05,2.3954e+05,1.6484e+05,1.3697e+05,1.3849e+05,2.5748e+05,2.6334e+05,2.7337e+05,2.8353e+05,2.7616e+05,2.7057e+05,2.4934e+05,1.7307e+05,1.4455e+05,1.4488e+05,2.549e+05,2.5106e+05,2.5747e+05,2.6771e+05,2.7838e+05,2.7146e+05,2.665e+05,2.4584e+05,1.698e+05,1.4171e+05,1.4254e+05,1.8727e+05,2.614e+05,2.5709e+05,2.6319e+05,2.7288e+05,2.8309e+05,2.7549e+05,2.6988e+05,2.4896e+05,1.7249e+05,1.4391e+05,1.4426e+05,1.6054e+05,2.0527e+05,2.7759e+05,2.7239e+05,2.7668e+05,2.8482e+05,2.9296e+05,2.835e+05,2.7701e+05,2.5474e+05,1.7676e+05,1.4695e+05,1.4616e+05,99781,1.4447e+05,1.9044e+05,2.634e+05,2.5954e+05,2.6498e+05,2.7476e+05,2.8441e+05,2.7559e+05,2.7018e+05,2.4914e+05,1.7219e+05,1.4324e+05,1.4343e+05,77765,1.1636e+05,1.5963e+05,2.0484e+05,2.765e+05,2.7139e+05,2.7514e+05,2.8337e+05,2.9241e+05,2.8248e+05,2.7577e+05,2.5381e+05,1.7587e+05,1.4602e+05,1.4642e+05
72707,34261,52479,0,0,0,35908,0,0,0,55356,56549,0,0,15734,52198,72964,72871,14275,8806.7,28491,68742,85310,1.0343e+05,1.0189e+05,40281,32280,48458,61695,96113,1.1073e+05,1.2785e+05,1.2409e+05,60586,49828,63446,63903,90940,1.2305e+05,1.3629e+05,1.5066e+05,1.4448e+05,77765,64024,76367,56772,81016,1.0664e+05,1.3799e+05,1.4957e+05,1.6256e+05,1.5449e+05,85984,71526,82567,1.3365e+05,1.351e+05,1.5347e+05,1.7548e+05,1.9999e+05,2.0555e+05,2.1026e+05,1.9437e+05,1.2269e+05,1.0268e+05,1.0747e+05,99484,1.7982e+05,1.7786e+05,1.9416e+05,2.1217e+05,2.3315e+05,2.3384e+05,2.3395e+05,2.1624e+05,1.4133e+05,1.177e+05,1.1911e+05,87506,1.3616e+05,2.1325e+05,2.0956e+05,2.2233e+05,2.3737e+05,2.5427e+05,2.5129e+05,2.4983e+05,2.2949e+05,1.5164e+05,1.2543e+05,1.2495e+05,89124,1.2883e+05,1.7443e+05,2.4959e+05,2.4227e+05,2.5183e+05,2.6241e+05,2.7513e+05,2.7043e+05,2.6597e+05,2.4228e+05,1.6129e+05,1.3335e+05,1.3002e+05,35300,82472,1.224e+05,1.683e+05,2.4419e+05,2.3736e+05,2.4778e+05,2.591e+05,2.7219e+05,2.6808e+05,2.6422e+05,2.4128e+05,1.6029e+05,1.3302e+05,1.2965e+05
77841,49316,70303,10081,15629,39243,47274,11354,16888,40283,61374,61818,24752,29625,51930,59702,69015,68813,31389,35515,57208,73413,79186,87039,86090,46949,49630,69298,63524,84204,89165,96550,94738,54899,56540,75340,51688,63312,83977,88783,96072,94096,54140,55707,74378,50136,61454,72529,92981,97001,1.0364e+05,1.0066e+05,59711,60854,78644,1.0561e+05,1.0024e+05,1.0773e+05,1.1648e+05,1.3256e+05,1.3274e+05,1.3411e+05,1.262e+05,83274,80922,94780,83531,1.3459e+05,1.2707e+05,1.332e+05,1.394e+05,1.5326e+05,1.5039e+05,1.4885e+05,1.3982e+05,94919,90300,1.0207e+05,82004,1.1432e+05,1.6282e+05,1.539e+05,1.571e+05,1.6083e+05,1.7127e+05,1.6527e+05,1.6239e+05,1.5116e+05,1.0375e+05,96921,1.0708e+05,86574,1.1837e+05,1.4786e+05,1.9461e+05,1.8253e+05,1.8294e+05,1.8277e+05,1.8959e+05,1.8213e+05,1.7661e+05,1.6248e+05,1.1242e+05,1.0405e+05,1.1166e+05,611.97,45599,80327,1.1157e+05,1.6174e+05,1.5278e+05,1.5762e+05,1.615e+05,1.6998e+05,1.6555e+05,1.633e+05,1.5238e+05,1.0422e+05,99058,1.0652e+05
75319,52044,72434,15321,26507,48886,37841,16460,27624,49774,39569,42742,20956,31887,53810,39591,45028,47668,25580,35927,57390,55174,57712,61831,63828,40175,49208,68816,43231,59122,61374,65274,66986,43121,51802,71178,47463,52793,67896,69538,72483,73296,48272,55923,74783,43922,54039,59149,74222,75390,77974,78161,52488,59884,78111,86829,78201,85710,89235,1.0136e+05,99903,98883,95733,68706,73710,89257,69337,1.0087e+05,91186,97999,1.0027e+05,1.1133e+05,1.0841e+05,1.0597e+05,1.023e+05,74344,78249,92791,69812,90797,1.2052e+05,1.0987e+05,1.1457e+05,1.1511e+05,1.2376e+05,1.1862e+05,1.1525e+05,1.1006e+05,80343,82700,96098,77007,99854,1.1848e+05,1.4675e+05,1.3352e+05,1.3594e+05,1.3327e+05,1.3893e+05,1.3256e+05,1.2698e+05,1.1939e+05,87508,88568,99831,21681,58267,82401,1.0179e+05,1.3144e+05,1.1962e+05,1.2418e+05,1.2336e+05,1.2983e+05,1.2496e+05,1.2089e+05,1.1483e+05,84012,86727,97934
69623,63211,80616,38199,50913,69307,50755,38254,51013,69209,52693,55256,42389,54948,72956,49015,51601,54093,41174,53710,71737,58916,57821,59821,62090,48464,60411,77596,49131,58904,57817,59738,62034,48429,60401,77676,53954,55040,64291,62759,64064,65772,51435,62760,79701,39405,45687,47703,57575,56900,58989,61673,48173,59870,77257,67211,56867,61830,63035,71428,69431,69679,70697,56513,66987,83017,63105,81717,70281,74535,74447,81734,78232,77009,77485,62335,71662,86652,63557,78297,95598,83450,86155,84830,90404,85284,83397,82789,66366,74585,88752,69803,86115,99076,1.1528e+05,1.012e+05,1.022e+05,98447,1.0176e+05,95719,92150,89745,71702,78930,91457,32910,61262,78115,91411,1.0813e+05,94707,96760,93892,97592,92304,89454,87795,70417,78555,91033
54746,41608,56912,25355,36616,52371,35648,30274,41180,56563,32952,38614,32996,43782,59076,31484,34779,40144,34366,44878,59971,42515,42733,45252,50295,43585,53321,67315,33771,42895,43105,45520,50529,43792,53485,67467,43666,43975,52245,51834,53275,57406,49493,58127,71638,48365,51755,51695,59826,58798,59759,63134,54458,62832,75695,67903,60201,62716,62115,69250,67327,67027,69286,60118,67645,79572,62510,74166,65992,68177,67016,73686,71131,70174,72213,62646,69663,81142,60721,69029,80017,71495,72896,71156,77036,73711,72452,74020,63868,70388,81465,66358,76771,83804,94013,84128,84301,80822,85081,81075,78589,78871,67565,73352,83239,29781,51186,62650,70292,81663,73002,74938,73038,77970,75209,73962,75446,65073,72099,81810
1.1508e+05,1.4649e+05,1.3827e+05,2.2079e+05,2.0503e+05,1.9248e+05,2.5329e+05,2.247e+05,2.0854e+05,1.9574e+05,2.6676e+05,2.4451e+05,2.1662e+05,2.0095e+05,1.8906e+05,2.7109e+05,2.4613e+05,2.2516e+05,1.9794e+05,1.8392e+05,1.7349e+05,2.6427e+05,2.3894e+05,2.1656e+05,1.9722e+05,1.7304e+05,1.6163e+05,1.5474e+05,2.6372e+05,2.4679e+05,2.2254e+05,2.0059e+05,1.8248e+05,1.5935e+05,1.4953e+05,1.4416e+05,2.6375e+05,2.4576e+05,2.3021e+05,2.0672e+05,1.8646e+05,1.6982e+05,1.4868e+05,1.4072e+05,1.3614e+05,2.446e+05,2.2951e+05,2.1435e+05,2.0064e+05,1.804e+05,1.6307e+05,1.5031e+05,1.3273e+05,1.263e+05,1.2415e+05,1.7564e+05,1.5846e+05,1.5e+05,1.3865e+05,1.3249e+05,1.1879e+05,1.1049e+05,1.0626e+05,92126,91733,96416,1.2065e+05,1.2404e+05,1.1067e+05,1.0449e+05,97650,95467,87257,84055,81902,71403,75070,83513,67563,73667,80364,69053,66799,63503,66220,62535,61151,62272,55411,62427,72880,59925,68940,74876,81440,70000,67619,64144,66691,62928,61378,62377,55424,62366,72638,31689,49441,59221,65617,73031,62433,61287,58928,61919,59022,58341,60149,53863,61655,71766
1.1261e+05,1.2852e+05,1.1672e+05,1.7637e+05,1.5247e+05,1.3911e+05,2.2463e+05,1.7719e+05,1.5319e+05,1.398e+05,2.3812e+05,2.1629e+05,1.6958e+05,1.46e+05,1.334e+05,2.5695e+05,2.4023e+05,2.1808e+05,1.7121e+05,1.4734e+05,1.3453e+05,2.6407e+05,2.5129e+05,2.35e+05,2.132e+05,1.6691e+05,1.4356e+05,1.3141e+05,2.6388e+05,2.5903e+05,2.4649e+05,2.3028e+05,2.0868e+05,1.6251e+05,1.3948e+05,1.2756e+05,2.577e+05,2.5268e+05,2.4873e+05,2.3675e+05,2.2161e+05,2.01e+05,1.5617e+05,1.3433e+05,1.23e+05,2.6312e+05,2.5723e+05,2.5211e+05,2.4824e+05,2.3633e+05,2.213e+05,2.0088e+05,1.5621e+05,1.3455e+05,1.2337e+05,2.2139e+05,2.1633e+05,2.1414e+05,2.1106e+05,2.1123e+05,2.0283e+05,1.9263e+05,1.7678e+05,1.3387e+05,1.1542e+05,1.0787e+05,1.7561e+05,2.0854e+05,2.0446e+05,2.0288e+05,2.0095e+05,2.0213e+05,1.9511e+05,1.8618e+05,1.708e+05,1.2877e+05,1.1133e+05,1.0469e+05,1.3349e+05,1.513e+05,1.856e+05,1.8247e+05,1.8284e+05,1.8265e+05,1.8631e+05,1.8157e+05,1.7353e+05,1.5977e+05,1.1958e+05,1.0386e+05,98129,56060,73561,95966,1.3293e+05,1.3494e+05,1.3977e+05,1.4584e+05,1.5533e+05,1.5294e+05,1.4909e+05,1.4001e+05,1.0406e+05,91064,89308,94187,98377,1.1266e+05,1.3327e+05,1.6687e+05,1.6582e+05,1.6633e+05,1.6834e+05,1.7626e+05,1.7087e+05,1.6371e+05,1.5155e+05,1.1353e+05,97460,95799
1.3292e+05,1.5042e+05,1.3298e+05,1.904e+05,1.6149e+05,1.4349e+05,2.5505e+05,1.9581e+05,1.6656e+05,1.4836e+05,2.7181e+05,2.4655e+05,1.8803e+05,1.5913e+05,1.4172e+05,2.7104e+05,2.5739e+05,2.3314e+05,1.7523e+05,1.476e+05,1.3127e+05,2.5353e+05,2.4195e+05,2.3047e+05,2.0753e+05,1.5227e+05,1.2685e+05,1.1361e+05,2.4529e+05,2.4184e+05,2.3098e+05,2.1992e+05,1.9782e+05,1.4322e+05,1.1893e+05,1.0669e+05,2.5873e+05,2.5704e+05,2.5281e+05,2.4158e+05,2.2954e+05,2.0666e+05,1.5096e+05,1.2555e+05,1.129e+05,2.6143e+05,2.6068e+05,2.5863e+05,2.5431e+05,2.429e+05,2.3071e+05,2.0773e+05,1.519e+05,1.2651e+05,1.1378e+05,2.575e+05,2.5308e+05,2.5309e+05,2.5129e+05,2.4756e+05,2.367e+05,2.2529e+05,2.0305e+05,1.4749e+05,1.2262e+05,1.1051e+05,2.0636e+05,2.5538e+05,2.5116e+05,2.5129e+05,2.4971e+05,2.4617e+05,2.3553e+05,2.2433e+05,2.0213e+05,1.4669e+05,1.2201e+05,1.1003e+05,1.5872e+05,1.8149e+05,2.3182e+05,2.2859e+05,2.3073e+05,2.309e+05,2.2985e+05,2.2154e+05,2.1118e+05,1.9061e+05,1.3702e+05,1.1408e+05,1.0296e+05,80932,1.0424e+05,1.3119e+05,1.8391e+05,1.8528e+05,1.9145e+05,1.973e+05,2.0154e+05,1.9538e+05,1.8885e+05,1.7256e+05,1.2282e+05,1.0241e+05,94904,72673,94199,1.1645e+05,1.4294e+05,1.9492e+05,1.9541e+05,2.003e+05,2.0496e+05,2.0867e+05,2.0151e+05,1.9393e+05,1.767e+05,1.2601e+05,1.0458e+05,97010
1.2491e+05,1.4465e+05,1.2762e+05,1.9531e+05,1.6595e+05,1.4761e+05,2.5782e+05,1.9476e+05,1.6551e+05,1.4726e+05,2.7099e+05,2.4569e+05,1.8366e+05,1.5493e+05,1.3778e+05,2.8175e+05,2.7207e+05,2.4664e+05,1.8458e+05,1.5576e+05,1.3852e+05,2.7576e+05,2.6965e+05,2.6079e+05,2.3588e+05,1.7492e+05,1.4699e+05,1.3102e+05,2.5764e+05,2.6216e+05,2.5697e+05,2.4867e+05,2.2486e+05,1.6477e+05,1.3821e+05,1.2344e+05,2.4772e+05,2.5281e+05,2.5782e+05,2.5298e+05,2.4516e+05,2.2181e+05,1.6237e+05,1.3633e+05,1.2184e+05,2.55e+05,2.5197e+05,2.565e+05,2.6127e+05,2.5601e+05,2.4779e+05,2.24e+05,1.6413e+05,1.3796e+05,1.2321e+05,2.3964e+05,2.352e+05,2.3374e+05,2.3907e+05,2.4543e+05,2.4163e+05,2.3543e+05,2.1352e+05,1.5439e+05,1.2954e+05,1.1629e+05,1.727e+05,2.2724e+05,2.2376e+05,2.2289e+05,2.2935e+05,2.3669e+05,2.3423e+05,2.2927e+05,2.0783e+05,1.4955e+05,1.257e+05,1.1334e+05,1.4119e+05,1.6596e+05,2.2044e+05,2.1705e+05,2.1659e+05,2.2334e+05,2.3119e+05,2.2922e+05,2.2433e+05,2.0323e+05,1.454e+05,1.2204e+05,1.0973e+05,94941,1.2664e+05,1.5257e+05,2.0764e+05,2.0538e+05,2.0589e+05,2.1413e+05,2.2335e+05,2.2196e+05,2.1805e+05,1.9805e+05,1.4113e+05,1.1853e+05,1.0713e+05,89771,1.2669e+05,1.5605e+05,1.8064e+05,2.3329e+05,2.2868e+05,2.2576e+05,2.3091e+05,2.3886e+05,2.3524e+05,2.2885e+05,2.0664e+05,1.4792e+05,1.2317e+05,1.1184e+05
1.2327e+05,1.2319e+05,1.0947e+05,1.809e+05,1.4986e+05,1.344e+05,2.693e+05,1.9818e+05,1.6587e+05,1.4978e+05,2.9998e+05,2.7475e+05,2.0334e+05,1.7081e+05,1.5422e+05,2.9045e+05,2.8641e+05,2.622e+05,1.9138e+05,1.6006e+05,1.445e+05,2.8348e+05,2.7671e+05,2.7361e+05,2.4995e+05,1.8036e+05,1.5008e+05,1.3596e+05,2.7519e+05,2.8246e+05,2.7563e+05,2.7255e+05,2.4897e+05,1.7931e+05,1.4902e+05,1.3488e+05,2.4661e+05,2.6034e+05,2.688e+05,2.6278e+05,2.611e+05,2.3867e+05,1.7073e+05,1.42e+05,1.2855e+05,2.433e+05,2.4389e+05,2.5756e+05,2.6606e+05,2.6021e+05,2.5866e+05,2.3648e+05,1.688e+05,1.4019e+05,1.2697e+05,2.4013e+05,2.3616e+05,2.3741e+05,2.5133e+05,2.6032e+05,2.5492e+05,2.5407e+05,2.3248e+05,1.6504e+05,1.3687e+05,1.2414e+05,1.6997e+05,2.3116e+05,2.2789e+05,2.2959e+05,2.4435e+05,2.5405e+05,2.4961e+05,2.4968e+05,2.2844e+05,1.616e+05,1.3415e+05,1.2208e+05,98206,1.2981e+05,1.9337e+05,1.9161e+05,1.9658e+05,2.1421e+05,2.2794e+05,2.2737e+05,2.2887e+05,2.1035e+05,1.466e+05,1.2212e+05,1.1161e+05,86893,1.1951e+05,1.496e+05,2.1216e+05,2.0843e+05,2.1167e+05,2.2697e+05,2.3851e+05,2.3704e+05,2.3698e+05,2.167e+05,1.5123e+05,1.2589e+05,1.139e+05,73800,1.1346e+05,1.4402e+05,1.7299e+05,2.3355e+05,2.2783e+05,2.2818e+05,2.41e+05,2.5147e+05,2.4813e+05,2.4603e+05,2.2402e+05,1.5693e+05,1.2983e+05,1.1796e+05
1.1538e+05,1.2796e+05,1.1925e+05,1.3806e+05,1.1392e+05,1.0655e+05,2.0268e+05,1.2574e+05,1.0266e+05,95889,2.484e+05,2.1764e+05,1.3959e+05,1.1583e+05,1.0776e+05,2.5981e+05,2.5763e+05,2.2619e+05,1.4777e+05,1.2323e+05,1.1448e+05,2.6588e+05,2.6596e+05,2.6319e+05,2.3144e+05,1.5247e+05,1.2743e+05,1.1796e+05,2.8335e+05,2.9267e+05,2.9049e+05,2.8658e+05,2.5238e+05,1.7117e+05,1.4322e+05,1.311e+05,2.7246e+05,2.8497e+05,2.9428e+05,2.9224e+05,2.8821e+05,2.539e+05,1.727e+05,1.4465e+05,1.3247e+05,2.6244e+05,2.6438e+05,2.7725e+05,2.869e+05,2.855e+05,2.8204e+05,2.4855e+05,1.6817e+05,1.4044e+05,1.2884e+05,2.6876e+05,2.6317e+05,2.6512e+05,2.7781e+05,2.8729e+05,2.8576e+05,2.8221e+05,2.4853e+05,1.6809e+05,1.4023e+05,1.2848e+05,2.5597e+05,3.1282e+05,3.04e+05,3.0403e+05,3.1289e+05,3.1897e+05,3.1279e+05,3.0487e+05,2.694e+05,1.8583e+05,1.5454e+05,1.396e+05,1.8993e+05,2.1926e+05,2.7829e+05,2.7093e+05,2.7397e+05,2.8543e+05,2.9515e+05,2.9245e+05,2.8581e+05,2.5278e+05,1.7205e+05,1.4341e+05,1.2982e+05,1.0357e+05,1.4555e+05,1.7827e+05,2.3918e+05,2.3555e+05,2.4188e+05,2.58e+05,2.7206e+05,2.7113e+05,2.676e+05,2.3799e+05,1.6032e+05,1.3381e+05,1.2318e+05,58410,91030,1.3397e+05,1.673e+05,2.2948e+05,2.2684e+05,2.3455e+05,2.5199e+05,2.6662e+05,2.666e+05,2.6416e+05,2.3556e+05,1.5796e+05,1.3233e+05,1.2167e+05
1.1914e+05,1.386e+05,1.3025e+05,1.4824e+05,1.2337e+05,1.1643e+05,2.1646e+05,1.4266e+05,1.183e+05,1.1167e+05,2.3713e+05,2.099e+05,1.3659e+05,1.1251e+05,1.0649e+05,2.6395e+05,2.5547e+05,2.2682e+05,1.5274e+05,1.2708e+05,1.197e+05,2.6071e+05,2.5521e+05,2.4731e+05,2.1902e+05,1.4573e+05,1.2069e+05,1.1416e+05,2.5659e+05,2.6251e+05,2.5667e+05,2.4867e+05,2.2014e+05,1.4655e+05,1.2134e+05,1.1471e+05,2.6906e+05,2.7282e+05,2.7764e+05,2.7126e+05,2.6184e+05,2.3208e+05,1.5691e+05,1.301e+05,1.2275e+05,2.7337e+05,2.732e+05,2.7644e+05,2.8111e+05,2.7434e+05,2.6462e+05,2.3441e+05,1.5886e+05,1.3183e+05,1.2412e+05,2.6943e+05,2.6935e+05,2.6951e+05,2.7278e+05,2.7767e+05,2.7108e+05,2.6177e+05,2.3188e+05,1.5649e+05,1.2971e+05,1.223e+05,2.2341e+05,2.8285e+05,2.8182e+05,2.8138e+05,2.8349e+05,2.8737e+05,2.7937e+05,2.6872e+05,2.3828e+05,1.6194e+05,1.3416e+05,1.2579e+05,1.856e+05,2.0421e+05,2.6455e+05,2.6422e+05,2.6527e+05,2.6867e+05,2.743e+05,2.6804e+05,2.5796e+05,2.2872e+05,1.5381e+05,1.2738e+05,1.1953e+05,1.1422e+05,1.6956e+05,1.8932e+05,2.5026e+05,2.5121e+05,2.5337e+05,2.5842e+05,2.6563e+05,2.6e+05,2.5102e+05,2.2302e+05,1.492e+05,1.2363e+05,1.1683e+05,53302,1.0591e+05,1.6208e+05,1.8211e+05,2.4391e+05,2.4561e+05,2.4867e+05,2.5442e+05,2.6197e+05,2.5691e+05,2.4856e+05,2.2127e+05,1.4752e+05,1.2257e+05,1.1584e+05
1.198e+05,1.2046e+05,1.1552e+05,1.495e+05,1.2253e+05,1.1767e+05,2.2302e+05,1.5534e+05,1.2797e+05,1.2292e+05,2.4982e+05,2.2559e+05,1.5773e+05,1.3028e+05,1.2504e+05,2.4645e+05,2.392e+05,2.1577e+05,1.4838e+05,1.2193e+05,1.1753e+05,2.527e+05,2.4176e+05,2.3478e+05,2.1154e+05,1.4456e+05,1.1842e+05,1.1446e+05,2.4739e+05,2.5564e+05,2.4437e+05,2.372e+05,2.1365e+05,1.4639e+05,1.1999e+05,1.1579e+05,2.5106e+05,2.5558e+05,2.6332e+05,2.5177e+05,2.4391e+05,2.1975e+05,1.517e+05,1.2446e+05,1.199e+05,2.6575e+05,2.6004e+05,2.6374e+05,2.7111e+05,2.5874e+05,2.5021e+05,2.2506e+05,1.5612e+05,1.2843e+05,1.2314e+05,2.6151e+05,2.6118e+05,2.558e+05,2.5961e+05,2.6726e+05,2.5512e+05,2.4707e+05,2.2231e+05,1.5357e+05,1.2616e+05,1.2126e+05,1.8927e+05,2.5247e+05,2.5284e+05,2.4784e+05,2.5248e+05,2.6085e+05,2.4968e+05,2.4253e+05,2.1815e+05,1.5006e+05,1.2341e+05,1.1917e+05,1.8902e+05,2.0453e+05,2.6612e+05,2.6559e+05,2.5907e+05,2.6237e+05,2.6883e+05,2.5597e+05,2.4798e+05,2.224e+05,1.5299e+05,1.252e+05,1.1996e+05,1.3098e+05,1.9064e+05,2.0598e+05,2.674e+05,2.6663e+05,2.5985e+05,2.6296e+05,2.6925e+05,2.5632e+05,2.4817e+05,2.2246e+05,1.5287e+05,1.251e+05,1.1972e+05,63570,1.2258e+05,1.8302e+05,1.9863e+05,2.609e+05,2.6091e+05,2.549e+05,2.5878e+05,2.6542e+05,2.5302e+05,2.4553e+05,2.2058e+05,1.5121e+05,1.2406e+05,1.1876e+05
1.2618e+05,1.2317e+05,1.2041e+05,1.5044e+05,1.2486e+05,1.2222e+05,2.1903e+05,1.5152e+05,1.259e+05,1.2329e+05,2.484e+05,2.238e+05,1.5598e+05,1.3019e+05,1.2717e+05,2.5628e+05,2.4832e+05,2.2372e+05,1.5591e+05,1.3015e+05,1.2714e+05,2.6084e+05,2.5231e+05,2.4457e+05,2.2013e+05,1.5268e+05,1.272e+05,1.2458e+05,2.4602e+05,2.5428e+05,2.4615e+05,2.3865e+05,2.1479e+05,1.478e+05,1.2303e+05,1.2108e+05,2.4195e+05,2.469e+05,2.5518e+05,2.4707e+05,2.3953e+05,2.1559e+05,1.4855e+05,1.237e+05,1.2171e+05,2.6695e+05,2.5895e+05,2.625e+05,2.7005e+05,2.6044e+05,2.516e+05,2.2581e+05,1.5707e+05,1.3145e+05,1.282e+05,2.6534e+05,2.6194e+05,2.5431e+05,2.5803e+05,2.659e+05,2.5657e+05,2.4824e+05,2.229e+05,1.5437e+05,1.2908e+05,1.2623e+05,1.9213e+05,2.5626e+05,2.5355e+05,2.4633e+05,2.5087e+05,2.5947e+05,2.5111e+05,2.437e+05,2.1874e+05,1.5085e+05,1.2631e+05,1.2413e+05,1.6626e+05,1.8537e+05,2.4954e+05,2.4688e+05,2.4005e+05,2.4494e+05,2.54e+05,2.4615e+05,2.3882e+05,2.1421e+05,1.4675e+05,1.2271e+05,1.2055e+05,1.1039e+05,1.6675e+05,1.8579e+05,2.4987e+05,2.4708e+05,2.4009e+05,2.4489e+05,2.5387e+05,2.46e+05,2.3857e+05,2.1391e+05,1.463e+05,1.2234e+05,1.2008e+05,71877,1.297e+05,1.8461e+05,2.0275e+05,2.6527e+05,2.6109e+05,2.5196e+05,2.5481e+05,2.6306e+05,2.5385e+05,2.449e+05,2.1903e+05,1.5042e+05,1.2523e+05,1.2321e+05
1.623e+05,1.5731e+05,1.507e+05,1.6148e+05,1.3751e+05,1.3264e+05,2.3212e+05,1.6405e+05,1.3992e+05,1.3499e+05,2.5565e+05,2.3131e+05,1.6338e+05,1.3932e+05,1.3451e+05,2.6189e+05,2.5348e+05,2.2928e+05,1.6142e+05,1.3756e+05,1.3291e+05,2.5974e+05,2.5019e+05,2.4258e+05,2.1887e+05,1.5208e+05,1.2912e+05,1.2569e+05,2.5158e+05,2.6118e+05,2.5144e+05,2.4373e+05,2.1993e+05,1.5297e+05,1.2983e+05,1.2626e+05,2.4986e+05,2.5842e+05,2.6753e+05,2.5754e+05,2.4925e+05,2.2489e+05,1.5726e+05,1.3347e+05,1.2963e+05,2.4743e+05,2.4124e+05,2.5035e+05,2.5985e+05,2.5061e+05,2.4298e+05,2.1948e+05,1.5269e+05,1.2921e+05,1.2592e+05,2.4882e+05,2.4283e+05,2.3705e+05,2.463e+05,2.5612e+05,2.4711e+05,2.3995e+05,2.1684e+05,1.5023e+05,1.2705e+05,1.241e+05,1.8192e+05,2.4741e+05,2.4155e+05,2.3584e+05,2.4525e+05,2.5519e+05,2.4635e+05,2.3935e+05,2.1632e+05,1.498e+05,1.2674e+05,1.2391e+05,1.3815e+05,1.6229e+05,2.2874e+05,2.2348e+05,2.1925e+05,2.3004e+05,2.4184e+05,2.3481e+05,2.2843e+05,2.0667e+05,1.4162e+05,1.2002e+05,1.1784e+05,1.0482e+05,1.6235e+05,1.8469e+05,2.5001e+05,2.4254e+05,2.3637e+05,2.4453e+05,2.539e+05,2.4586e+05,2.377e+05,2.1399e+05,1.4707e+05,1.2447e+05,1.206e+05,60684,1.183e+05,1.7474e+05,1.9648e+05,2.6078e+05,2.5231e+05,2.4469e+05,2.5153e+05,2.6041e+05,2.5146e+05,2.4225e+05,2.1777e+05,1.501e+05,1.2668e+05,1.2298e+05
1.3786e+05,1.3996e+05,1.3938e+05,1.4376e+05,1.2759e+05,1.2818e+05,1.8633e+05,1.2558e+05,1.1093e+05,1.1231e+05,2.418e+05,2.1586e+05,1.5284e+05,1.369e+05,1.3571e+05,2.5511e+05,2.5011e+05,2.235e+05,1.6011e+05,1.4346e+05,1.4169e+05,2.6341e+05,2.5386e+05,2.4885e+05,2.2228e+05,1.5904e+05,1.4247e+05,1.4074e+05,2.6893e+05,2.7574e+05,2.6507e+05,2.5956e+05,2.3193e+05,1.6757e+05,1.4971e+05,1.4689e+05,2.6854e+05,2.7314e+05,2.7972e+05,2.69e+05,2.6308e+05,2.3504e+05,1.7039e+05,1.5213e+05,1.4906e+05,2.5937e+05,2.4667e+05,2.5287e+05,2.6045e+05,2.5171e+05,2.4745e+05,2.2164e+05,1.5916e+05,1.417e+05,1.4007e+05,2.8765e+05,2.8178e+05,2.6742e+05,2.7252e+05,2.7803e+05,2.6745e+05,2.6087e+05,2.3279e+05,1.6947e+05,1.5038e+05,1.4696e+05,2.9652e+05,3.5352e+05,3.4279e+05,3.2549e+05,3.2483e+05,3.2526e+05,3.0772e+05,2.9461e+05,2.639e+05,1.9593e+05,1.7169e+05,1.6352e+05,2.1656e+05,2.3274e+05,2.94e+05,2.8586e+05,2.7396e+05,2.7808e+05,2.8508e+05,2.7372e+05,2.6295e+05,2.366e+05,1.7357e+05,1.5397e+05,1.4836e+05,1.2368e+05,1.8228e+05,2.0106e+05,2.6382e+05,2.5857e+05,2.4917e+05,2.5689e+05,2.6724e+05,2.5727e+05,2.4887e+05,2.2519e+05,1.6455e+05,1.4658e+05,1.4318e+05,97408,1.4323e+05,2.003e+05,2.1816e+05,2.7932e+05,2.727e+05,2.6119e+05,2.67e+05,2.7663e+05,2.653e+05,2.5538e+05,2.3043e+05,1.6885e+05,1.4968e+05,1.4655e+05
1.3712e+05,1.4326e+05,1.4294e+05,1.6956e+05,1.5198e+05,1.5122e+05,2.3421e+05,1.7525e+05,1.5738e+05,1.5637e+05,2.5695e+05,2.3484e+05,1.759e+05,1.5796e+05,1.5697e+05,2.503e+05,2.359e+05,2.1536e+05,1.5729e+05,1.4126e+05,1.419e+05,2.6534e+05,2.5208e+05,2.3746e+05,2.1684e+05,1.5866e+05,1.4247e+05,1.4287e+05,2.4457e+05,2.5204e+05,2.397e+05,2.2567e+05,2.0623e+05,1.4894e+05,1.3422e+05,1.3598e+05,2.5029e+05,2.5293e+05,2.5986e+05,2.4722e+05,2.3241e+05,2.1229e+05,1.5422e+05,1.3865e+05,1.4002e+05,2.725e+05,2.5961e+05,2.6148e+05,2.6798e+05,2.5458e+05,2.3904e+05,2.1792e+05,1.5891e+05,1.4293e+05,1.4354e+05,2.6233e+05,2.6543e+05,2.5304e+05,2.5522e+05,2.6221e+05,2.4925e+05,2.3443e+05,2.1399e+05,1.5526e+05,1.3976e+05,1.4094e+05,2.0194e+05,2.5912e+05,2.6249e+05,2.5023e+05,2.527e+05,2.5997e+05,2.4737e+05,2.3288e+05,2.1257e+05,1.5408e+05,1.3888e+05,1.403e+05,2.2477e+05,2.2066e+05,2.76e+05,2.7826e+05,2.6425e+05,2.6513e+05,2.7017e+05,2.5553e+05,2.401e+05,2.1834e+05,1.5828e+05,1.4171e+05,1.4193e+05,1.1647e+05,1.9728e+05,1.9514e+05,2.5166e+05,2.5622e+05,2.4417e+05,2.4794e+05,2.5569e+05,2.4215e+05,2.286e+05,2.0901e+05,1.5088e+05,1.3568e+05,1.3766e+05,73186,1.3712e+05,2.1669e+05,2.1333e+05,2.6809e+05,2.7131e+05,2.5701e+05,2.5864e+05,2.6565e+05,2.5067e+05,2.3538e+05,2.1445e+05,1.5532e+05,1.3883e+05,1.4116e+05
1.3471e+05,1.2678e+05,1.2227e+05,1.8045e+05,1.5738e+05,1.5075e+05,2.7284e+05,2.1008e+05,1.8481e+05,1.7689e+05,2.9645e+05,2.7344e+05,2.1081e+05,1.8552e+05,1.7763e+05,2.8754e+05,2.7237e+05,2.5116e+05,1.8951e+05,1.6633e+05,1.6026e+05,2.9037e+05,2.8098e+05,2.6624e+05,2.4529e+05,1.8427e+05,1.6162e+05,1.5627e+05,2.5559e+05,2.6598e+05,2.5846e+05,2.4471e+05,2.26e+05,1.668e+05,1.4668e+05,1.4366e+05,2.4224e+05,2.5176e+05,2.6243e+05,2.5506e+05,2.4171e+05,2.2325e+05,1.6449e+05,1.448e+05,1.4198e+05,2.5411e+05,2.4337e+05,2.5272e+05,2.6326e+05,2.5582e+05,2.4235e+05,2.2377e+05,1.6481e+05,1.4512e+05,1.4216e+05,2.4556e+05,2.4763e+05,2.3738e+05,2.471e+05,2.5809e+05,2.5106e+05,2.3819e+05,2.2024e+05,1.6147e+05,1.4223e+05,1.3975e+05,1.2809e+05,1.9159e+05,1.9767e+05,1.8985e+05,2.0433e+05,2.1954e+05,2.1824e+05,2.1075e+05,1.9499e+05,1.4002e+05,1.2504e+05,1.2647e+05,1.385e+05,1.4154e+05,2.0359e+05,2.0871e+05,1.9951e+05,2.128e+05,2.2636e+05,2.2356e+05,2.1542e+05,1.9863e+05,1.4253e+05,1.266e+05,1.2723e+05,1.1823e+05,1.9251e+05,1.9144e+05,2.5108e+05,2.5144e+05,2.3801e+05,2.4551e+05,2.5371e+05,2.4869e+05,2.3662e+05,2.1552e+05,1.5541e+05,1.3712e+05,1.3405e+05,51505,1.2279e+05,1.9683e+05,1.9531e+05,2.5471e+05,2.5484e+05,2.4091e+05,2.4794e+05,2.5601e+05,2.5086e+05,2.3836e+05,2.1714e+05,1.5669e+05,1.3823e+05,1.3523e+05
1.1827e+05,1.2597e+05,1.2338e+05,1.53e+05,1.3368e+05,1.307e+05,2.1759e+05,1.4937e+05,1.3037e+05,1.2755e+05,2.5653e+05,2.2939e+05,1.6047e+05,1.41e+05,1.3719e+05,2.7286e+05,2.5965e+05,2.3227e+05,1.6317e+05,1.4335e+05,1.3928e+05,2.7475e+05,2.7528e+05,2.6182e+05,2.3429e+05,1.6499e+05,1.4507e+05,1.408e+05,2.8254e+05,2.9654e+05,2.954e+05,2.8092e+05,2.515e+05,1.8052e+05,1.5811e+05,1.5153e+05,2.4764e+05,2.6781e+05,2.829e+05,2.824e+05,2.693e+05,2.4099e+05,1.7159e+05,1.5075e+05,1.4488e+05,2.6347e+05,2.5725e+05,2.7658e+05,2.9114e+05,2.8977e+05,2.7591e+05,2.466e+05,1.7616e+05,1.5506e+05,1.4853e+05,2.5131e+05,2.5156e+05,2.4627e+05,2.6623e+05,2.8174e+05,2.8124e+05,2.6851e+05,2.4034e+05,1.7025e+05,1.4994e+05,1.4428e+05,1.5006e+05,2.1356e+05,2.1662e+05,2.1306e+05,2.3638e+05,2.5484e+05,2.5835e+05,2.4938e+05,2.2275e+05,1.553e+05,1.3795e+05,1.3502e+05,1.3527e+05,1.5399e+05,2.1678e+05,2.1928e+05,2.1515e+05,2.3799e+05,2.5587e+05,2.5883e+05,2.4967e+05,2.2267e+05,1.5486e+05,1.3726e+05,1.3401e+05,95965,1.6342e+05,1.8006e+05,2.4163e+05,2.4159e+05,2.3524e+05,2.55e+05,2.7003e+05,2.7179e+05,2.6052e+05,2.312e+05,1.6121e+05,1.4242e+05,1.3723e+05,55430,1.0378e+05,1.7061e+05,1.8684e+05,2.4789e+05,2.4731e+05,2.4024e+05,2.5933e+05,2.7415e+05,2.7557e+05,2.6372e+05,2.3395e+05,1.6332e+05,1.4409e+05,1.3892e+05
1.173e+05,1.2145e+05,1.2204e+05,1.4139e+05,1.2051e+05,1.2135e+05,2.2006e+05,1.49e+05,1.2754e+05,1.2813e+05,2.3826e+05,2.1381e+05,1.4335e+05,1.2222e+05,1.2337e+05,2.6245e+05,2.457e+05,2.2066e+05,1.4985e+05,1.28e+05,1.2859e+05,2.5938e+05,2.5917e+05,2.4264e+05,2.1775e+05,1.4724e+05,1.257e+05,1.2667e+05,2.7077e+05,2.8267e+05,2.806e+05,2.6297e+05,2.3597e+05,1.6366e+05,1.3952e+05,1.381e+05,2.4082e+05,2.5616e+05,2.6918e+05,2.6776e+05,2.5151e+05,2.2562e+05,1.5487e+05,1.3226e+05,1.3149e+05,2.6495e+05,2.6253e+05,2.7609e+05,2.8814e+05,2.848e+05,2.6694e+05,2.3879e+05,1.6587e+05,1.4246e+05,1.4016e+05,2.5934e+05,2.5915e+05,2.572e+05,2.7101e+05,2.8348e+05,2.8048e+05,2.6314e+05,2.3552e+05,1.6274e+05,1.3971e+05,1.3785e+05,2.0294e+05,2.681e+05,2.6728e+05,2.6495e+05,2.7804e+05,2.8986e+05,2.8592e+05,2.6771e+05,2.3976e+05,1.6634e+05,1.4262e+05,1.4013e+05,1.5655e+05,1.8602e+05,2.5205e+05,2.5167e+05,2.5062e+05,2.6489e+05,2.7838e+05,2.7595e+05,2.5838e+05,2.3151e+05,1.5933e+05,1.3683e+05,1.3489e+05,90194,1.5494e+05,1.8458e+05,2.5068e+05,2.5034e+05,2.493e+05,2.6363e+05,2.7721e+05,2.7478e+05,2.5725e+05,2.3047e+05,1.5829e+05,1.3594e+05,1.3408e+05,43507,82078,1.473e+05,1.7743e+05,2.444e+05,2.4475e+05,2.4481e+05,2.5995e+05,2.7392e+05,2.7218e+05,2.5521e+05,2.2917e+05,1.5708e+05,1.3532e+05,1.3345e+05
77380,59102,72658,11469,9075.6,26556,47508,0,0,15462,48379,44996,0,0,13649,61321,67858,63059,13870,10896,27734,77614,94567,98509,92224,40003,34498,47837,66266,1.0049e+05,1.1589e+05,1.1888e+05,1.1076e+05,57006,49142,60320,70240,93486,1.2558e+05,1.3964e+05,1.4019e+05,1.2984e+05,73061,62473,72487,68148,85151,1.0718e+05,1.3851e+05,1.5113e+05,1.5049e+05,1.3849e+05,80119,68935,77824,1.3436e+05,1.3874e+05,1.5036e+05,1.6918e+05,1.9431e+05,2.0144e+05,1.9332e+05,1.7431e+05,1.1304e+05,96853,1.0016e+05,88359,1.6168e+05,1.6405e+05,1.7445e+05,1.9093e+05,2.14e+05,2.1823e+05,2.0739e+05,1.8733e+05,1.2415e+05,1.0579e+05,1.0711e+05,1.2334e+05,1.5588e+05,2.2377e+05,2.2289e+05,2.2712e+05,2.3832e+05,2.5402e+05,2.5141e+05,2.378e+05,2.1291e+05,1.4428e+05,1.2103e+05,1.1915e+05,91033,1.5979e+05,1.8963e+05,2.5583e+05,2.517e+05,2.5305e+05,2.6026e+05,2.7231e+05,2.6817e+05,2.5192e+05,2.2411e+05,1.5276e+05,1.2792e+05,1.2359e+05,26856,69518,1.3976e+05,1.7075e+05,2.3895e+05,2.365e+05,2.4036e+05,2.4962e+05,2.6257e+05,2.6002e+05,2.4549e+05,2.1932e+05,1.4878e+05,1.2541e+05,1.2099e+05
70094,44142,63956,12616,17460,39350,41477,13432,18273,40029,42699,46622,18210,22827,44276,46577,51708,54915,26105,29888,50616,62411,70663,74020,76236,45263,47228,65464,51999,73737,81227,83998,85322,53690,54544,71807,46480,57057,78381,85440,87731,88518,56161,56440,73404,56010,61022,70728,91499,97334,98595,97872,63977,63625,79392,1.051e+05,1.0244e+05,1.0381e+05,1.1142e+05,1.281e+05,1.3037e+05,1.2674e+05,1.2149e+05,85743,82147,94312,75721,1.2352e+05,1.1946e+05,1.1996e+05,1.2596e+05,1.4126e+05,1.4158e+05,1.361e+05,1.3017e+05,93195,88137,98990,1.0265e+05,1.2423e+05,1.6823e+05,1.6184e+05,1.579e+05,1.6009e+05,1.7007e+05,1.6539e+05,1.5791e+05,1.4851e+05,1.0755e+05,98946,1.0748e+05,83320,1.3284e+05,1.5208e+05,1.9465e+05,1.8559e+05,1.793e+05,1.7823e+05,1.8522e+05,1.793e+05,1.6964e+05,1.5788e+05,1.1472e+05,1.0477e+05,1.112e+05,13557,51341,1.031e+05,1.2385e+05,1.6906e+05,1.6245e+05,1.5966e+05,1.6168e+05,1.699e+05,1.6635e+05,1.5925e+05,1.5002e+05,1.0847e+05,1.0093e+05,1.0728e+05
85267,74654,93597,31998,40889,62432,43398,25831,35258,56909,38377,43233,25698,35125,56979,42840,44848,49120,31248,40026,61321,54929,57992,58954,62668,43482,51148,70932,46870,60917,63593,64144,67387,47872,54963,74264,59453,61731,74602,76407,75601,77571,56311,61858,80462,53374,54880,57859,71087,73428,73105,75654,54784,60511,79275,92161,83401,82526,84152,94757,94813,91331,90999,68935,72571,89034,71878,1.0161e+05,92106,90753,91546,1.0145e+05,1.0051e+05,96069,95414,72752,75631,91435,88623,1.0271e+05,1.3003e+05,1.1903e+05,1.148e+05,1.1314e+05,1.1963e+05,1.1545e+05,1.0973e+05,1.0687e+05,81636,82243,96549,77028,1.1216e+05,1.2438e+05,1.5056e+05,1.375e+05,1.3147e+05,1.2728e+05,1.3143e+05,1.2628e+05,1.1886e+05,1.1415e+05,87218,86757,99387,24339,55599,92141,1.0539e+05,1.3322e+05,1.2176e+05,1.1814e+05,1.1605e+05,1.2103e+05,1.1754e+05,1.1185e+05,1.0889e+05,83185,84461,97041
70485,62689,79672,49162,57644,75044,48759,43666,52614,70103,37337,46767,41841,50883,68726,36770,38226,47469,42419,51303,69012,44849,45910,46793,55753,49942,58185,75024,50729,59461,59483,59589,67275,60424,67135,82583,49412,47372,56318,56259,56628,64459,57834,64829,80358,50769,47050,45550,54746,55041,55705,63891,57454,64556,80116,77576,70577,65271,62918,70371,69176,67749,74072,66852,72566,86625,65850,84862,77288,71602,68599,75521,73572,71399,77478,69810,74930,88477,79111,87413,1.0472e+05,96034,88298,83549,88074,83800,80723,85251,75735,79258,91747,71133,96027,1.0298e+05,1.1947e+05,1.0932e+05,1.0028e+05,93704,96533,91557,87219,90438,79710,82432,93658,40660,64194,89409,96714,1.1361e+05,1.0404e+05,95833,89979,93062,88726,84961,88861,78799,82241,93414
67590,61549,73956,52549,57645,70408,65615,61943,66359,78563,57087,67679,63869,68199,80392,54279,55640,66207,62371,66733,78948,60587,60146,61185,71626,67327,71305,83012,44571,51469,51803,53089,64334,60761,65677,78278,49439,41622,48694,48948,50474,61865,58502,63688,76382,50338,46989,39660,46971,47555,49394,61150,58012,63342,76120,68560,63004,58641,50765,56975,56598,57099,67684,64024,68454,80273,60426,72532,66659,62075,53845,59780,59001,59084,69546,65655,69747,81288,71225,76498,87286,80564,74403,64862,68970,66413,65826,75117,69817,72704,83459,66702,84145,88387,98539,90703,83533,72581,75383,72270,70713,79003,72767,75015,84789,33099,51687,70060,75036,86316,79729,74304,64864,68276,66372,66039,75583,70302,73738,83341
