7.4239,0,0,21.759,0,0,127.86,89.969,48.956,18.842,146.06,121.21,85.73,43.012,16.866,140.61,132.64,109.21,75.672,37.072,7.7119,165.35,162.28,147.69,120.89,86.197,44.564,14.855,159.87,160.05,158.89,148.26,123.97,86.525,45.093,14.577,133.43,134.31,139.11,141.6,122.39,87.491,53.291,25.679,4.6207,126.24,148.97,158.24,158.05,153.68,143.79,122.55,84.993,41.782,12.71,78.177,120.34,145.16,151.83,154.9,153.14,141.63,118.17,85.836,47.683,20.866,29.382,69.964,111.93,138.48,148.47,151.25,150.85,141.54,117.09,80.077,38.548,9.4744,8.4864,35.609,73.823,113.21,137.97,146.08,146.12,144.74,135.93,114.07,78.308,37.179,8.4405,0,8.4864,35.609,73.823,113.21,137.97,146.08,146.12,144.74,135.93,114.07,78.308,37.179,8.4405,0,0,8.4864,35.609,73.823,113.21,137.97,146.08,146.12,144.74,135.93,114.07,78.308,37.179,8.4405
9.4677,55.083,31.767,92.896,53.143,26.248,130.21,91.059,47.614,18.544,145.94,113.02,71.977,33.812,8.5763,157.04,145.93,113.9,73.204,37.343,10.873,164.94,155.38,141.25,110.52,70.76,34.658,9.0233,166.21,163.13,156.32,145.01,117.03,76.521,36.604,11.719,154.06,162.19,160.21,149.83,124.19,78.61,33.984,7.5558,0,128.53,151.48,158.35,158.04,152.82,138.94,113.6,76.259,34.486,6.8401,81.161,118.86,147.9,158.7,155.32,150.14,135.7,108.15,71.309,36.229,15.658,34.981,77.253,114.42,142.66,154.72,154.92,150.12,137.5,110.45,70.329,30.004,5.1466,1.7341,32.816,73.719,109.07,135.4,146.12,145.75,141.71,131.59,107.88,70.713,30.289,2.915,0,1.7341,32.816,73.719,109.07,135.4,146.12,145.75,141.71,131.59,107.88,70.713,30.289,2.915,0,0,1.7341,32.816,73.719,109.07,135.4,146.12,145.75,141.71,131.59,107.88,70.713,30.289,2.915
13.709,50.944,23.101,82.047,42.32,16.68,125.98,86.936,45.769,16.436,147.53,118.18,78.702,35.804,11.022,166.38,153.87,125.34,83.789,43.62,16.639,167.86,159.95,143.9,117.19,78.443,37.705,10.973,164,164.87,159.18,145.67,120.05,80.461,37.44,9.8457,150.87,163.9,165.16,161.81,153,134.37,98.998,54.845,21.326,128.39,153.19,161.81,160.87,155.94,144.51,118.9,79.615,38.189,10.218,81.245,122.91,148.36,158.75,160.67,154.72,140.47,114.97,78.645,39.862,16.159,29.732,74.333,116.06,141.86,153.37,156.63,153.11,139.41,113.27,74.13,32.024,4.475,3.9559,29.601,72.079,112.62,137.58,147.3,149.48,146.48,135.44,112.43,75.412,34.133,5.6029,0,3.9559,29.601,72.079,112.62,137.58,147.3,149.48,146.48,135.44,112.43,75.412,34.133,5.6029,0,0,3.9559,29.601,72.079,112.62,137.58,147.3,149.48,146.48,135.44,112.43,75.412,34.133,5.6029
13.062,17.112,0,80.123,41.615,16.779,67.126,38.701,6.0768,0,90.753,73.597,42.24,9.9723,0,114.98,113.01,92.882,58.675,23.913,0.59599,160.63,155.65,141.71,115.29,77.395,36.85,9.9844,159.08,160.25,156.69,145.37,119.15,79.238,37.112,9.4022,148.68,163.2,165.56,159.43,146.68,124.87,92.516,53.237,21.874,127.32,152.72,162.93,163.01,158.09,146.29,121.43,81.97,39.227,11.311,80.529,121.86,149.32,161.2,162.13,157.1,144.2,119.08,81.474,42.085,17.515,31.527,74.863,116.37,143.9,156.26,158.58,154.99,142.85,116.17,75.992,33.369,5.9476,4.4011,31.774,73.777,114.42,140.34,150.68,152.05,149.26,138.91,115.31,77.835,36.165,7.7818,0,4.4011,31.774,73.777,114.42,140.34,150.68,152.05,149.26,138.91,115.31,77.835,36.165,7.7818,0,0,4.4011,31.774,73.777,114.42,140.34,150.68,152.05,149.26,138.91,115.31,77.835,36.165,7.7818
0,0,0,35.76,4.741,0,119.85,84.6,41.854,10.346,131.81,107.48,71.557,36.75,12.166,144.23,133.05,110.42,73.563,33.769,7.9747,134.16,125.73,115.72,94.887,60.061,24.285,0.35999,154.33,152.56,145.7,135.33,112.81,76.153,35.795,11.696,148.54,145.83,126.35,101.36,88.107,79.204,59.778,31.826,8.0938,124.84,149.22,156.26,153.46,146.8,135.39,110.91,75.056,34.652,6.6783,82.105,122.32,147.17,155.48,150.47,141.83,130.64,109.33,75.83,41.943,19.457,31.44,78.11,118.32,143.48,152.57,151.67,144.51,132.31,108.62,70.968,30.57,3.315,1.5264,28.954,73.855,113.71,137.71,146.47,146.2,140.27,130.5,107.87,71.274,29.827,0.83171,0,1.5264,28.954,73.855,113.71,137.71,146.47,146.2,140.27,130.5,107.87,71.274,29.827,0.83171,0,0,1.5264,28.954,73.855,113.71,137.71,146.47,146.2,140.27,130.5,107.87,71.274,29.827,0.83171
13.982,34.554,13.514,40.883,10.429,0,105.03,68.283,27.974,1.1036,114.35,87.66,54.228,20.103,0,131.83,121.58,97.409,59.158,24.451,2.2398,150.45,141.22,125.95,99.05,62.214,26.748,3.879,158.95,155.23,149.48,136.13,110.12,72.173,34.65,10.348,141.87,150.53,150.94,144.69,123.53,85.158,44.618,15.159,1.6632,125.22,148.01,155.71,152.38,145.52,131.53,106.63,69.043,28.653,3.1803,83.159,123.99,148.82,155.39,151.39,144.09,129.68,102.55,70.003,36.74,16.245,31.316,75.285,115.73,141.76,151.32,148.66,142.85,129.15,101.64,63.482,24.44,0.43951,7.4143,35.645,77.676,115.19,139.55,148.57,146.09,141.14,128.88,104.21,66.583,25.931,0,0,7.4143,35.645,77.676,115.19,139.55,148.57,146.09,141.14,128.88,104.21,66.583,25.931,0,0,0,7.4143,35.645,77.676,115.19,139.55,148.57,146.09,141.14,128.88,104.21,66.583,25.931,0
0,40.133,18.079,68.195,33.723,11.335,120.96,80.852,39.068,10.162,113.11,87.572,55.456,21.319,2.0836,136.47,125.15,99.109,62.904,27.401,4.3498,141.27,132.38,118.48,92.446,58.913,24.014,1.2872,145.7,144.63,138.01,126.27,103.01,67.781,30.822,8.7688,145.27,151.56,144.27,130.95,114.1,91.791,65.508,36.658,13.514,125.62,149.23,155.12,151.77,143.55,129.11,104.43,67.622,28.415,3.2569,79.161,119.31,144.78,151.81,148.01,138.98,123.19,100.69,69.342,35.559,15.805,33.956,77.698,118.02,143.03,150.57,148.31,140.22,124.95,98.894,62.223,23.238,0,0,29.095,71.166,111.25,137.14,145.22,143.39,137.63,125.16,100.97,64.335,23.889,0,0,0,29.095,71.166,111.25,137.14,145.22,143.39,137.63,125.16,100.97,64.335,23.889,0,0,0,0,29.095,71.166,111.25,137.14,145.22,143.39,137.63,125.16,100.97,64.335,23.889,0
5.1549,0,0,33.646,4.8551,0,72.953,42.031,5.9355,0,88.947,72.159,44.452,14.144,0,110.73,103.8,79.916,46.77,12.81,0,69.014,73.028,67.677,52.692,24.929,0,0,109.99,113.98,115.3,110.72,92.476,61.371,27.08,4.4958,57.361,75.819,78.438,85.185,84.578,73.526,42.911,9.2801,0,63.585,96.533,109.56,113.99,115.5,106.93,85.53,50.912,13.989,0,70.585,112.72,137.64,146.23,143.81,136.04,125.05,102.93,69.273,34.716,15.644,30.075,75.348,115.31,138.73,147.31,145.17,138,124.02,98.912,60.877,21.277,0,6.2716,32.933,77.034,116.59,139.26,146.88,145.55,139.44,126.3,102.66,64.699,23.965,0,0,6.2716,32.933,77.034,116.59,139.26,146.88,145.55,139.44,126.3,102.66,64.699,23.965,0,0,0,6.2716,32.933,77.034,116.59,139.26,146.88,145.55,139.44,126.3,102.66,64.699,23.965,0
0,22.944,7.4895,43.466,17.327,2.7093,53.718,21.414,0,0,36.207,29.785,9.616,0,0,93.795,85.941,63.305,31.242,0,0,80.74,82.733,77.012,57.731,32.267,0.18313,0,69.476,80.995,89.457,90.424,78.354,53.264,25.086,7.0161,42.886,52.771,62.532,63.189,57.477,37.442,13.574,0,0,56.163,83.724,97.936,103.01,104.03,95.277,73.982,41.222,4.1175,0,49.211,88.787,111.93,120.9,124.12,121.91,113.89,93.7,65.472,36.906,17.612,27.505,65.075,101.24,123.34,131.53,130.58,124.4,113.03,87.043,52.376,16.441,0,3.055,28.975,66.926,103.82,125.22,133.75,130.94,124.14,111.87,86.355,50.781,11.745,0,0,3.055,28.975,66.926,103.82,125.22,133.75,130.94,124.14,111.87,86.355,50.781,11.745,0,0,0,3.055,28.975,66.926,103.82,125.22,133.75,130.94,124.14,111.87,86.355,50.781,11.745,0
0,35.755,20.309,82.606,49.63,31.819,110.29,67.602,28.519,5.5361,48.262,38.201,18.809,0,0,128.21,111.16,88.13,53.971,12.9,0,64.669,62.389,59.975,49.066,25.553,0,0,57.315,73.407,80.491,82.973,77.477,56.072,28.787,13.961,85.398,94.064,87.886,78.975,67.383,59.943,41.584,19.118,0,55.732,81.238,91.099,94.465,95.608,87.238,66.946,35.349,2.0179,0,50.661,79.106,98.055,110.04,112.06,108.57,103.68,90.736,66.231,38.371,22.59,22.596,58.616,88.421,106.8,114.97,114.83,108.88,97.263,77.283,45.993,12.275,0,0,19.406,58.057,91.697,111.97,118.99,116.88,109.12,95.73,73.394,39.238,3.0418,0,0,0,19.406,58.057,91.697,111.97,118.99,116.88,109.12,95.73,73.394,39.238,3.0418,0,0,0,0,19.406,58.057,91.697,111.97,118.99,116.88,109.12,95.73,73.394,39.238,3.0418,0
15.79,55.255,32.648,71.025,37.795,19.495,62.576,32.479,0,0,118.13,94.912,61.528,30.76,8.6327,121.59,109.92,95.138,58.628,23.638,8.1772,162.32,149.83,135.69,116.54,81.535,43.715,23.328,156.98,155.95,152.57,145.13,128.05,95.463,60.105,35.841,127.37,130.18,133.75,133.78,134.9,123.84,93.938,51.594,21.58,111.57,124.78,129.48,124.48,121.03,111.44,89.68,55.165,18.572,0,65.863,88.016,102.06,112.05,113.33,114.82,114.57,98.425,73.43,45.041,25.305,19.741,50.938,78.736,93.698,102.79,103.85,102.8,95.895,75.971,46.722,12.085,0,0,16.876,55.045,87.611,104.78,113.66,110.91,106.15,94.525,72.412,39.661,3.2186,0,0,0,16.876,55.045,87.611,104.78,113.66,110.91,106.15,94.525,72.412,39.661,3.2186,0,0,0,0,16.876,55.045,87.611,104.78,113.66,110.91,106.15,94.525,72.412,39.661,3.2186,0
9.2301,51.53,23.172,94.004,57.047,31.091,125.5,85.516,44.11,14.173,144.35,116.1,82.847,43.892,17.647,137.43,126.34,106.51,75.682,40.201,18.888,162.99,150.03,137.59,115.28,82.996,49.188,22.394,157.56,154.14,149.54,140.61,121.24,90.442,53.989,30.013,158.04,164.67,151.88,131.58,113.7,105.31,89.493,61.987,33.637,119.31,135.06,138.37,135.22,126.95,117.4,96.854,63.801,28.133,3.2896,68.466,98.991,116.82,122.32,122.61,119,109.8,96.142,70.447,40.739,19.348,21.405,54.716,85.741,104.9,109.41,110.05,105.75,96.6,78.675,48.18,15.219,0,0,22.925,59.596,95.866,117.68,121.9,120.9,114,103.47,82.376,49.699,14.468,0,0,0,22.925,59.596,95.866,117.68,121.9,120.9,114,103.47,82.376,49.699,14.468,0,0,0,0,22.925,59.596,95.866,117.68,121.9,120.9,114,103.47,82.376,49.699,14.468,0
8.4239,46.96,16.503,93.428,55.819,27.944,126.61,87.961,46.762,15.511,147.74,122.57,85.014,45.284,17.923,136.72,128.04,109.16,77.314,44.875,19.298,155.38,150.82,138.31,116.75,83.486,47.897,20.773,164.01,159.42,156.26,147.5,125.62,91.288,52.616,25.166,143.63,159.47,161.38,160.91,155.56,137.84,105.41,65.116,33.609,108.25,129.49,136.28,135.29,132.04,122.81,102.89,70.37,33.01,7.5462,71.047,104.68,127.51,135.02,133.51,130.25,122.79,103.76,73.768,39.635,16.564,23.324,58.416,91.813,112.13,119.77,119.02,116.52,107.81,88.281,55.793,19.088,0,1.6226,26.968,67.169,103.77,125.78,132.62,130.33,125.92,115.31,94.915,61.428,24.153,0,0,1.6226,26.968,67.169,103.77,125.78,132.62,130.33,125.92,115.31,94.915,61.428,24.153,0,0,0,1.6226,26.968,67.169,103.77,125.78,132.62,130.33,125.92,115.31,94.915,61.428,24.153,0
6.6864,47.408,14.948,92.64,54.642,27.304,127.87,87.968,46.85,17.537,155.31,128.04,89.867,48.017,16.88,166.15,156.52,130.68,94.396,55.843,28.973,171.52,165.13,154.33,128.57,93.177,54.104,24.864,144.81,145.42,145.18,139.3,118.75,84.621,45.883,18.532,129,143.04,145.29,145.23,143.16,127.77,95.684,55.785,25.021,114.93,137.28,144.3,144.07,140.36,131.5,110.99,77.167,38.538,11.424,73.219,109.92,133.53,140.87,141.26,139.12,129.57,109.56,77.452,41.174,14.331,24.849,61.025,96.173,118.22,125.88,127.11,124.61,116.73,96.186,62.1,23.706,0,1.3518,29.277,69.4,107.37,129.99,136.53,135.71,131.24,122.26,101.3,67.573,29.496,3.5947,0,1.3518,29.277,69.4,107.37,129.99,136.53,135.71,131.24,122.26,101.3,67.573,29.496,3.5947,0,0,1.3518,29.277,69.4,107.37,129.99,136.53,135.71,131.24,122.26,101.3,67.573,29.496,3.5947
4.8276,45.832,17.712,87.542,48.824,22.462,144.1,103.77,57.862,27.499,103.42,89.811,61.333,27.277,1.791,128.72,124.7,104.62,74.187,37.979,3.1172,40.352,56.069,59.163,51.119,26.826,0,0,127.37,133.12,136.48,133.04,113.9,80.182,41.058,12.902,93.982,122.97,137.08,140.53,134.35,116.21,83.488,44.623,16.112,91.909,120.81,132.47,136.19,137.31,129.99,109.16,74.805,35.94,8.9971,74.476,110.15,135.63,148.07,150.4,147.03,137.29,115.92,80.802,40.539,13.617,24.021,62.15,98.062,121.59,132.46,135.85,134.43,125.12,103.83,67.974,27.536,0,1.007,27.873,69.672,107.81,131.32,139.48,139.86,136.63,126.87,106.12,71.71,33.222,6.9251,0,1.007,27.873,69.672,107.81,131.32,139.48,139.86,136.63,126.87,106.12,71.71,33.222,6.9251,0,0,1.007,27.873,69.672,107.81,131.32,139.48,139.86,136.63,126.87,106.12,71.71,33.222,6.9251
7.8069,44.948,15.069,91.24,50.643,23.848,129.96,90.472,46.243,17.072,160.83,137.81,97.854,53.166,21.556,173.37,162.68,138.29,100.5,55.87,26.324,169.14,168.62,159.17,134.03,99.419,54.246,26.328,162.07,162.88,165.62,158.87,137.84,98.999,56.999,25.599,128.05,118.09,121.79,136.76,150.72,139.59,103.96,57.377,18.088,125.41,141.31,148.83,147.96,147.62,140.6,120.56,84.284,40.938,12.432,71.11,102.64,122.2,129.04,134.52,139.38,139.17,119.02,86.902,48.099,19.568,24.133,57.007,90.492,109.89,119.6,124.79,128.5,126.47,105.17,70.635,29.206,1.4156,2.2624,28.943,66.537,102.48,121.11,129.52,129.36,129.1,122.29,100.82,66.752,26.699,2.229,0,2.2624,28.943,66.537,102.48,121.11,129.52,129.36,129.1,122.29,100.82,66.752,26.699,2.229,0,0,2.2624,28.943,66.537,102.48,121.11,129.52,129.36,129.1,122.29,100.82,66.752,26.699,2.229
7.8121,43.62,11.778,93.453,51.179,22.782,127.01,90.06,47.319,16.85,162.38,135.74,95.488,50.635,17.996,152.45,149.12,127.54,90.599,49.666,19.981,171.55,167.76,158.48,135.35,95.209,53.148,21.612,162.55,165.73,165.12,158.02,134.85,95.228,49.337,19.104,158.43,172.01,173.31,168.68,155.98,135.12,99.634,57.622,24.946,128.3,148.62,154.89,156.17,154.62,147.79,126.13,88.11,45.52,15.181,77.209,110.59,131.08,142.05,146.6,148.08,140.64,122.11,85.682,43.241,13.696,24.589,63.727,97.361,119.37,129.17,136.08,138.65,132.65,112.6,74.627,32.158,2.0268,0.23735,28.526,69.574,105.43,127.37,134.15,137.2,136.25,129.27,108.68,72.618,33.126,5.7946,0,0.23735,28.526,69.574,105.43,127.37,134.15,137.2,136.25,129.27,108.68,72.618,33.126,5.7946,0,0,0.23735,28.526,69.574,105.43,127.37,134.15,137.2,136.25,129.27,108.68,72.618,33.126,5.7946
13.885,25.984,2.8048,75.267,36.347,13.394,42.237,18.838,0,0,75.405,65.518,38.037,3.5936,0,150.07,145.96,125.43,87.316,46.401,16.722,158.85,160.38,151.22,127.99,89.105,46.333,16.076,155.82,158.55,160.66,154.23,130.23,90.287,45.431,14.144,134.04,146.28,149.02,147.59,142.16,123.73,90.707,48.502,16.146,118.99,141.63,150.63,153.07,153.17,146.99,125.61,87.667,43.947,13.974,73.627,111.38,136.41,145.61,148.56,149.68,144.16,121.85,83.909,41.581,13.223,26.181,65.551,102.54,125.53,136.45,141.38,144.67,139.01,116.98,77.979,34.031,4.3609,2.6992,31.333,72.707,109.79,131.26,139.06,140.92,141.42,134.39,113.4,76.902,35.729,8.7001,0,2.6992,31.333,72.707,109.79,131.26,139.06,140.92,141.42,134.39,113.4,76.902,35.729,8.7001,0,0,2.6992,31.333,72.707,109.79,131.26,139.06,140.92,141.42,134.39,113.4,76.902,35.729,8.7001
7.4508,33.915,5.7827,83.568,44.913,17.8,127.38,92.377,52.915,23.201,122.86,104.99,67.248,32.615,7.7474,165.83,154.49,129.73,90.261,50.278,20.831,166.05,156.95,145.19,122.99,84.807,45.072,15.082,170.6,164.36,159.78,151.07,128.76,90.791,47.799,18.003,101.38,109.98,97.624,65.578,49.726,46.589,40.024,18.236,0,112.32,136.1,143.97,142.41,139.85,133.06,112.01,77.611,37.439,9.0509,78.464,116.62,137.1,145.46,143.11,135.08,125.96,108.8,76.835,39.816,13.818,27.327,70.748,108.86,130.09,138.32,140.41,136.58,128.99,109.04,74.203,32.534,3.0276,0,24.384,68.135,107.42,127.67,134.38,134.67,131.1,124.32,104.11,70.009,29.301,1.1506,0,0,24.384,68.135,107.42,127.67,134.38,134.67,131.1,124.32,104.11,70.009,29.301,1.1506,0,0,0,24.384,68.135,107.42,127.67,134.38,134.67,131.1,124.32,104.11,70.009,29.301,1.1506
0,44.032,14.277,84.901,45.286,17.573,108.17,78.191,40.859,13.562,152.96,123.98,87.315,47.729,15.985,162.68,151.91,125.27,85.357,48.866,18.329,162.89,157.89,147.2,121.73,83.757,44.841,12.9,160.8,156.28,156.37,148.76,125.46,87.374,46.138,14.791,101.01,129.9,136.93,130.23,119.61,99.873,67.722,32.149,5.3587,85.992,115.56,127.78,131.33,132.71,125.3,105.43,71.759,31.715,3.8291,67.134,107.3,137.23,146.78,144.57,139.69,132.52,110.51,76.755,39.723,15.294,27.726,68.54,107.08,133.09,143.54,143.96,141.3,133.5,111.58,74.921,33.673,5.2935,0,25.987,68.777,106.93,129.92,138.12,137,134.31,126.56,106.38,71.635,31.161,3.4706,0,0,25.987,68.777,106.93,129.92,138.12,137,134.31,126.56,106.38,71.635,31.161,3.4706,0,0,0,25.987,68.777,106.93,129.92,138.12,137,134.31,126.56,106.38,71.635,31.161,3.4706
1.8995,45.24,14.472,85.014,45.774,19.127,129.79,92.978,53.437,25.451,136.68,116.09,82.051,39.86,14.431,153.55,143.73,117.89,81.157,39.325,10.629,120.16,121.52,115.71,95.129,63.307,25.236,0,102.03,114.13,119.69,117.35,100.53,68.724,30.088,3.9155,99.192,130.81,141.68,137.03,122.25,100.93,67.747,31.255,5.0188,94.716,124.02,137.07,141.32,140.26,131.58,109.33,73.679,33.747,5.2441,71.902,114.85,141.73,153.73,157.06,151.91,137.85,115.54,80.944,42.827,14.564,22.876,63.529,104.8,131.83,144.49,149.09,145.94,135.38,112.97,76.364,34.967,4.834,0.87456,25.932,66.57,106.85,130.51,138.66,140.02,136.06,127.13,106.65,72.155,32.413,3.9565,0,0.87456,25.932,66.57,106.85,130.51,138.66,140.02,136.06,127.13,106.65,72.155,32.413,3.9565,0,0,0.87456,25.932,66.57,106.85,130.51,138.66,140.02,136.06,127.13,106.65,72.155,32.413,3.9565
2.2024,47.16,16.969,85.514,47.072,17.724,135.61,97.603,58.463,26.557,122.78,102.07,65.849,30.938,6.1523,115.35,112.96,96.37,62.088,27.642,3.1535,169.33,165.84,152.35,128.66,89.526,46.277,17.107,165.52,169.2,168.1,158.62,134.04,93.703,49.153,18.047,145.92,159.57,174.37,179.27,170.36,143.65,103.18,55.751,21.391,130.16,151.29,161.28,162.07,158.74,147.72,123.21,84.013,41.209,11.773,68.191,102.4,129.25,145.32,151.5,150.67,142.94,120.75,85.354,44.944,18.448,22.847,59.594,96.99,123.2,138.47,145.16,146.18,137.64,114.47,77.272,35.158,6.1437,0,21.897,61.52,98.913,122.45,132.93,134.93,133.77,124.79,103.84,68.969,29.375,2.2134,0,0,21.897,61.52,98.913,122.45,132.93,134.93,133.77,124.79,103.84,68.969,29.375,2.2134,0,0,0,21.897,61.52,98.913,122.45,132.93,134.93,133.77,124.79,103.84,68.969,29.375,2.2134
0.35598,43.63,14.852,76.191,38.083,11.233,132.87,94.963,52.733,22.787,128.27,103.3,71.252,31.996,3.1786,169.62,160.85,135.15,94.791,52.57,22.797,169.52,164.14,154.64,129.24,89.486,48.385,17.684,165.67,166.26,164.03,156.15,131.44,90.942,46.844,16.205,150.57,150.42,136.42,130.53,130.84,121.48,90.788,48.659,15.829,128.87,151.14,158.41,159.42,156.13,146.34,123.5,85.387,42.576,11.563,73.041,110.25,137.4,146.85,147.53,148.32,139.99,118.18,83.031,44.595,16.997,26.593,66.015,103.17,129.22,141.14,145.45,145.8,138.19,116.37,78.163,35.406,5.6748,0,25.221,66.325,103.11,126.98,135.61,137.21,135.81,128.46,108.03,72.083,31.436,2.9431,0,0,25.221,66.325,103.11,126.98,135.61,137.21,135.81,128.46,108.03,72.083,31.436,2.9431,0,0,0,25.221,66.325,103.11,126.98,135.61,137.21,135.81,128.46,108.03,72.083,31.436,2.9431
0,38.537,9.6595,80.696,40.512,11.633,105.33,74.06,36.814,6.3363,143.77,120.46,82.959,40.533,14.26,115.91,116.1,100.24,65.021,29.989,4.7489,163.72,159.47,147.65,123.84,85.278,42.538,13.899,161.12,163.25,160.48,150.64,126.7,86.282,42.009,11.36,149.42,163.65,162.06,150.72,137.84,117.06,85.733,46.428,16.4,125.71,149.81,159.34,159.04,156.32,146.49,123.21,84.972,42.034,12.142,76.578,115.84,141.14,152.24,154.16,149.49,139.18,116.88,82.478,41.104,13.678,26.883,68.801,109.09,134.34,146.44,150.22,149.4,140.26,116.9,79.237,35.268,5.2832,0,25.907,68.574,107.66,130.83,140.16,141.2,140.29,132.05,111.16,75.39,33.614,5.0249,0,0,25.907,68.574,107.66,130.83,140.16,141.2,140.29,132.05,111.16,75.39,33.614,5.0249,0,0,0,25.907,68.574,107.66,130.83,140.16,141.2,140.29,132.05,111.16,75.39,33.614,5.0249
0,36.482,9.2698,69.986,32.748,4.7718,111.09,77.159,38.949,7.4245,101.45,83.502,53.174,18.58,0,106.74,108.53,91.567,60.118,24.306,0,155.89,150.75,140.18,116.39,78.395,38.192,7.6772,159.49,159.97,156.86,148.06,123.04,83.609,39.501,10.579,149.13,153.01,143.86,137.16,127.06,111.21,78.311,39.085,10.338,127.17,149.91,157.47,158.14,152.94,143.86,121.13,82.78,40.249,9.4316,74.689,117.05,143.09,151.21,149.7,146.01,135.96,115.41,78.256,40.05,14.037,26.331,69.824,109.98,136.16,146.15,148.91,147.03,138.16,116.1,76.387,33.84,3.7954,3.2933,30.918,72.784,111.43,134.49,140.95,142.85,140.07,132.4,111.55,74.227,32.859,3.2034,0,3.2933,30.918,72.784,111.43,134.49,140.95,142.85,140.07,132.4,111.55,74.227,32.859,3.2034,0,0,3.2933,30.918,72.784,111.43,134.49,140.95,142.85,140.07,132.4,111.55,74.227,32.859,3.2034
0.6967,31.572,4.7326,78.194,38.434,10.178,127.91,91.273,48.684,15.231,139.79,115.38,80.332,40.13,11.518,151.21,142.43,121.27,82.193,42.086,12.395,156.63,150.65,139.06,116.5,78.812,37.991,10.391,155.78,153.44,149.63,141.6,119.19,81.041,38.935,10.655,141.49,140.04,123.15,109.55,105.61,95.312,71.266,35.896,8.0961,124.41,146.79,152.86,150.37,146.23,136.68,115.53,79.442,37.023,6.8791,75.427,117.08,141.11,145.73,142.13,136.96,128.48,108.9,77.746,39.811,14.163,29.674,73.953,114.37,137.71,145.86,144.72,142.07,133.62,112.2,75.167,31.857,2.98,0,28.556,72.469,110.7,132.53,139.33,137.8,135.92,128.11,108.08,71.541,28.791,0,0,0,28.556,72.469,110.7,132.53,139.33,137.8,135.92,128.11,108.08,71.541,28.791,0,0,0,0,28.556,72.469,110.7,132.53,139.33,137.8,135.92,128.11,108.08,71.541,28.791,0
0,37.671,9.1545,83.753,41.77,13.225,128.19,91.091,47.841,15.472,151.83,125.77,86.39,43.278,14.031,164.1,153.71,129.24,89.682,46.109,17.189,164.63,156.38,144.99,119.95,81.919,39.863,10.852,160.49,158.86,154.58,145.02,121.13,81.825,38.457,9.4031,152.83,163.97,164.27,156.93,143.84,119.81,83.596,43.952,15.445,127.73,150.82,157.18,154.87,149.75,140.32,117.99,80.573,37.931,7.7751,78.035,119.32,144.02,151.14,148.03,142.59,132.79,112.64,78.108,39.383,12.786,29.996,74.846,115.63,140.23,148.01,148.27,145,136.08,113.22,75.117,31.997,2.1011,0,28.405,72.234,111.69,134.31,140.9,140.63,138.02,130.76,109.5,72.81,30.162,0.34956,0,0,28.405,72.234,111.69,134.31,140.9,140.63,138.02,130.76,109.5,72.81,30.162,0.34956,0,0,0,28.405,72.234,111.69,134.31,140.9,140.63,138.02,130.76,109.5,72.81,30.162,0.34956
0,0,0,7.0389,0,0,121.34,80.118,38.127,10.007,116.43,98.551,65.416,26.303,1.8336,149.34,141.14,123.77,80.65,32.035,9.128,130.04,127.98,121.8,102.46,66.076,23.1,0.64842,63.21,82.805,90.182,91.31,79.208,47.998,11.712,0,123.02,140.29,147.62,144.39,134.96,112.39,78.199,37.113,9.0809,123.53,147.93,156.58,155.98,151.53,141.9,119.06,80.655,37.392,7.366,71.681,116.21,142.61,151.76,151.82,146.77,136.66,114.7,78.889,38.27,11.353,28.793,74.89,116.75,141.93,151.49,152.45,149.52,139.3,115.75,76.241,32.043,2.1123,1.1569,29.664,74.443,114.49,137.52,144.8,144.95,142.76,134.46,113.15,75.445,32.439,2.6718,0,1.1569,29.664,74.443,114.49,137.52,144.8,144.95,142.76,134.46,113.15,75.445,32.439,2.6718,0,0,1.1569,29.664,74.443,114.49,137.52,144.8,144.95,142.76,134.46,113.15,75.445,32.439,2.6718
7.2201,49.456,23.484,92.596,50.199,22.386,138.06,95.11,50.215,21.213,166.2,128.7,84.669,42.465,12.603,175.4,159.82,131.31,83.821,41.945,18.025,178.82,166.91,150.81,122.42,79.05,39.284,13.625,178.35,175.4,167.79,154.67,126.29,83.708,40.986,13.053,147.98,158.17,167.96,163.95,135.62,92.141,51.82,21.162,6.6309,136.78,157.11,162.24,159.24,154.13,140.9,115.3,74.526,32.053,4.4444,83.223,116.05,139.67,150.02,148.67,146.06,133.25,107.55,73.219,35.392,12.8,30.053,72.124,109,133.31,144.42,145.89,144.52,132.14,105.71,67.081,25.05,0,0,28.681,70.552,105.22,128.82,137.8,137.06,135.57,124.9,101.2,63.392,22.209,0,0,0,28.681,70.552,105.22,128.82,137.8,137.06,135.57,124.9,101.2,63.392,22.209,0,0,0,0,28.681,70.552,105.22,128.82,137.8,137.06,135.57,124.9,101.2,63.392,22.209,0
0,36.685,9.723,79.555,38.67,10.767,127.83,88.111,45.416,14.17,141.44,113.73,74.716,30.597,6.2732,130.74,125.8,104.54,65.832,26.687,4.0083,158.66,153.13,140.52,113.59,73.933,32.175,5.5916,163.58,165.4,160.91,148.62,121.49,78.499,33.829,6.159,158.53,174.04,181.51,177.73,166.51,141.99,102.77,56.883,22.691,133.26,155.39,164.37,164.73,159.39,147.99,121.21,80.113,36.396,8.138,72.409,113.87,140.94,152.81,155.98,151.64,139.72,114.2,74.682,34.47,10.257,29.815,73.628,113.92,139.72,151.13,155.19,151.99,140.09,112.83,71.371,27.938,0.22042,0.78493,29.789,72.4,112.47,136.15,145.34,147.81,145.26,135.67,111.32,72.845,30.351,2.3284,0,0.78493,29.789,72.4,112.47,136.15,145.34,147.81,145.26,135.67,111.32,72.845,30.351,2.3284,0,0,0.78493,29.789,72.4,112.47,136.15,145.34,147.81,145.26,135.67,111.32,72.845,30.351,2.3284
0,35.964,11.656,79.309,38.621,12.475,102.61,65.437,25.677,0,97.615,78.777,43.711,8.5572,0,149.7,141.39,116.88,75.886,34.67,7.5223,158.99,154.96,141.99,115.78,74.742,33.613,5.3445,164.72,164.85,161.55,150.24,122.47,79.681,34.778,6.3665,149.12,153.69,148.64,146.53,140.4,121.38,85.558,43.388,13.135,128.69,151.7,160.04,160.88,156.91,145.76,120.42,79.34,35.134,6.1933,75.859,118.04,143.82,153.07,154.48,152.43,140.84,115.52,76.954,36.584,11.215,29.587,74.485,114.64,140.42,151.09,153.62,152.04,140.64,114.26,71.937,28.064,0.17602,3.0088,32.859,76.464,114.83,138.57,146.77,148.4,146.53,136.83,113.11,73.138,30.271,1.9097,0,3.0088,32.859,76.464,114.83,138.57,146.77,148.4,146.53,136.83,113.11,73.138,30.271,1.9097,0,0,3.0088,32.859,76.464,114.83,138.57,146.77,148.4,146.53,136.83,113.11,73.138,30.271,1.9097
5.4703,0,0,11.677,0,0,25.432,2.4539,0,0,24.261,23.231,6.3532,0,0,28.595,41.612,35.741,6.8781,0,0,69.429,76.684,76.7,63.346,32.901,0,0,47.346,66.553,78.17,82.982,73.225,44.411,10.059,0,32.301,49.87,52.124,46.336,49.932,47.808,32.441,3.6944,0,55.015,90.077,106.65,114.91,119.87,114.43,93.411,57.489,16.824,0,48.008,94.863,122.12,135.13,138.55,133.65,126.44,107.6,72.732,33.44,9.4622,30.807,77.726,118.97,141.98,151.7,152.48,147.88,136.89,111.62,71.953,27.351,0,1.1985,30.06,75.811,116.15,137.52,145.89,146,143.01,133.62,110.22,71.723,27.661,0,0,1.1985,30.06,75.811,116.15,137.52,145.89,146,143.01,133.62,110.22,71.723,27.661,0,0,0,1.1985,30.06,75.811,116.15,137.52,145.89,146,143.01,133.62,110.22,71.723,27.661,0
0,18.415,0,18.211,0,0,101.28,67.358,29.175,0,93.869,76.657,52.181,24.295,3.5199,81.221,78.402,60.253,29.355,0,0,105.84,100.95,94.523,77.26,46.112,15.239,0,132.45,129.83,130.16,127.59,110.47,79.839,44.958,20.505,77.786,69.738,53.029,35.767,25.008,19.272,10.324,0,0,73.594,96.649,104.05,106.41,105.2,97.828,78.584,45.583,7.9248,0,43.039,78.201,101.04,106.91,104.94,105.75,103.29,91.126,66.811,40.008,21.123,26.904,65.374,97.852,118.93,124,121.37,117.64,109.4,89.601,55.737,19.516,0,0,23.131,62.472,95.589,116.24,120.62,117.5,112.25,102.88,81.18,45.142,5.6916,0,0,0,23.131,62.472,95.589,116.24,120.62,117.5,112.25,102.88,81.18,45.142,5.6916,0,0,0,0,23.131,62.472,95.589,116.24,120.62,117.5,112.25,102.88,81.18,45.142,5.6916,0
0,0,0,49.222,19.971,2.3229,94.963,57.145,17.555,0,126.69,105.2,76.346,39.985,14.91,157.15,138.67,109.24,68.733,27.389,0,58.849,64.626,64.057,50.049,27.024,0,0,40.597,54.743,67.557,75.306,69.692,49.088,24.15,5.8553,32.653,48.441,49.661,51.254,49.223,32.64,11.101,0,0,49.37,74.882,85.474,90.985,92.707,85.617,68.511,37.565,1.5031,0,36.806,75.436,98.595,103.27,105.49,105.33,99.731,85.609,64.019,36.25,17.04,24.251,59.252,93.04,113.19,118.36,115.22,111.5,102.27,81.882,50.141,14.67,0,1.3205,26.462,62.848,96.425,116.56,120.95,116.25,111.2,100.32,78.932,44.025,5.1924,0,0,1.3205,26.462,62.848,96.425,116.56,120.95,116.25,111.2,100.32,78.932,44.025,5.1924,0,0,0,1.3205,26.462,62.848,96.425,116.56,120.95,116.25,111.2,100.32,78.932,44.025,5.1924,0
0,0,0,0,0,0,67.735,33.94,1.6318,0,111.01,91.046,54.652,23.533,2.8068,128.68,114.27,88.433,51.451,12.041,0,95.727,94.362,89.084,71.469,44.079,8.8456,0,73.265,90.469,99.847,101.83,91.805,65.867,34.505,14.896,67.817,94.383,134,149.25,131.72,89.617,43.679,13.506,0,46.889,70.899,85.551,93.485,98.019,91.832,69.337,35.752,0,0,37.385,64.871,84.706,103.03,113.44,114.83,109.85,92.976,64.113,34.49,15.086,19.316,49.961,77.668,96.395,107.65,113.34,111.02,101.33,77.872,45.242,10.552,0,0,17.377,52.247,84.061,102.86,112.14,112.41,106.88,95.956,71.657,38.046,1.4839,0,0,0,17.377,52.247,84.061,102.86,112.14,112.41,106.88,95.956,71.657,38.046,1.4839,0,0,0,0,17.377,52.247,84.061,102.86,112.14,112.41,106.88,95.956,71.657,38.046,1.4839,0
17.345,29.112,17.643,76.752,41.375,25.43,0,0,0,0,114.46,84.626,54.394,22.935,1.609,98.15,85.017,61.346,28.628,0,0,44.534,52.919,47.994,35.307,11.613,0,0,52.423,73.112,86.324,88.412,77.268,54.097,28.841,11.758,42.654,69.769,89.923,95.513,71.023,34.69,7.4896,0,0,41.869,65.899,81.861,93.165,96.301,86.384,64.297,28.915,0,0,25.883,56.251,81.235,97.812,109.78,113.91,103.6,80.593,53.324,27.29,13.278,13.82,38.94,65.8,87.935,101.32,106.45,106.21,92.421,67.284,34.31,3.5805,0,3.0197,20.802,50.345,79.282,101.74,110.76,110.86,106.14,90.846,66.552,32.197,0,0,0,3.0197,20.802,50.345,79.282,101.74,110.76,110.86,106.14,90.846,66.552,32.197,0,0,0,0,3.0197,20.802,50.345,79.282,101.74,110.76,110.86,106.14,90.846,66.552,32.197,0,0
0,0.62767,0,9.9728,0,0,39.134,9.216,0,0,38.497,34.575,11.574,0,0,41.653,36.684,23.794,5.8801,0,0,60.138,64.241,58.65,46.868,28.203,0,0,55.405,77.827,90.225,92.22,84.556,65.028,36.504,20.597,47.832,54.757,77.22,84.063,76.386,67.036,50.951,28.762,5.3771,35.703,56.485,73.802,85.874,88.925,84.319,61.081,28.66,0,0,25.556,51.623,65.85,85.153,103.55,104.3,95.952,83.024,56.645,31.77,14.856,9.3068,31.966,57.232,73.601,85.885,97.196,95.261,84.114,62.209,32.77,3.5086,0,0,10.257,37.835,71.042,89.184,98.448,103.11,96.05,83.634,59.168,28.412,0,0,0,0,10.257,37.835,71.042,89.184,98.448,103.11,96.05,83.634,59.168,28.412,0,0,0,0,0,10.257,37.835,71.042,89.184,98.448,103.11,96.05,83.634,59.168,28.412,0,0
10.382,34.346,19.437,41.443,17.392,3.4213,74.585,40.368,7.0547,0,118.39,87.477,53.962,29.266,7.0722,130.04,109.35,81.498,50.482,21.517,0,92.79,91.918,81.789,66.184,39.487,16.962,0,117.55,120.27,126.4,124.21,108.05,82.463,56.397,37.015,66.22,66.036,57.38,58.474,52.538,40.111,22.96,7.7972,0,44.322,61.116,72.35,81.25,85.226,76.294,57.08,26.264,0,0,29.42,47.138,66.608,78.789,84.684,90.543,88.391,70.876,48.735,29.058,20.078,10.548,28.149,46.055,63.259,75.204,78.656,79.87,71.066,51.531,22.9,0,0,0,14.58,41.313,64.606,84.059,92.849,92.192,87.263,73.213,51.504,19.677,0,0,0,0,14.58,41.313,64.606,84.059,92.849,92.192,87.263,73.213,51.504,19.677,0,0,0,0,0,14.58,41.313,64.606,84.059,92.849,92.192,87.263,73.213,51.504,19.677,0,0
0,47.227,24.132,93.486,58.787,36.027,121.79,78.559,41.249,17.472,146.72,109.38,72.363,32.841,11.841,173.23,147.46,115.93,83.357,49.453,31.441,174.77,162.7,142.69,114.01,84.338,50.256,30.547,172.84,171.53,166.3,152.21,128.38,96.056,62.467,40.191,164.18,175.46,182.01,172.82,151.51,121.17,90.482,61.44,39.29,123.22,129.4,134.92,134.1,127.13,113.77,88.243,54.154,21.005,1.478,58.81,78.161,91.183,101.17,111.47,111.88,98.299,77.484,54.563,30.895,13.823,11.026,27.845,50.971,67.051,78.376,86.952,86.364,75.658,53.448,27.282,0,0,0,12.995,37.504,67.461,86.706,97.061,99.037,94.045,80.977,57.532,28.895,0,0,0,0,12.995,37.504,67.461,86.706,97.061,99.037,94.045,80.977,57.532,28.895,0,0,0,0,0,12.995,37.504,67.461,86.706,97.061,99.037,94.045,80.977,57.532,28.895,0,0
0,35.068,11.002,84.053,48.325,25.66,117.76,77.906,41.385,16.153,146.24,112.55,68.481,30.48,9.3103,163.96,146.26,117.58,84.76,50.932,30.658,175.73,165,147.24,119.99,84.369,49.358,26.35,154.36,158.38,155.78,143.44,118.48,83.249,46.755,24.652,163.67,184.3,189.35,190.99,177.35,153.91,113.65,71.989,40.808,86.918,107.3,119.93,126.59,126.65,116.05,92.039,57.919,25.142,4.9689,55.943,80.508,103.74,121.29,126.92,122.78,111.11,87.65,53.326,21.667,6.6855,14.673,39.954,64.519,85.532,99.65,106.93,105.22,93.222,70.347,36.837,5.3844,0,0,18.664,51.054,82.059,104.69,115.99,120.34,116.1,103.28,80.767,48.522,17.444,0,0,0,18.664,51.054,82.059,104.69,115.99,120.34,116.1,103.28,80.767,48.522,17.444,0,0,0,0,18.664,51.054,82.059,104.69,115.99,120.34,116.1,103.28,80.767,48.522,17.444,0
0,11.353,0,46.884,19.556,3.8615,51.324,22.621,0,0,64.452,45.672,17.234,0,0,127.58,119.39,96.619,60.195,32.776,12.517,108.7,113.96,102.88,83.325,49.076,21.907,1.2549,127.76,134.57,136.47,129.3,104.78,70.441,37.082,14.066,48.472,81.023,99.792,103.12,103.88,86.312,58.105,21.39,3.4188,100.83,122.81,136.89,142.95,141.3,129.08,103.39,67.202,32.468,11.365,62.464,96.204,120.61,135.27,141.46,139.62,122.86,92.47,56.692,24.395,3.2572,15.403,43.526,74.308,97.05,113.1,120.66,119.99,106.36,80.143,45.465,10.974,0,3.1659,23.213,56.934,90.144,113.12,126.37,130.43,127.47,114.39,90.906,58.061,25.097,4.7638,0,3.1659,23.213,56.934,90.144,113.12,126.37,130.43,127.47,114.39,90.906,58.061,25.097,4.7638,0,0,3.1659,23.213,56.934,90.144,113.12,126.37,130.43,127.47,114.39,90.906,58.061,25.097,4.7638
0,45.63,22.407,97.435,57.359,32.906,136.33,96.527,56.961,27.434,160.09,122.22,79.023,38.811,15.774,179.08,156.26,126.27,87.196,50.502,33.183,188.01,171.26,151.87,120.94,82.849,45.408,26.683,186.7,183.15,173.75,155.75,127.61,86.718,48.667,26.243,161.12,162.99,159.29,134.76,112.81,91.623,66.779,38.765,15.984,132.59,144.51,154.3,154.48,146.6,131.35,103.04,67.872,33.326,12.377,47.622,75.276,99.201,116.41,123.96,116.46,105.17,82.989,51.329,20.808,6.0882,18.855,46.25,73.765,95.211,110.15,117.7,112.55,100.68,75.801,42.869,10.292,0,0.19943,20.917,52.33,84.668,105.44,118.4,122.29,116.69,104.34,80.011,48.923,16.318,0,0,0.19943,20.917,52.33,84.668,105.44,118.4,122.29,116.69,104.34,80.011,48.923,16.318,0,0,0,0.19943,20.917,52.33,84.668,105.44,118.4,122.29,116.69,104.34,80.011,48.923,16.318,0
0,40.614,13.203,91.196,50.07,24.841,132.85,92.648,53.34,25.931,160.67,123.65,78.174,37.457,12.262,177.23,158.76,131.84,91.318,54.622,34.042,190.38,178.91,157.25,127.16,84.961,48.004,24.373,183.58,184.39,176.13,156.54,123.62,81.978,40.675,15.149,178.23,199.06,203.59,199.45,182.63,154.65,111.31,63.648,31.938,137.07,156.59,167.43,168.52,160.9,145.56,117.29,78.374,42.351,19.96,73.323,108.71,134.54,147.95,150.53,146.23,127.54,96.572,58.75,24.856,3.4476,17.831,51.307,85.241,111.46,126.5,133.97,132.51,117.13,90.208,53.215,18.068,0,2.1157,23.583,59.323,93.847,119.03,131.39,136.68,133.63,120.45,96.719,62.515,29.29,7.1088,0,2.1157,23.583,59.323,93.847,119.03,131.39,136.68,133.63,120.45,96.719,62.515,29.29,7.1088,0,0,2.1157,23.583,59.323,93.847,119.03,131.39,136.68,133.63,120.45,96.719,62.515,29.29,7.1088
0,32.077,5.7745,85.065,43.297,18.081,130.93,92.62,52.537,24.101,157.18,120.64,77.158,34.745,8.8015,178.16,160.26,132.78,92.147,51.819,31.237,186.24,177.25,157.14,125.14,82.726,41.969,20.125,183.08,184.12,175.41,156.25,122.27,77.008,33.794,8.5269,169.56,185.16,189.23,182.93,168.25,140.1,98.54,52.267,21.05,137.38,159.07,172.11,174.37,167.59,151.78,122.46,82.905,44.514,21.293,75.35,112.91,139.65,155.96,160.99,151.91,133.2,102.72,62.444,22.38,0.22276,23.546,60.503,97.603,124.13,141.99,149.17,145.59,130.71,101.8,62.129,22.42,0,4.9273,29.311,66.627,103.29,127.61,141.93,147.11,144.4,131.69,106.62,71.222,34.901,12.817,0,4.9273,29.311,66.627,103.29,127.61,141.93,147.11,144.4,131.69,106.62,71.222,34.901,12.817,0,0,4.9273,29.311,66.627,103.29,127.61,141.93,147.11,144.4,131.69,106.62,71.222,34.901,12.817
0,5.7303,0,51.128,13.745,0,64.652,38.23,8.0622,0,119.06,91.366,52.918,14.528,0,169.36,152.11,123.1,84.643,42.879,19.638,180.75,172.13,152.88,119.86,77.969,35.485,10.261,168.75,174.28,168.76,149.4,115.96,71.92,27.379,1.1556,168.86,184.77,185.49,182.32,162.65,133.77,89.281,46.549,14.795,96.068,127.6,145.85,153.88,153.02,139.9,111.87,72.727,34.757,11.717,68.529,111.55,142.07,158.37,161.71,155.24,137.29,105.07,61.886,22.691,0.13322,24.677,65.448,105.45,134.66,151.55,159.2,156.07,140.09,109.34,67.354,26.907,1.9465,5.5898,31.371,70.403,107.7,133.2,146.97,153.14,150.46,137.58,111.67,74.413,37.149,13.557,0,5.5898,31.371,70.403,107.7,133.2,146.97,153.14,150.46,137.58,111.67,74.413,37.149,13.557,0,0,5.5898,31.371,70.403,107.7,133.2,146.97,153.14,150.46,137.58,111.67,74.413,37.149,13.557
0,0,0,1.3259,0,0,20.14,1.5335,0,0,41.231,32.083,8.523,0,0,52.516,51.369,38.561,10.48,0,0,54.813,63.019,55.059,38.698,8.4417,0,0,65.229,84.962,90.584,84.837,64.501,33.278,1.8132,0,40.473,67.723,74.186,57.619,38.515,17.68,0.25781,0,0,64.228,101.27,123.8,133.84,132.98,119.47,92.241,55.536,20.171,0,53.812,102.45,132.79,150.77,154.99,143.69,122.65,92.877,55.298,20.003,0,24.637,67.879,110.36,140.42,158.07,162.18,155,136.09,104.93,64.638,25.754,2.3259,5.4407,28.719,68.176,106.67,132.56,146.65,150.31,145.37,130.72,104.28,67.715,30.79,7.2745,0,5.4407,28.719,68.176,106.67,132.56,146.65,150.31,145.37,130.72,104.28,67.715,30.79,7.2745,0,0,5.4407,28.719,68.176,106.67,132.56,146.65,150.31,145.37,130.72,104.28,67.715,30.79,7.2745
0,49.636,28.36,90.108,53.481,30.643,130.61,88.302,50.697,25.833,159.93,122.83,83.095,46.891,24.082,166.56,141.28,109.57,61.948,24.968,10.873,186.6,167.18,144.91,112.21,69.956,34.262,16.109,111.22,116.72,114.52,105.02,83.733,52.04,24,8.6608,61.572,54.679,50.821,34.937,21.885,4.9181,0,0,0,120.9,137.69,147.43,146.88,135.72,117.34,88.702,52.555,18.027,0,47.42,81.73,107.12,119.05,120.1,112.77,100.13,78.465,50.12,24.979,12.047,22.988,58.213,92.93,118.82,132.29,134.94,127.89,112.23,85.147,50.583,18.23,0,2.453,23.497,55.977,88.443,111.3,122.59,123.95,116.8,101.88,75.789,41.435,7.389,0,0,2.453,23.497,55.977,88.443,111.3,122.59,123.95,116.8,101.88,75.789,41.435,7.389,0,0,0,2.453,23.497,55.977,88.443,111.3,122.59,123.95,116.8,101.88,75.789,41.435,7.389,0
0,39.046,15.272,87.739,47.313,23.349,130.53,90.743,53.088,25.383,158.19,120.62,78.192,38.47,15.749,172.85,152,121.56,77.138,40.215,22.308,187.12,171.28,150.1,119.17,75.136,38.666,16.659,186.46,186.78,175.46,155.58,123.12,80.736,39.75,16.451,173.7,206.04,226.35,224.88,199.82,162.78,110.99,59.683,28.771,136.12,156.19,166.53,167.12,157.83,139.45,106.93,66.497,30.697,8.0927,68.352,98.656,124.05,141.85,147.91,142.5,125.14,98.618,62.93,29.116,10.595,20.717,57.287,91.593,118.77,137.13,146,141.57,123.64,96.125,58.217,22.178,0.70944,0,19.631,55.075,89.111,114.38,128.3,134.34,129.14,113.22,87.206,51.617,17.391,0,0,0,19.631,55.075,89.111,114.38,128.3,134.34,129.14,113.22,87.206,51.617,17.391,0,0,0,0,19.631,55.075,89.111,114.38,128.3,134.34,129.14,113.22,87.206,51.617,17.391,0
0,36.518,9.9981,16.909,0,0,18.334,0,0,0,131.98,102.76,65.13,29.41,10.056,49.775,57.304,40.19,8.9565,0,0,181.69,174.78,154.75,119.81,77.392,39.132,13.267,139.26,145.65,145.75,132.75,102.48,64.257,27.557,3.2327,71.417,98.288,111.15,117.73,113.71,94.281,58.263,19.838,0,71.907,105.67,126.99,136.77,137.36,123.9,95.43,57.01,20.596,0.062949,66.423,105.35,134.45,151.5,157.09,151.27,134.26,102.6,62.836,26.853,6.6749,23.107,60.546,100,129.47,148.24,155.41,151.86,135.16,103.51,63.093,25.011,2.854,5.1473,27.637,63.875,100.74,126.38,141.64,146.84,143.04,127.78,100.03,62.987,26.663,4.809,0,5.1473,27.637,63.875,100.74,126.38,141.64,146.84,143.04,127.78,100.03,62.987,26.663,4.809,0,0,5.1473,27.637,63.875,100.74,126.38,141.64,146.84,143.04,127.78,100.03,62.987,26.663,4.809
0,15.469,2.7113,2.1501,0,0,9.8762,0,0,0,16.055,9.8059,0,0,0,40.512,42.099,21.906,0,0,0,30.404,42.216,38.78,22.017,0,0,0,35.921,59.102,69.253,69.619,53.415,30.772,5.2571,0,39.137,62.405,56.648,43.886,23.853,12.004,1.2939,0,0,45.7,80.914,101.09,116.46,114.42,100.29,74.657,40.093,8.208,0,29.312,75.244,108.14,123.18,131.08,127.11,107.64,86.033,53.508,25.303,9.2843,20.725,55.902,93.769,125.02,140.59,146.13,139.42,120.13,93.371,55.01,22.201,1.3346,7.1901,28.956,59.875,95.159,123.48,133.69,138.71,131.08,113.93,88.051,51.475,18.339,0,0,7.1901,28.956,59.875,95.159,123.48,133.69,138.71,131.08,113.93,88.051,51.475,18.339,0,0,0,7.1901,28.956,59.875,95.159,123.48,133.69,138.71,131.08,113.93,88.051,51.475,18.339,0
0,2.7245,0,0.78946,0,0,6.8845,0,0,0,17.119,15.729,1.8422,0,0,34.05,28.21,13.624,0,0,0,29.719,37.281,30.367,19.601,2.1955,0,0,44.95,62.788,71.481,71.671,62.277,43.882,23.721,10.751,8.1657,6.604,5.9113,1.2471,0,0,0,0,0,35.583,63.067,81.242,89.184,89.785,77.493,54.428,24.406,0,0,26.592,57.57,78.869,91.953,99.097,95.157,86.891,71.513,52.446,30.772,18.72,17.256,45.846,78.061,99.469,112.98,115.94,110.81,96.08,72.024,43.84,14.469,0,1.5523,16.345,45.543,77.371,98.288,110.13,110.09,103.36,86.227,60.985,29.369,0,0,0,1.5523,16.345,45.543,77.371,98.288,110.13,110.09,103.36,86.227,60.985,29.369,0,0,0,0,1.5523,16.345,45.543,77.371,98.288,110.13,110.09,103.36,86.227,60.985,29.369,0,0
0,56.369,39.475,109.98,72.141,48.045,135.79,93.963,54.949,27.372,155.8,115.65,79.873,49.915,27.227,189.66,154.79,116.78,82.215,48.365,27.404,190.31,164.4,139.9,109.93,78,48.579,28.539,193.39,180.9,167.08,149.37,123.58,92.803,63.957,45.648,160.44,142.68,120.44,99.416,74.732,57.742,39.576,25.056,12.055,112.62,121.5,124.91,120.13,108.14,91.465,66.902,36.138,7.573,0,57.16,74.116,87.592,93.489,90.968,87.18,79.029,65.97,49.011,34.558,25.211,15.054,39.082,62.919,82.05,91.1,92.567,86.307,74.641,55.255,30.11,6.8262,0,0,12.194,38.086,65.296,85.379,93.885,93.312,83.78,68.409,44.264,14.299,0,0,0,0,12.194,38.086,65.296,85.379,93.885,93.312,83.78,68.409,44.264,14.299,0,0,0,0,0,12.194,38.086,65.296,85.379,93.885,93.312,83.78,68.409,44.264,14.299,0,0
0,34.997,11.886,93.382,55.403,31.911,132.37,92.926,53.843,25.483,159.88,123.98,83.085,43.673,20.418,179.1,153.59,127.18,88.741,56.199,37.169,186.43,170.13,145.82,119.85,81.986,48.994,30.515,185.25,179.23,166.22,147.01,119.07,82.72,48.166,27.146,165.73,194.16,203.8,195.85,182.73,155.82,115.37,67.218,38.018,139.01,152.85,160.2,155.24,142.72,124.57,97.04,62.937,31.08,11.059,67.503,97.141,117,128.82,130.01,120.64,106.09,83.485,55.932,28.201,11.832,15.549,47.172,79.208,100.76,114.02,117.02,110.85,95.731,72.788,42.821,12.441,0,0.95037,17.401,51.641,85.641,107.77,119.92,121.49,114.42,98.475,74.842,43.123,11.596,0,0,0.95037,17.401,51.641,85.641,107.77,119.92,121.49,114.42,98.475,74.842,43.123,11.596,0,0,0,0.95037,17.401,51.641,85.641,107.77,119.92,121.49,114.42,98.475,74.842,43.123,11.596,0
0,35.544,10.418,90.139,50.012,26.244,132.03,92.112,52.349,23.668,161.05,123.55,78.686,38.588,13.065,178.43,157.5,129.75,91.839,53.64,36.485,193.03,176.83,155.98,124.13,84.204,46.787,26.93,177.38,176.28,165.71,145.72,114.51,74.258,36.398,14.517,177.41,197.93,207.05,202.55,185.26,153.71,107.51,61.251,32.218,135.96,155.32,166.41,165.63,154.49,136.68,107.73,71.277,37.253,16.015,64.313,100.67,128.15,143.31,145.66,137.12,120.18,92.865,56.405,23.708,4.775,20.487,54.856,89.786,115.73,130.53,135.11,128.34,112.86,85.848,50.298,16.487,0,4.2016,26.748,62.151,98.099,122.42,135.4,139,132.18,117.31,91.419,57.647,24.406,3.7793,0,4.2016,26.748,62.151,98.099,122.42,135.4,139,132.18,117.31,91.419,57.647,24.406,3.7793,0,0,4.2016,26.748,62.151,98.099,122.42,135.4,139,132.18,117.31,91.419,57.647,24.406,3.7793
0,28.046,2.6884,103.24,59.938,35.314,76.111,45.122,15.925,0,122.82,92.622,54.574,16.894,0,178.04,156.09,127.84,85.385,46.179,26.641,194.68,182.87,160.04,128.12,84.769,43.45,19.494,141.07,149.21,145.31,129.57,101.2,63.125,24.29,1.2077,123.16,148.48,160.77,163.42,151.23,125.09,85.186,43.165,14.843,77.818,110.9,131.17,139.99,137.56,123.59,96.924,60.928,26.934,5.9847,44.863,90.782,122.14,141.15,148.63,142.04,124.2,95.653,57.66,20.846,0,21.521,60.692,99.137,126.88,143.21,148.59,143.13,125.25,96.266,57.688,20.52,0,5.6537,29.016,67.701,104.72,130.64,144.5,148.79,143.63,127.88,101.78,65.839,31.066,9.3721,0,5.6537,29.016,67.701,104.72,130.64,144.5,148.79,143.63,127.88,101.78,65.839,31.066,9.3721,0,0,5.6537,29.016,67.701,104.72,130.64,144.5,148.79,143.63,127.88,101.78,65.839,31.066,9.3721
0,13.777,0,55.42,19.522,1.6426,55.127,31.077,4.1501,0,93.85,71.69,35.682,4.0991,0,150.77,130.62,108.88,72.14,31.193,15.44,179.11,165.1,144.01,115.53,73.957,31.999,10.748,162.49,169.49,160.45,141.11,110.9,69.546,27.765,4.2416,171.57,199.69,204.85,182.06,153.04,127.24,92.742,51.946,22.982,113.05,142.29,160.22,163.7,155.15,137.91,107.04,69.123,34.028,11.304,58.955,100.85,132.36,155.97,161.15,149.77,131.57,103.47,62.859,26.034,3.7725,19.605,59.545,99.436,129.08,148.93,155.49,147.46,129.26,100.32,61.71,23.773,0,2.3088,22.213,61.898,101.21,127.06,142.73,147.92,140.63,125.2,98.999,64.211,29.151,6.2103,0,2.3088,22.213,61.898,101.21,127.06,142.73,147.92,140.63,125.2,98.999,64.211,29.151,6.2103,0,0,2.3088,22.213,61.898,101.21,127.06,142.73,147.92,140.63,125.2,98.999,64.211,29.151,6.2103
0,17.22,0,36.795,6.4903,0,66.675,39.022,9.9543,0,73.901,53.203,25.456,1.0549,0,106.37,90.34,75.87,43.147,6.6196,0,117.4,109.18,92.905,71.901,37.119,3.4833,0,106.57,119.93,116.2,101.57,78.211,44.962,11.892,0,122.73,138.73,131.98,106.25,79.206,58.597,38.3,13.232,0,102.11,133.25,151.62,154,143.91,125.04,95.983,59.671,26.289,5.1072,55.598,102.69,135.01,152.57,153.69,140.4,119.38,90.252,55.776,24.076,4.534,19.86,61.05,103.86,134.92,152.05,154.36,144.39,123.88,94.443,57.711,22.104,0,4.4907,24.364,63.581,102.84,130.01,144,146.07,137.7,120.5,94.46,59.66,25.222,2.0404,0,4.4907,24.364,63.581,102.84,130.01,144,146.07,137.7,120.5,94.46,59.66,25.222,2.0404,0,0,4.4907,24.364,63.581,102.84,130.01,144,146.07,137.7,120.5,94.46,59.66,25.222,2.0404
0,7.3888,0,75.917,38.89,17.087,119.3,82.312,45.809,19.14,144.88,111.39,75.886,39.72,16.225,155.66,126.6,101.18,65.075,22.302,5.1778,138.73,125.82,107.65,81.964,49.114,13.028,0,106.09,116.97,113.78,100.76,79.748,49.619,18.203,0.46868,107.27,112.15,107.93,99.481,80.803,61.692,37.382,13.347,0,59.493,94.122,113.83,120.29,115.49,99.705,74.322,41.6,10.48,0,41.251,84.24,113.63,130.3,132.4,121.23,104.15,82.11,53.181,24.402,7.4459,21.66,60.488,99.93,128.09,143.08,143.83,133.69,114.64,87.084,52.842,18.719,0,2.093,22.404,59.374,96.534,122.3,135.23,135.55,126.84,109.65,83.626,49.703,15.613,0,0,2.093,22.404,59.374,96.534,122.3,135.23,135.55,126.84,109.65,83.626,49.703,15.613,0,0,0,2.093,22.404,59.374,96.534,122.3,135.23,135.55,126.84,109.65,83.626,49.703,15.613,0
0,0,0,0,0,0,7.8467,0,0,0,17.728,13.529,0,0,0,38.204,36.318,26.116,1.2955,0,0,30.16,38.409,35.871,22.707,0,0,0,32.667,60.648,70.236,68.332,54.39,29.931,3.9652,0,50.031,84.855,113.27,126.31,116.2,83.872,41.121,5.7301,0,39.762,78.552,102.74,114.46,114.38,99.981,73.276,39.239,6.8417,0,41.183,82.082,113.89,135.26,141.43,135.85,119.96,92.518,58.147,27.734,8.0211,18.899,55.09,92.871,123.35,142.03,146.68,139.6,120.98,91.057,54.158,19.556,0,0.40883,19.671,56.079,91.857,118.99,134.48,137.11,129.09,112.06,84.863,49.999,16.51,0,0,0.40883,19.671,56.079,91.857,118.99,134.48,137.11,129.09,112.06,84.863,49.999,16.51,0,0,0,0.40883,19.671,56.079,91.857,118.99,134.48,137.11,129.09,112.06,84.863,49.999,16.51,0
0,6.1161,0,14.35,0,0,16.096,0,0,0,31.541,22.69,8.7961,0,0,28.373,23.026,11.438,0,0,0,24.935,29.762,25.674,14.359,0,0,0,31.46,52.741,62.254,62.702,54.331,36.308,17.315,6.4746,0,0,0,0,0,0,0,0,0,32.315,62.031,80.772,89.502,88.572,75.249,51.825,21.443,0,0,28.115,58.953,80.953,96.045,102.93,99.566,89.078,72.017,50.529,28.815,15.693,15.983,45.087,75.551,98.894,113.21,116.14,109.7,93.635,68.78,38.862,10.006,0,0.18096,15.511,45.152,75.844,98.849,111.15,111.16,102.37,84.516,58.3,26.149,0,0,0,0.18096,15.511,45.152,75.844,98.849,111.15,111.16,102.37,84.516,58.3,26.149,0,0,0,0,0.18096,15.511,45.152,75.844,98.849,111.15,111.16,102.37,84.516,58.3,26.149,0,0
0,45.262,28.679,90.773,56.598,35.436,127.13,85.169,45.813,19.493,152.65,117.05,80.312,46.646,25.584,165.35,134.94,104.91,68.287,34.585,17.744,176.12,154.57,131.25,104.2,71.019,41.573,23.694,176.01,169.04,157.63,141.19,117.59,87.365,58.721,41.284,141.32,124.97,113.54,99.366,83.028,65.879,45.817,24.162,8.8804,123.55,130.39,134.32,129.32,115.59,97.738,71.538,39.476,9.6866,0,43.613,61.973,76.788,86.347,88.952,87.359,81.218,68.16,49.579,32.766,22.706,12.559,35.365,59.131,77.904,88.839,91.992,87.006,74.658,54.218,28.163,3.7211,0,0,10.984,36.736,64.117,84.28,94.292,94.389,84.909,68.134,43.308,13.177,0,0,0,0,10.984,36.736,64.117,84.28,94.292,94.389,84.909,68.134,43.308,13.177,0,0,0,0,0,10.984,36.736,64.117,84.28,94.292,94.389,84.909,68.134,43.308,13.177,0,0
0,22.811,2.5481,67.742,34.611,15.469,102.51,65.701,30.421,5.9582,136.21,103.25,64.185,29.326,7.5049,167.52,143.07,117.89,81.178,46.127,28.764,180.56,164.61,141.77,114.71,78.037,43.962,25.157,176.87,174.24,163.29,144.25,116.81,81.115,46.507,25.62,173.48,193.3,201.69,196.82,180.82,150.63,108.62,63.705,34.949,121.32,136.63,146.2,145.16,134.09,117.09,90.111,55.878,24.29,4.0564,44.832,75.888,97.706,111.39,117.57,113.28,100.68,79.781,52.213,25.152,9.1001,15.035,43.928,73.515,95.164,108.36,112.97,107.8,92.859,69.079,38.059,8.0908,0,0.93237,17.871,49.576,81.971,104.76,116.88,119.31,111.82,95.284,70.193,38.134,7.6924,0,0,0.93237,17.871,49.576,81.971,104.76,116.88,119.31,111.82,95.284,70.193,38.134,7.6924,0,0,0,0.93237,17.871,49.576,81.971,104.76,116.88,119.31,111.82,95.284,70.193,38.134,7.6924,0
0,0,0,0,0,0,7.2708,0,0,0,13.847,6.9328,0,0,0,30.398,32.552,23.961,6.0677,0,0,20.183,30.225,27.699,17.171,0,0,0,74.747,90.416,94.255,87.536,69.648,43.179,15.961,0,61.223,91.199,103.78,103.06,91.78,71.001,42.396,14.679,0,44.047,77.804,99.026,109.24,108.57,96.302,72.48,41.079,11.285,0,35.247,75.668,104.4,122.26,128.13,120.61,104.89,80.758,48.164,18.135,1.1472,18.003,50.976,84.997,110.14,124.48,127.92,120.65,103.61,76.563,42.572,10.375,0,3.8171,23.859,58.196,93.16,117.67,130.74,133.14,125.36,108.7,82.543,49.442,17.694,0,0,3.8171,23.859,58.196,93.16,117.67,130.74,133.14,125.36,108.7,82.543,49.442,17.694,0,0,0,3.8171,23.859,58.196,93.16,117.67,130.74,133.14,125.36,108.7,82.543,49.442,17.694,0
0,38.948,18.34,99.933,62.285,38.033,148.62,104.06,62.133,32.592,147.64,114.18,78.218,43.12,20.26,168.3,134.86,103.75,72.806,34.884,12.721,133.9,121.52,102.36,77.238,51.391,20.708,2.7852,134.35,134.33,129.59,115.66,94.891,67.97,40.39,23.201,112.54,91.363,69.029,55.803,40.98,30.274,18.295,9.154,0,53.608,76.107,90.11,94.272,90.063,77.248,56.464,28.834,0.79293,0,31.643,64.09,84.386,92.494,94.593,89.97,80.552,63.523,42.995,23.304,10.878,16.336,43.429,72.121,92.167,101.28,101.05,94.071,80.797,58.133,30.476,3.895,0,2.9403,20.319,48.929,79.116,99.749,109.37,107.8,98.844,82.645,57.755,27.124,0,0,0,2.9403,20.319,48.929,79.116,99.749,109.37,107.8,98.844,82.645,57.755,27.124,0,0,0,0,2.9403,20.319,48.929,79.116,99.749,109.37,107.8,98.844,82.645,57.755,27.124,0,0
0,0,0,3.0282,0,0,17.586,0,0,0,44.759,33.53,12.488,0,0,32.727,33.128,25.303,10.335,0,0,69.807,73.706,64.606,50.93,25.854,0,0,121.82,131.63,130.65,119.52,98.607,67.528,34.681,14.168,120.22,151.06,171.92,185.83,178.92,148.84,100.32,53.025,23.655,59.773,87.193,104.55,112.32,111.05,98.704,75.764,43.953,13.328,0,35.224,69.657,93.232,111.64,120.14,117.45,106.37,85.566,55.304,24.692,5.2148,14.111,43.937,74.308,96.613,111.44,116.45,112.46,98.555,74.403,42.126,9.9432,0,1.8554,18.574,51.627,83.712,105.99,118.76,121.18,114.5,98.855,74.522,42.17,11.256,0,0,1.8554,18.574,51.627,83.712,105.99,118.76,121.18,114.5,98.855,74.522,42.17,11.256,0,0,0,1.8554,18.574,51.627,83.712,105.99,118.76,121.18,114.5,98.855,74.522,42.17,11.256,0
0,0,0,0,0,0,6.1721,0,0,0,12.275,7.9655,0,0,0,30.771,28.467,18.136,1.2364,0,0,21.781,28.145,26.169,15.305,0,0,0,24.766,43.215,53.563,55.711,47.883,32.459,14.864,4.4547,20.721,9.4985,0,0,0,0,0,0,0,34.611,60.976,76.26,83.315,81.301,71.175,52.656,26.485,0,0,28.59,63.841,86.087,93.151,94.277,90.381,81.075,64.703,42.831,22.134,7.7291,16.279,43.541,72.841,93.641,101.4,100.3,93.989,81.765,60.033,31.726,4.7162,0,3.7279,22.258,50.872,80.939,101.69,109.76,108.01,99.302,84.394,60.488,29.895,0.27111,0,0,3.7279,22.258,50.872,80.939,101.69,109.76,108.01,99.302,84.394,60.488,29.895,0.27111,0,0,0,3.7279,22.258,50.872,80.939,101.69,109.76,108.01,99.302,84.394,60.488,29.895,0.27111,0
0,42.09,22.732,93.944,59.437,37.202,131.89,90.857,51.17,22.554,157.61,121.87,83.242,49.337,26.36,170.23,138.27,109.88,75.697,43.325,24.473,176.37,152.9,128.32,103.77,71.779,42.678,26.115,175.96,164.91,150.75,134.25,112.71,84.16,56.335,39.559,140.83,124.57,109.55,89.318,67.656,48.549,33.651,18.699,8.4553,118.9,124.76,125.57,117.61,104.05,87.952,66.169,38.35,11.247,0,43.976,64.237,75.53,81.14,80.057,74.521,66.944,56.679,41.968,24.537,13.979,13.267,37.573,60.126,74.294,80.698,79.668,73.211,61.596,44.737,22.098,0,0,0,13.731,40.823,66.866,84.294,91.191,88.353,78.98,63.291,41.344,13.333,0,0,0,0,13.731,40.823,66.866,84.294,91.191,88.353,78.98,63.291,41.344,13.333,0,0,0,0,0,13.731,40.823,66.866,84.294,91.191,88.353,78.98,63.291,41.344,13.333,0,0
0,18.19,0,53.192,22.493,5.2735,103.84,68.509,31.68,6.2776,121.17,91.262,56.837,24.159,2.3381,148.6,128.02,108.06,77.423,42.793,25,142.81,130.17,112.61,91.15,59.762,29.086,13.179,162.97,160.37,149.28,131.73,106.6,73.108,40.551,21.105,180.2,202.17,212.82,207.55,190.46,158.07,113.79,67.412,38.442,128.72,141.46,147.61,143.24,129.96,114.19,89.912,58.448,28.57,8.5608,45.489,77.493,100,110.85,111.96,105.17,93.601,73.797,45.729,19.247,3.4323,15.74,44.645,73.861,93.922,103.3,104.51,98.161,85.033,63.309,34.116,5.4369,0,1.6695,20.057,52.053,84.125,104.86,114.08,114.55,106.57,91.892,68.861,38.929,9.6002,0,0,1.6695,20.057,52.053,84.125,104.86,114.08,114.55,106.57,91.892,68.861,38.929,9.6002,0,0,0,1.6695,20.057,52.053,84.125,104.86,114.08,114.55,106.57,91.892,68.861,38.929,9.6002,0
0,8.8522,0,78.282,42.503,19.845,109.53,73.636,36.921,10.253,138.3,107.48,70.601,34.287,10.105,113.52,100.36,84.387,54.339,23.552,7.3767,119.66,112.78,97.171,77.031,45.519,16.108,0.29247,129.98,132.27,125.91,112.1,89.044,57.169,26.651,8.0321,106.09,117.11,121.73,117.27,106.46,82.987,53.986,23.032,4.863,102.5,122.53,133.67,133.06,123.84,109.16,86.25,55.011,24.598,5.5521,45.018,84.154,107.34,118.1,120.32,112.1,96.5,73.5,44.648,15.173,0,18.715,52.177,84.986,106.14,115.87,116.29,109.23,94.204,70.093,38.9,7.6727,0,5.7368,26.889,60.991,94.015,115.34,124.87,124.55,117.29,102.23,78.433,47.043,16.279,0,0,5.7368,26.889,60.991,94.015,115.34,124.87,124.55,117.29,102.23,78.433,47.043,16.279,0,0,0,5.7368,26.889,60.991,94.015,115.34,124.87,124.55,117.29,102.23,78.433,47.043,16.279,0
0,24.607,0.25725,80.216,42.035,18.908,123.72,84.885,45.537,17.717,150.43,116.8,74.503,34.06,8.2557,167.06,146.11,120.15,82.846,44.329,25.273,177.15,162.73,143.16,113.53,74.495,38.184,17.67,171.69,169.03,158.94,141.09,111.49,72.877,35.646,13.881,155.96,159.57,166.47,169.74,160.27,131.06,85.709,43.084,17.352,119.68,136.49,145.46,145.24,135.33,120.76,95.355,61.972,28.8,7.4799,48.918,83.949,108.21,121.09,124.21,118.98,107.03,84.103,49.424,17.769,0,20.147,53.448,84.466,106.88,118.07,121.15,115.85,102.98,78.267,43.434,10.742,0,4.9779,27.84,61.566,93.29,114.18,124.14,126.12,119.12,105.67,81.02,48.228,16.62,0,0,4.9779,27.84,61.566,93.29,114.18,124.14,126.12,119.12,105.67,81.02,48.228,16.62,0,0,0,4.9779,27.84,61.566,93.29,114.18,124.14,126.12,119.12,105.67,81.02,48.228,16.62,0
0,10.516,0,21.462,0,0,95.464,61.924,28.669,3.3297,113.63,85.884,48.558,13.014,0,129.29,117.01,97.952,62.377,28.784,11.533,175.89,164.63,142.96,114.59,72.803,34.509,13.49,171.92,171.91,161.86,141.95,110.72,69.468,29.532,5.5821,158.86,176.9,182.68,176.09,158.96,128.04,87.206,44.283,18.36,123.92,145.02,156.37,156.14,147,131.13,104.37,68.097,33.431,11.561,54.977,95.772,121.77,135.93,140.55,134.35,118.06,90.206,53.615,17.465,0,20.583,58.068,93.968,118.15,131.8,135.84,131.24,115.5,88.496,51.701,15.395,0,6.456,29.013,65.691,99.763,122.24,133.46,136.02,130.81,116.06,91.339,57.14,23.964,3.9045,0,6.456,29.013,65.691,99.763,122.24,133.46,136.02,130.81,116.06,91.339,57.14,23.964,3.9045,0,0,6.456,29.013,65.691,99.763,122.24,133.46,136.02,130.81,116.06,91.339,57.14,23.964,3.9045
0,29.726,8.1535,15.044,0,0,76.631,44.545,11.583,0,130.61,99.512,64.157,26.787,3.8331,133.97,119.11,96.315,56.582,19.352,3.2271,111.7,107.65,94.989,70.542,35.388,3.8852,0,79.125,92.61,92.505,84.154,62.642,31.255,2.8157,0,82.337,98.604,96.666,82.785,66.437,42.161,18.614,0,0,103.59,129.2,142.15,144.34,135.35,118.41,92.691,57.807,24.499,3.7232,46.833,91.091,121.9,134.94,135.96,126.83,108.43,81.359,46.192,12.859,0,25.012,63.293,101.2,128.38,140.93,141.39,133.67,116.32,87.77,50.527,15.141,0,7.6368,33.252,68.725,103.08,127.15,137.49,137.95,131.34,115.69,90.073,55.555,22.059,1.8599,0,7.6368,33.252,68.725,103.08,127.15,137.49,137.95,131.34,115.69,90.073,55.555,22.059,1.8599,0,0,7.6368,33.252,68.725,103.08,127.15,137.49,137.95,131.34,115.69,90.073,55.555,22.059,1.8599
0,0,0,0,0,0,6.7789,0,0,0,24.256,15.465,0,0,0,52.253,49.976,32.201,4.7573,0,0,81.162,83.49,71.591,50.746,21.521,0,0,67.527,85.018,89.538,82.785,63.93,37.156,8.8528,0,20.353,49.012,75.679,87.221,69.316,41.84,14.261,0,0,39.924,74.116,94.503,105.45,105.62,93.736,69.565,35.946,5.2816,0,35.21,76.498,103.12,118.93,128.39,122.7,104.81,80.728,48.637,16.397,0,20.246,56.256,93.131,118.35,132.01,137.67,131.96,112.92,84.609,49.067,15.079,0,8.0781,28.724,60.854,95.041,118.3,128.5,131.42,125.07,107.6,81.25,47.218,15.166,0,0,8.0781,28.724,60.854,95.041,118.3,128.5,131.42,125.07,107.6,81.25,47.218,15.166,0,0,0,8.0781,28.724,60.854,95.041,118.3,128.5,131.42,125.07,107.6,81.25,47.218,15.166,0
0,28.59,21.521,0,0,0,3.9437,0,0,0,23.653,15.068,0,0,0,20.849,19.265,7.0566,0,0,0,20.044,24.723,20.617,8.2654,0,0,0,41.035,56.815,61.529,61.296,48.616,27.422,9.7942,1.1639,16.971,24.028,20.951,1.0664,0,0,0,0,0,70.673,92.5,105.51,108.88,102.06,85.573,60.53,30.081,1.1577,0,30.432,61.293,86.989,100.96,102.39,96.526,85.45,65.446,39.798,19.342,9.7495,20.177,49.513,79.001,103.08,116.51,116.91,108.4,92.748,67.374,36.198,8.4266,0,1.837,20.391,49.546,78.679,100.2,111.11,110.01,100.51,83.446,57.784,26.507,0,0,0,1.837,20.391,49.546,78.679,100.2,111.11,110.01,100.51,83.446,57.784,26.507,0,0,0,0,1.837,20.391,49.546,78.679,100.2,111.11,110.01,100.51,83.446,57.784,26.507,0,0
0,39.85,22.026,89.153,55.59,33.478,126.18,84.634,49.982,24.381,153.46,115.42,81.186,47.203,27.646,165.87,134.22,101.65,66.874,35.372,17.925,174.38,152,126.26,98.677,67.772,38.499,20.715,169.02,160.54,147.78,129.25,106.11,78.035,50.509,33.415,126.78,107.19,90.943,76.881,58.452,47.361,36.204,20.75,4.1255,110.56,118.93,122.08,117.09,103.78,87.281,63.566,33.293,6.4081,0,38.993,62.39,75.166,79.253,83.029,79.516,68.839,56.496,42.091,25.602,16.335,14.08,39.56,66.056,82.927,89.677,91.628,85.737,71.171,51.39,27.33,4.1109,0,2.1651,16.493,41.301,69.064,87.555,93.506,92.504,83.184,65.778,42.125,13.266,0,0,0,2.1651,16.493,41.301,69.064,87.555,93.506,92.504,83.184,65.778,42.125,13.266,0,0,0,0,2.1651,16.493,41.301,69.064,87.555,93.506,92.504,83.184,65.778,42.125,13.266,0,0
0,25.863,5.6278,86.693,50.137,27.412,126.77,87.533,50.736,24.213,152.98,117.63,75.5,38.881,17.224,170.04,143.52,116.28,80.115,46.129,29.634,178.1,161.38,137.7,109.99,73.794,40.449,23.256,172.39,167.62,155.06,136.51,107.98,72.418,39.657,20.656,171.61,194.43,204.35,198.38,180.03,146.15,101.87,57.616,31.127,119.13,133.61,142.12,139.9,128.08,110.95,84.81,52.238,22.173,3.931,45.607,75.627,98.046,112.56,114.9,107.68,95.466,75.028,45.707,19.707,6.3821,17.763,47.771,77.239,99.031,111.68,113.68,106.68,92.18,68.502,37.519,8.8442,0,3.2926,21.588,53.172,84.338,105.1,115.63,116.22,107.87,91.797,67.393,36.467,7.409,0,0,3.2926,21.588,53.172,84.338,105.1,115.63,116.22,107.87,91.797,67.393,36.467,7.409,0,0,0,3.2926,21.588,53.172,84.338,105.1,115.63,116.22,107.87,91.797,67.393,36.467,7.409,0
0,23.438,0,78.947,41.285,18.475,121.41,83.928,48.174,21.927,150.47,113.4,70.998,33.267,7.7567,165.4,142.52,116.45,79.644,43.158,26.255,177.87,163.49,141.11,112.15,72.937,36.464,17.148,169.68,169.61,158.56,137.92,107.49,68.538,31.261,9.3684,160.8,180.61,190.17,186.39,169.48,137.13,93.284,49.803,23.235,109.96,131.57,144.85,146.71,137.33,120.57,93.29,58.653,26.872,7.4263,42.923,82.715,110.34,126.03,132.26,126.46,109.93,82.569,48.783,17.944,0,18.826,53.465,87.923,112.61,126.74,131.19,124.86,107.91,80.686,46.281,13.876,0,5.2716,26.534,61.218,94.708,117.44,129.33,131.76,124.31,108.36,82.888,50.219,19.398,1.0364,0,5.2716,26.534,61.218,94.708,117.44,129.33,131.76,124.31,108.36,82.888,50.219,19.398,1.0364,0,0,5.2716,26.534,61.218,94.708,117.44,129.33,131.76,124.31,108.36,82.888,50.219,19.398,1.0364
0,0,0,16.981,0,0,4.5323,0,0,0,27.432,19.486,1.2364,0,0,33.703,37.192,27.897,4.8216,0,0,38.881,49.243,45.652,31.208,4.7396,0,0,55.583,76.705,83.572,78.342,59.754,31.176,2.5391,0,45.701,78.641,97.267,105.05,99.939,78.443,44.284,10.667,0,43.866,80.746,103.76,115.7,116.18,103.75,78.809,45.574,14.16,0,37.774,81.483,112.67,133.47,141.68,134.38,116.67,89.224,51.674,16.36,0,20.713,57.447,94.349,122.3,139.01,143.75,137.29,119.66,90.482,52.759,17.575,0,6.2733,28.58,64.402,99.382,123.78,136.82,139.81,133.17,117.06,90.919,56.915,24.722,5.3362,0,6.2733,28.58,64.402,99.382,123.78,136.82,139.81,133.17,117.06,90.919,56.915,24.722,5.3362,0,0,6.2733,28.58,64.402,99.382,123.78,136.82,139.81,133.17,117.06,90.919,56.915,24.722,5.3362
0,0,0,1.7744,0,0,12.665,0,0,0,71.629,56.118,31.052,8.9047,0,71.929,61.243,48.647,22.502,0,0,68.658,65.895,57.63,41.595,16.304,0,0,85.794,98.704,97.49,88.865,71.814,44.772,18.584,6.6842,111.05,92.276,78.377,60.603,47.526,34.261,19.786,3.2436,0,107.89,123.65,133.21,132.23,121.71,105.21,78.884,46.405,14.912,0,42.226,72.844,94.619,106.44,109.15,105.02,94.874,74.491,47.657,24.29,9.6546,18.311,48.918,79.017,101.25,113.56,116.48,110.47,96.612,72.115,40.934,11.625,0,2.2512,20.981,51.296,80.912,101.17,111.6,111.98,103.57,88.349,63.035,31.705,1.7955,0,0,2.2512,20.981,51.296,80.912,101.17,111.6,111.98,103.57,88.349,63.035,31.705,1.7955,0,0,0,2.2512,20.981,51.296,80.912,101.17,111.6,111.98,103.57,88.349,63.035,31.705,1.7955,0
0,0,0,3.5686,0,0,8.3622,0,0,0,29.928,20.537,4.9849,0,0,32.035,27.186,15.417,0,0,0,43.41,42.735,34.934,22.054,1.2565,0,0,30.424,46.811,53.734,51.957,42.542,26.816,9.1937,0.83416,8.0865,5.9057,6.7921,5.6586,0,0,0,0,0,29.723,56.616,71.355,77.786,76.022,65.929,45.559,17.825,0,0,33.368,65.389,80.983,89.242,92.382,86.174,72.841,57.405,37.351,17.154,5.8193,17.761,49.456,78.507,97.297,104.72,104.93,98.273,82.412,59.341,30.953,5.1158,0,3.8652,21.739,51.366,79.935,99.418,106.42,105.55,96.794,80.191,55.052,24.055,0,0,0,3.8652,21.739,51.366,79.935,99.418,106.42,105.55,96.794,80.191,55.052,24.055,0,0,0,0,3.8652,21.739,51.366,79.935,99.418,106.42,105.55,96.794,80.191,55.052,24.055,0,0
0,5.4044,3.4848,22.54,4.2663,0,5.9493,0,0,0,19.245,11.581,0.17573,0,0,29.989,23.608,11.264,0,0,0,17.552,19.205,15.8,6.3647,0,0,0,46.014,56.265,60.876,61.048,52.583,36.66,21.765,15.212,23.505,27.004,28.983,23.968,15.236,2.8295,0,0,0,37.877,56.98,67.569,71.794,68.986,57.54,37.827,12.725,0,0,23.376,45.511,62.579,71.892,72.193,68.625,63.878,52.013,33.754,18.925,13.429,16.776,41.26,63.216,79.112,87.409,86.187,79.12,66.717,46.889,21.711,0,0,0.78161,16.743,42.973,67.424,84.472,92.133,89.446,79.635,63.26,39.423,10.609,0,0,0,0.78161,16.743,42.973,67.424,84.472,92.133,89.446,79.635,63.26,39.423,10.609,0,0,0,0,0.78161,16.743,42.973,67.424,84.472,92.133,89.446,79.635,63.26,39.423,10.609,0,0
0,34.181,26.467,86.08,56.412,42.941,42.116,13.573,0,0,55.648,45.066,28.047,12.245,4.1129,62.223,50.097,36.02,14.275,0,0,21.987,21.224,18.831,11.527,0,0,0,23.952,38.609,45.997,48.362,46.062,36.081,23.991,19.215,27.077,21.668,18.565,15.911,15.439,13.918,6.1723,0,0,39.853,54.345,62.249,63.895,60.786,51.757,34.034,10.938,0,0,26.241,46.211,55.169,59.02,61.883,60.843,56.308,47.364,35.338,23.375,15.177,11.961,33.34,53.157,64.68,68.949,68.887,63.36,53.042,36.328,15.698,0,0,0.42017,13.493,37.775,61.681,75.848,81.079,78.552,68.511,53.115,30.665,4.2031,0,0,0,0.42017,13.493,37.775,61.681,75.848,81.079,78.552,68.511,53.115,30.665,4.2031,0,0,0,0,0.42017,13.493,37.775,61.681,75.848,81.079,78.552,68.511,53.115,30.665,4.2031,0,0
0,38.162,16.319,96.589,61.202,40.643,130.6,90.756,53.858,26.879,164.25,131.35,91.412,56.684,31.654,170.87,139.63,117.01,85.38,48.601,33.733,183.2,161.65,139.73,119.06,88.361,54.881,37.992,166.9,159.92,151.14,137.99,120.29,93.662,64.051,46.963,149.61,139.22,140.93,145.22,141.56,132.25,103.27,64.603,32.819,78.246,83.219,87.259,85.769,80.341,72.811,54.918,29.23,4.6001,0,22.898,36.375,41.742,52.128,59.383,61.077,64.233,60.887,44.392,26.091,15.803,8.2066,28.037,43.273,50.739,56.845,60.327,58.988,53.266,40.383,19.145,0,0,1.4584,11.893,37.191,59.621,70.662,75.973,75.81,68.13,54.974,34.533,8.1349,0,0,0,1.4584,11.893,37.191,59.621,70.662,75.973,75.81,68.13,54.974,34.533,8.1349,0,0,0,0,1.4584,11.893,37.191,59.621,70.662,75.973,75.81,68.13,54.974,34.533,8.1349,0,0
0,30.236,2.6995,78.789,44.395,22.961,132.5,93.144,55.044,29.274,163.27,126.57,85.178,44.772,15.436,175.59,151.48,130.31,96.109,59.762,42.761,188.62,174.31,153.21,128.37,91.219,56.668,36.769,176.05,171.73,163.4,146.92,120.44,85.795,51.328,28.782,178.58,204.56,214.02,209.03,192.05,159.58,117.06,71.589,44.074,113.8,123.49,130.13,129.38,120.79,108.55,87.563,56.998,27.82,9.0666,37.053,65.341,84.768,95.797,101.99,103.83,96.329,76.231,48.551,21.917,3.645,11.552,34.765,58.652,75.08,84.812,88.93,88.602,79.581,60.188,32.577,5.3773,0,4.5518,21.585,50.257,76.795,93.873,101.88,102.9,97.669,84.861,63.721,35.137,8.7803,0,0,4.5518,21.585,50.257,76.795,93.873,101.88,102.9,97.669,84.861,63.721,35.137,8.7803,0,0,0,4.5518,21.585,50.257,76.795,93.873,101.88,102.9,97.669,84.861,63.721,35.137,8.7803,0
0,23.744,0,84.344,46.567,22.677,128.07,90.731,54.381,28.295,155.46,119.97,76.992,33.936,6.7131,174,152.8,129.89,94.104,56.543,38.531,183.89,172.38,152.58,124.34,85.087,47.517,26.81,172.04,171.92,163.06,144.83,115.27,75.776,37.301,13.42,168.08,191.4,201.99,197.33,178.46,144.39,101.39,59.115,32.794,114.36,131.19,142.07,144.15,136.74,123.13,99.082,66.377,34.951,14.913,43.309,78.221,102.78,119.59,128.53,123.87,108.99,84.934,50.73,15.444,0,16.48,45.53,74.637,95.522,108.68,114.84,111.95,99.572,76.238,43.714,11.213,0,6.335,27.611,59.007,89.111,108.73,118.87,121.75,117.02,104.09,81.616,51.532,22.521,5.7422,0,6.335,27.611,59.007,89.111,108.73,118.87,121.75,117.02,104.09,81.616,51.532,22.521,5.7422,0,0,6.335,27.611,59.007,89.111,108.73,118.87,121.75,117.02,104.09,81.616,51.532,22.521,5.7422
0,1.2267,0,37.828,6.2698,0,101.29,69.827,37.25,14.232,149.75,115.45,71.022,29.395,2.5446,168.65,148.99,125.15,88.119,49.03,29.936,180.87,171.07,150.79,121.26,79.873,40.155,17.84,167.16,170.55,162.63,143.38,111.42,69.672,28.839,3.668,161.03,182.54,191.54,187.6,169.63,137.87,94.619,51.461,24.066,106.95,130.02,144.8,149.15,143.28,129.43,103.73,68.886,35.807,14.928,45.322,85.674,116.1,134.84,141.32,136.18,120.66,91.512,51.456,14.793,0,17.975,51.289,84.872,110.04,125.56,132.22,129.29,115.15,88.545,52.081,16.879,0,7.086,29.219,63.234,95.318,116.79,128.38,132.5,128.31,115.29,91.927,60.015,29.337,10.875,0,7.086,29.219,63.234,95.318,116.79,128.38,132.5,128.31,115.29,91.927,60.015,29.337,10.875,0,0,7.086,29.219,63.234,95.318,116.79,128.38,132.5,128.31,115.29,91.927,60.015,29.337,10.875
0,0,0,61.701,28.788,7.6525,75.998,47.548,20.909,4.311,74.08,52.259,21.86,0,0,114.19,102.37,79.53,45.544,15.722,0,113.31,114.38,99.051,74.008,37.668,6.6507,0,123.03,131.32,129.53,115.41,86.096,48.886,14.099,0,62.582,93.469,109.73,105.23,85.251,51.821,20.88,0,0,72.175,103.78,124.37,133.89,130.75,116.18,90.257,55.695,23.411,4.347,39.847,86.212,118.69,137.83,146.22,138.83,116.89,85.017,47.025,11.566,0,20.131,55.534,92.785,121.5,138.75,144.58,139.35,121.33,91.226,53.379,17.901,0,8.2269,31.092,64.312,97.243,121.16,133.83,137.25,132.36,117.54,92.444,59.654,28.592,9.896,0,8.2269,31.092,64.312,97.243,121.16,133.83,137.25,132.36,117.54,92.444,59.654,28.592,9.896,0,0,8.2269,31.092,64.312,97.243,121.16,133.83,137.25,132.36,117.54,92.444,59.654,28.592,9.896
0,21.983,0,78.105,38.938,15.112,126.54,92.739,57.791,29.951,150.95,114.61,71.242,32.939,9.1592,167.96,141.57,111.47,73.85,34.601,16.418,179.21,163.68,142.4,109.31,69.703,29.095,8.6583,172.14,173.24,163.15,142.01,110.68,68.512,28.765,5.8829,160.87,165.47,162.49,147.84,127.92,101.81,64.978,31.88,7.47,87.497,112.66,129.99,135.76,130.64,114.8,86.607,53.07,20.414,0.38293,35.338,72.559,103.92,125.35,131.79,123.88,110.58,84.239,47.861,16.336,0,20.36,54.058,87.373,114.42,132.69,139.04,132.06,116.73,88.482,52.162,17.697,0,2.0179,22.557,55.315,86.684,108.1,122.31,125.78,119.06,105.29,80.249,48.727,17.394,0,0,2.0179,22.557,55.315,86.684,108.1,122.31,125.78,119.06,105.29,80.249,48.727,17.394,0,0,0,2.0179,22.557,55.315,86.684,108.1,122.31,125.78,119.06,105.29,80.249,48.727,17.394,0
0,27.006,0,79.069,40.219,15.207,124.04,87.65,54.528,30.407,152.97,116.5,73.337,33.289,7.5267,162.2,139.52,111.62,70.307,31.833,13.691,185.59,173.84,149.48,117.46,73.653,33.141,8.9313,132.25,143.4,139.71,122.07,92.268,54.175,16.407,0,124.72,151.63,160.82,158.76,140.84,109.18,68.022,27.961,4.8328,81.522,113.16,133.63,141.92,136.86,120.6,92.83,55.855,22.702,1.8638,39.495,85.921,118.06,138.2,146.7,141.73,121.14,89.924,52.857,19.04,0,16.866,53.639,92.635,123.6,142.66,149.54,145.31,126.37,96.176,57.673,21.96,0,5.393,24.326,58.618,92.066,117.37,130.97,135.53,130.54,115.02,90.18,56.433,25.143,4.6549,0,5.393,24.326,58.618,92.066,117.37,130.97,135.53,130.54,115.02,90.18,56.433,25.143,4.6549,0,0,5.393,24.326,58.618,92.066,117.37,130.97,135.53,130.54,115.02,90.18,56.433,25.143,4.6549
0,15.731,0,47.08,17.645,0,88.285,56.833,31.59,11.785,104.73,78.982,45,11.897,0,101.78,94.23,73.555,34.007,2.6891,0,163.82,157.52,139.88,108.74,64.957,25.053,2.7486,86.887,106.76,109.8,100.86,76.375,40.617,6.3237,0,58.426,96.63,122.1,126.76,116.86,88.774,50.081,10.846,0,71.118,106.1,129.81,141.84,139.5,123.3,93.588,56.108,21.484,0,38.904,80.47,115.87,143.06,154.75,147.58,128.9,99.325,58.483,20.138,0,19.242,55.064,93.557,125.73,149.36,159.03,153.71,134.93,103.79,63.403,24.733,1.2924,3.4281,22.818,56.59,90.913,116.81,133.56,139.66,134.66,119.21,93.319,59.354,26.519,6.0377,0,3.4281,22.818,56.59,90.913,116.81,133.56,139.66,134.66,119.21,93.319,59.354,26.519,6.0377,0,0,3.4281,22.818,56.59,90.913,116.81,133.56,139.66,134.66,119.21,93.319,59.354,26.519,6.0377
0,0,0,33.112,4.9635,0,67.86,41.711,16.807,0.77204,107.58,80.94,48.69,17.7,0,128.89,114.7,84.7,44.778,12.541,0,115.49,114.98,103.21,76.967,39.233,8.2447,0,107.97,123.3,125.3,115.03,88.646,53.561,19.105,0,56.195,85.32,98.231,98.86,85.384,63.75,31.773,2.3775,0,44.291,82.001,106.75,122.45,124.03,108.95,80.081,43.873,11.152,0,27.393,65.814,102.81,127.95,139.1,138.71,123.11,94.273,56.742,24.784,5.9512,17.122,49.123,84.089,117.07,140.48,151.1,147.62,129.08,99.04,59.743,24.024,1.543,0.83925,18.835,49.915,80.924,107.91,124.39,131.16,125.94,109.61,83.837,49.94,18.714,0,0,0.83925,18.835,49.915,80.924,107.91,124.39,131.16,125.94,109.61,83.837,49.94,18.714,0,0,0,0.83925,18.835,49.915,80.924,107.91,124.39,131.16,125.94,109.61,83.837,49.94,18.714,0
0,0,0,0,0,0,0,0,0,0,21.521,14.212,0,0,0,31.96,30.883,15.001,0,0,0,26.954,39.853,35.908,18.328,0,0,0,42.876,70.666,81.237,76.652,58.605,31.623,6.12,0,27.378,56.399,78.798,78.289,61.708,30.527,0.46451,0,0,33.189,69.128,97.454,113.35,115.13,99.735,69.908,34.739,2.3626,0,27.881,64.1,95.527,121.16,136.86,134.06,116.27,86.427,53.548,24.934,6.7587,14.383,42.048,76.54,108.49,133.24,144.77,140.65,122.04,89.6,52.996,19.976,0,0.75037,15.306,42.277,73.439,99.342,118.32,124.33,118.47,101.51,73.452,41.299,11.014,0,0,0.75037,15.306,42.277,73.439,99.342,118.32,124.33,118.47,101.51,73.452,41.299,11.014,0,0,0,0.75037,15.306,42.277,73.439,99.342,118.32,124.33,118.47,101.51,73.452,41.299,11.014,0
0,44.291,24.934,95.245,58.514,32.917,130.58,93.043,60.164,35.438,157.4,116.38,75.708,43.695,21.645,174.05,140,98.98,62.129,31.128,9.23,182.76,165.53,137.9,104.51,69.024,37.442,12.656,185.58,180.91,171.57,150.26,119.42,84.729,51.664,29.147,95.253,81.398,69.314,59.367,39.766,24.153,9.6309,0,0,51.186,75.359,94.332,104.6,101.49,85.315,58.266,25.432,0,0,20.861,46.101,69.525,89.244,99.859,98.622,87.093,68.346,44.922,25.68,16,10.929,33.679,60.459,86.328,105.42,114.63,110.78,94.069,67.996,37.409,10.98,0,0,9.3494,31.818,58.009,81.584,96.349,101.18,93.931,76.358,50.279,19.725,0,0,0,0,9.3494,31.818,58.009,81.584,96.349,101.18,93.931,76.358,50.279,19.725,0,0,0,0,0,9.3494,31.818,58.009,81.584,96.349,101.18,93.931,76.358,50.279,19.725,0,0
0,32.81,12.505,87.525,51.907,28.051,93.672,61.818,33.578,11.532,113.74,86.468,55.616,24.727,6.9096,80.857,70.549,51.092,23.79,0,0,99.828,101.69,88.404,65.748,36.793,5.9495,0,72.251,94.393,100.09,91.508,71.705,43.471,16.262,0,90.701,135.26,156.29,158.64,147.71,119.07,78.244,38.328,14.552,51.152,82.668,107.91,121.93,120.65,104.01,75.256,41.068,10.335,0,23.349,59.679,91.994,116.34,130.28,127.53,111.64,84.091,52.082,25.1,8.5156,10.549,35.311,67.925,98.342,122.24,133.01,128.61,110.75,81.59,47.115,15.998,0,0,11.425,37.933,69.797,96.037,114.88,121.73,115.56,98.169,72.135,40.836,11.885,0,0,0,11.425,37.933,69.797,96.037,114.88,121.73,115.56,98.169,72.135,40.836,11.885,0,0,0,0,11.425,37.933,69.797,96.037,114.88,121.73,115.56,98.169,72.135,40.836,11.885,0
0,0.021593,0,83.368,47.797,23.382,118.08,81.781,48.421,24.281,164,131.34,88.943,51.484,23.871,136.79,121.91,94.678,56.314,24.891,6.1586,146.51,143.19,127.36,102.68,64.204,32.623,9.1718,118.78,132.13,133.95,124.83,100.57,68.153,35.906,14.296,46.34,58.899,78.218,95.889,106.94,96.441,64.753,23.76,0,74.723,99.781,120.4,132.83,130.39,115.57,86.953,50.7,18.181,0,22.336,51.759,78.431,103.65,120.57,123.99,112.91,91.802,59.983,30.676,11.464,8.9963,32.452,60.385,87.759,110.4,124.51,124.65,110.03,84.022,49.243,17.461,0,0,10.496,36.313,64.836,89.942,107.4,116.72,112.29,96.83,71.451,39.262,10.571,0,0,0,10.496,36.313,64.836,89.942,107.4,116.72,112.29,96.83,71.451,39.262,10.571,0,0,0,0,10.496,36.313,64.836,89.942,107.4,116.72,112.29,96.83,71.451,39.262,10.571,0
0,29.627,6.4469,81.286,42.864,19.174,122.53,84.868,49.478,23.877,149.65,113.56,70.457,31.91,5.2562,170.41,149.13,118.75,76.715,39.958,21.059,179.67,173.31,154.15,121.53,79.386,41.38,19.068,174.06,182.08,178.33,159.71,126.2,83.244,43.689,18.276,151.83,172.78,197.3,203.17,187.92,146.14,92.461,47.395,23.546,100.19,120.79,142.11,154.3,150.57,133.83,101.15,62.11,26.078,3.5467,20.628,49.764,81.654,109.32,129.41,134.77,124.78,96.59,59.161,27.379,8.0385,10.828,32.261,59.018,88.164,114.24,131.14,132.83,118.95,89.14,51.009,17.364,0,0,13.689,38.18,65.604,91.063,112.05,123.01,120.19,105.24,77.454,44.324,14.504,0,0,0,13.689,38.18,65.604,91.063,112.05,123.01,120.19,105.24,77.454,44.324,14.504,0,0,0,0,13.689,38.18,65.604,91.063,112.05,123.01,120.19,105.24,77.454,44.324,14.504,0
0,21.729,0,73.944,35.583,11.138,116.26,80.978,46.707,22.694,145.56,111.67,67.156,27.569,1.5406,173.13,153.56,121.18,78.232,42.88,18.646,162.59,161.5,141.06,111.64,68.459,33.543,7.4522,181.67,187.45,182.81,162.36,125.99,81.601,40.239,11.059,92.557,119.79,135.91,138.24,130.62,106.31,70.817,30.977,8.3125,86.528,114.95,139.52,153.63,152.17,135.94,104.56,63.912,28.159,5.5297,28.527,65.838,96.859,124.58,143.92,145.51,128.56,98.48,59.739,23.597,1.6403,10.863,37.782,70.074,100.33,126.09,142.84,144.26,127.14,95.87,56.301,19.782,0,1.9636,15.696,43.317,74.135,101.45,122.16,134.3,132.87,116.93,89.418,54.629,23.442,3.713,0,1.9636,15.696,43.317,74.135,101.45,122.16,134.3,132.87,116.93,89.418,54.629,23.442,3.713,0,0,1.9636,15.696,43.317,74.135,101.45,122.16,134.3,132.87,116.93,89.418,54.629,23.442,3.713
0,4.815,0,84.779,46.728,23.908,67.112,37.442,10.544,0,36.277,25.793,3.9702,0,0,52.026,54.429,39.393,12.272,0,0,39.034,56.534,55.486,36.025,9.06,0,0,44.132,76.615,90.433,85.826,65.22,33.365,3.5662,0,44.559,81.789,105.74,112.56,105.92,81.911,45.637,13.305,0,39.977,77.406,109.36,130.39,135.62,122.07,91.625,53.735,17.892,0,27.24,66.098,102.8,131.41,149.9,148.42,133.22,100.89,58.911,22.363,1.9714,13.979,40.265,74.209,107.07,134.59,151.22,150.26,134.02,100.52,59.091,21.315,0,2.6021,18.04,44.416,77.132,104.62,127.43,139.69,137.68,122.4,93.385,58.471,25.542,5.9109,0,2.6021,18.04,44.416,77.132,104.62,127.43,139.69,137.68,122.4,93.385,58.471,25.542,5.9109,0,0,2.6021,18.04,44.416,77.132,104.62,127.43,139.69,137.68,122.4,93.385,58.471,25.542,5.9109
0,41.926,16.453,98.126,54.113,27.534,143.81,104.77,63.869,32.583,174.43,138.85,91.541,51.742,21.01,186.05,161.19,130.13,86.729,43.536,20.856,196.76,185.66,165.31,134.42,90.278,48.513,23.717,181.14,187.52,182.66,165.14,134.22,92.23,50.342,24.549,131.84,112.74,106.9,111.16,118.14,112.96,82.675,42.51,10.606,76.745,99.678,120.21,132.88,134.81,122.51,93.732,56.127,19.929,0,24.177,50.303,73.069,97.132,113.08,120.85,116.7,96.117,63.523,33.527,13.068,11.401,35.957,60.419,84.792,108.04,124.17,128.06,117.62,91.429,54.529,19.124,0,0,6.795,33.906,59.437,82.327,102.79,114.62,113.95,101.28,74.852,40.354,8.4632,0,0,0,6.795,33.906,59.437,82.327,102.79,114.62,113.95,101.28,74.852,40.354,8.4632,0,0,0,0,6.795,33.906,59.437,82.327,102.79,114.62,113.95,101.28,74.852,40.354,8.4632,0
0,35.622,6.6926,91.262,46.491,18.482,140.79,101.91,60.581,29.974,168.54,130.87,86.032,40.755,9.8848,184.46,162.62,136.75,93.616,49.824,26.252,197.45,192.05,169.53,138.15,92.002,48.366,22.769,186.87,195.09,190.35,168.73,132.94,86.39,41.934,12.499,176.79,204.28,216.34,211.25,193.29,158.9,113.9,63.954,31.996,116.19,138.46,159.38,170.44,165.85,150.1,119.29,76.797,37.752,11.594,28.747,65.941,96.305,121.19,139.95,143.56,132.01,105.03,67.007,29.071,5.0459,11.322,38.237,70.765,100.19,124.82,141.1,145.42,132.16,102.63,62.349,23.653,0,1.4548,14.992,42.564,73.24,99.703,120.18,133.09,134.39,120.84,94.016,57.853,24.278,2.7579,0,1.4548,14.992,42.564,73.24,99.703,120.18,133.09,134.39,120.84,94.016,57.853,24.278,2.7579,0,0,1.4548,14.992,42.564,73.24,99.703,120.18,133.09,134.39,120.84,94.016,57.853,24.278,2.7579
0,2.9302,0,54.415,16.094,0,122.92,86.965,49.095,19.661,124.01,95.43,53.967,14.02,0,178.72,159.61,133.9,91.938,46.682,23.22,198.09,192.07,170.83,137.49,90.06,44.115,18.308,186.6,195.42,188.93,166.76,129.33,80.07,33.019,3.3396,168.2,188.14,198.67,194.09,178.18,146.23,102.35,54.925,22.976,116.04,142.29,165.3,177.25,173.21,156.96,124.94,82.167,41.43,14.337,33.472,76.324,110.54,137.05,153.46,153.43,138.65,109.43,66.797,25.793,0.13454,16.099,47.922,83.993,115.37,140.47,156.82,158.13,143.36,111.95,68.992,26.83,0,1.7675,18.971,49.365,82.813,110.31,131.84,145.52,146.43,133.57,105.86,68.413,32.191,9.0193,0,1.7675,18.971,49.365,82.813,110.31,131.84,145.52,146.43,133.57,105.86,68.413,32.191,9.0193,0,0,1.7675,18.971,49.365,82.813,110.31,131.84,145.52,146.43,133.57,105.86,68.413,32.191,9.0193
0,0,0,0,0,0,1.8228,0,0,0,30.311,20.696,0,0,0,32.196,40.313,31.478,3.783,0,0,41.447,56.51,55.058,37.563,5.633,0,0,54.813,83.45,93.41,87.151,64.315,29.793,0,0,41.526,74.094,85.194,81.552,70.663,47.658,18.159,0,0,42.337,85.167,115.8,134.61,140.02,126.66,97.632,58.955,21.492,0,38.735,84.547,122.24,147,157.42,152.73,134.92,101.71,60.26,21.519,0,19.479,55.136,93.765,127.89,152.55,164.25,162.47,144.95,111.24,67.647,25.857,0,0.79281,19.873,53.039,86.83,116.04,138.21,149.48,149.43,135.33,106.85,68.648,31.53,7.5985,0,0.79281,19.873,53.039,86.83,116.04,138.21,149.48,149.43,135.33,106.85,68.648,31.53,7.5985,0,0,0.79281,19.873,53.039,86.83,116.04,138.21,149.48,149.43,135.33,106.85,68.648,31.53,7.5985
0,37.661,21.083,91.904,52.493,27.663,99.342,64.432,29.737,5.0735,93.826,71.649,44.079,16.014,0,111.24,95.353,70.483,35.785,1.1095,0,100.01,98.762,86.199,62.116,30.552,0.68759,0,93.133,107.5,109.85,100.29,78.088,48.036,19.409,2.5993,44.824,34.144,25.971,14.604,2.2114,0,0,0,0,60.448,88.173,109.09,120.58,118.79,104.72,77.604,42.338,8.3208,0,29.323,64.97,90.386,106.62,114.69,112.25,99.71,79.24,51.61,26.493,10.708,15.921,44.932,76.905,104.14,122.4,131.18,128.44,113.32,85.46,49.762,16.269,0,0,14.049,39.624,68.834,93.924,111.19,119.58,116.7,102.14,74.442,39.002,5.2975,0,0,0,14.049,39.624,68.834,93.924,111.19,119.58,116.7,102.14,74.442,39.002,5.2975,0,0,0,0,14.049,39.624,68.834,93.924,111.19,119.58,116.7,102.14,74.442,39.002,5.2975,0
0,40.251,16.035,90.59,48.9,23.8,137.41,97.366,56.054,26.05,162.68,131.54,88.457,50.069,22.889,187.1,159.99,129.16,85.406,41.488,16.814,147.38,141.44,125.7,101.26,63.707,27.164,5.3354,131.34,140.75,140.13,128.18,104.52,69.524,34.845,13.236,89.207,103.74,116.92,123.9,124.78,111.14,77.266,35.319,6.3177,68.22,93.487,113.3,124.19,124.37,112.25,85.525,49.823,15.119,0,27.628,58.215,82.21,102.23,113.88,113.96,108.17,90.448,60.904,31.247,13.632,13.372,41.709,70.861,94.883,114.5,125.7,125.17,113.02,88.08,52.671,17.363,0,0,8.502,36.835,66.211,89.236,107.58,117.76,116.14,102.74,76.807,41.47,7.1662,0,0,0,8.502,36.835,66.211,89.236,107.58,117.76,116.14,102.74,76.807,41.47,7.1662,0,0,0,0,8.502,36.835,66.211,89.236,107.58,117.76,116.14,102.74,76.807,41.47,7.1662,0
0,17.843,0,91.915,47.975,20.308,128.58,90.354,51.325,21.072,159.31,123.95,81.149,39.805,10.044,177.66,154.26,127.41,88.043,43.959,21.36,190.44,183.58,162.38,131.52,89.617,45.301,20.13,174.88,183.57,180.14,160.29,127.84,84.911,42.328,14.215,164.63,193.06,216.91,221.97,202.61,164.73,115.1,65.962,31.974,90.438,115.1,137.39,149.34,147.96,134.15,105.17,65.217,27.418,2.5456,26.49,62.334,91.054,114.94,132.65,136.94,127.23,102.56,67.383,32.778,9.5128,11.979,38.406,70.416,98.086,120.73,135.69,138.27,125.55,96.883,58.868,21.399,0,0,12.208,39.507,70.835,96.402,116.78,128.96,129.59,116.22,88.881,52.731,17.89,0,0,0,12.208,39.507,70.835,96.402,116.78,128.96,129.59,116.22,88.881,52.731,17.89,0,0,0,0,12.208,39.507,70.835,96.402,116.78,128.96,129.59,116.22,88.881,52.731,17.89,0
0,34.892,5.8271,87.778,43.192,15.049,134.48,96.542,55.154,23.09,158.48,123.56,77.749,34.377,5.4705,175.45,154.33,128.62,87.263,43.467,20.634,188.58,181.52,160.92,129.99,83.868,40.66,15.487,177.35,186.01,179.99,159.75,124.45,78.027,33.494,5.956,163.42,183.8,193.14,186.91,169.72,136.63,92.618,47.891,20.461,106.39,132.67,155,166.6,162.66,146.62,115.43,74.187,34.896,8.5064,33.299,73.456,106.35,133.13,148.32,147.93,134.07,105.94,65.678,27.712,3.4684,14.758,46.142,80.275,111.1,135.37,149.42,149.59,134.81,104.53,62.933,23.146,0,0,15.704,46.762,79.165,106.82,128.36,141.09,140.89,127.8,100.03,62.123,25.952,2.1924,0,0,15.704,46.762,79.165,106.82,128.36,141.09,140.89,127.8,100.03,62.123,25.952,2.1924,0,0,0,15.704,46.762,79.165,106.82,128.36,141.09,140.89,127.8,100.03,62.123,25.952,2.1924
0,19.86,0,75.424,33.68,5.0625,123.6,87.845,49.384,19.473,153.13,119.34,74.037,32.206,2.1039,172.77,154.48,125.98,82.22,42.723,15.956,181.4,179.06,158.3,127,79.755,38.52,9.2501,185.17,189.77,185.01,164.37,126.76,79.223,34.017,2.085,95.237,123.14,140.17,141.91,135.16,110.88,74.658,32.016,5.6189,94.281,126.31,151.32,164.71,162.89,147.48,116.61,74.822,34.964,8.228,34.983,80.323,116.2,141.7,156.77,155.42,139.46,109.16,67.768,27.402,1.8132,16.152,49.791,88.365,120.89,145.06,158.94,159.16,142.86,110.99,68.268,26.29,0,0.83332,17.693,49.898,85.182,114.23,135.79,148.73,149.57,135.91,107.87,69.182,31.293,6.2321,0,0.83332,17.693,49.898,85.182,114.23,135.79,148.73,149.57,135.91,107.87,69.182,31.293,6.2321,0,0,0.83332,17.693,49.898,85.182,114.23,135.79,148.73,149.57,135.91,107.87,69.182,31.293,6.2321
0,0,0,16.741,0,0,53.39,28.119,0,0,93.995,73.09,41.089,6.8972,0,138.2,125.99,98.765,60.536,18.674,0,101.19,109.66,102.71,75.983,40.04,2.4301,0,88.931,112.41,120.29,110.91,84.372,45.868,8.7147,0,72.705,109.14,128.71,130.1,118.45,91.369,52.741,18.173,0,54.288,94.375,125.08,144.3,147.93,133.97,103.48,63.946,24.558,0,33.51,79.402,119.07,146.11,161.28,158.51,142.04,110.41,67.57,27.845,2.9908,18.469,51.502,90.428,125.83,151.84,165.99,163.72,147.35,114,69.864,27.562,0,0,18.249,49.399,85.441,115.65,138.71,151.72,151.16,137.66,108.43,69.649,31.011,5.7444,0,0,18.249,49.399,85.441,115.65,138.71,151.72,151.16,137.66,108.43,69.649,31.011,5.7444,0,0,0,18.249,49.399,85.441,115.65,138.71,151.72,151.16,137.66,108.43,69.649,31.011,5.7444
