2.8363,13.893,2.8363,6.3231,13.893,2.8363,63.834,6.3231,13.893,2.8363,149.94,63.834,6.3231,13.893,2.8363,153.23,149.94,63.834,6.3231,13.893,2.8363,144.52,153.23,149.94,63.834,6.3231,13.893,2.8363,165.81,144.52,153.23,149.94,63.834,6.3231,13.893,2.8363,152.24,165.81,144.52,153.23,149.94,63.834,6.3231,13.893,2.8363,125.73,152.24,165.81,144.52,153.23,149.94,63.834,6.3231,13.893,2.8363,85.419,125.73,152.24,165.81,144.52,153.23,149.94,63.834,6.3231,13.893,2.8363,35.36,85.419,125.73,152.24,165.81,144.52,153.23,149.94,63.834,6.3231,13.893,2.8363,2.855,35.36,85.419,125.73,152.24,165.81,144.52,153.23,149.94,63.834,6.3231,13.893,2.8363,0,2.855,35.36,85.419,125.73,152.24,165.81,144.52,153.23,149.94,63.834,6.3231,13.893,2.8363,0,0,2.855,35.36,85.419,125.73,152.24,165.81,144.52,153.23,149.94,63.834,6.3231,13.893,2.8363
4.593,35.803,4.593,95.317,35.803,4.593,132.88,95.317,35.803,4.593,153.93,132.88,95.317,35.803,4.593,161.92,153.93,132.88,95.317,35.803,4.593,163.96,161.92,153.93,132.88,95.317,35.803,4.593,171.49,163.96,161.92,153.93,132.88,95.317,35.803,4.593,156.46,171.49,163.96,161.92,153.93,132.88,95.317,35.803,4.593,129.45,156.46,171.49,163.96,161.92,153.93,132.88,95.317,35.803,4.593,89.162,129.45,156.46,171.49,163.96,161.92,153.93,132.88,95.317,35.803,4.593,36.84,89.162,129.45,156.46,171.49,163.96,161.92,153.93,132.88,95.317,35.803,4.593,2.8514,36.84,89.162,129.45,156.46,171.49,163.96,161.92,153.93,132.88,95.317,35.803,4.593,0,2.8514,36.84,89.162,129.45,156.46,171.49,163.96,161.92,153.93,132.88,95.317,35.803,4.593,0,0,2.8514,36.84,89.162,129.45,156.46,171.49,163.96,161.92,153.93,132.88,95.317,35.803,4.593
5.5975,40.686,5.5975,91.269,40.686,5.5975,122.06,91.269,40.686,5.5975,151.27,122.06,91.269,40.686,5.5975,164.82,151.27,122.06,91.269,40.686,5.5975,171.41,164.82,151.27,122.06,91.269,40.686,5.5975,167.84,171.41,164.82,151.27,122.06,91.269,40.686,5.5975,153.35,167.84,171.41,164.82,151.27,122.06,91.269,40.686,5.5975,126.59,153.35,167.84,171.41,164.82,151.27,122.06,91.269,40.686,5.5975,86.373,126.59,153.35,167.84,171.41,164.82,151.27,122.06,91.269,40.686,5.5975,34.891,86.373,126.59,153.35,167.84,171.41,164.82,151.27,122.06,91.269,40.686,5.5975,2.6616,34.891,86.373,126.59,153.35,167.84,171.41,164.82,151.27,122.06,91.269,40.686,5.5975,0,2.6616,34.891,86.373,126.59,153.35,167.84,171.41,164.82,151.27,122.06,91.269,40.686,5.5975,0,0,2.6616,34.891,86.373,126.59,153.35,167.84,171.41,164.82,151.27,122.06,91.269,40.686,5.5975
5.0225,28.438,5.0225,58.604,28.438,5.0225,103.95,58.604,28.438,5.0225,82.552,103.95,58.604,28.438,5.0225,97.912,82.552,103.95,58.604,28.438,5.0225,122.13,97.912,82.552,103.95,58.604,28.438,5.0225,159.66,122.13,97.912,82.552,103.95,58.604,28.438,5.0225,148.24,159.66,122.13,97.912,82.552,103.95,58.604,28.438,5.0225,123.08,148.24,159.66,122.13,97.912,82.552,103.95,58.604,28.438,5.0225,85.463,123.08,148.24,159.66,122.13,97.912,82.552,103.95,58.604,28.438,5.0225,36.051,85.463,123.08,148.24,159.66,122.13,97.912,82.552,103.95,58.604,28.438,5.0225,2.5074,36.051,85.463,123.08,148.24,159.66,122.13,97.912,82.552,103.95,58.604,28.438,5.0225,0,2.5074,36.051,85.463,123.08,148.24,159.66,122.13,97.912,82.552,103.95,58.604,28.438,5.0225,0,0,2.5074,36.051,85.463,123.08,148.24,159.66,122.13,97.912,82.552,103.95,58.604,28.438,5.0225
4.2188,11.602,4.2188,25.548,11.602,4.2188,76.935,25.548,11.602,4.2188,140.78,76.935,25.548,11.602,4.2188,146.66,140.78,76.935,25.548,11.602,4.2188,147.95,146.66,140.78,76.935,25.548,11.602,4.2188,138.5,147.95,146.66,140.78,76.935,25.548,11.602,4.2188,145.1,138.5,147.95,146.66,140.78,76.935,25.548,11.602,4.2188,122.41,145.1,138.5,147.95,146.66,140.78,76.935,25.548,11.602,4.2188,83.594,122.41,145.1,138.5,147.95,146.66,140.78,76.935,25.548,11.602,4.2188,34.038,83.594,122.41,145.1,138.5,147.95,146.66,140.78,76.935,25.548,11.602,4.2188,2.1827,34.038,83.594,122.41,145.1,138.5,147.95,146.66,140.78,76.935,25.548,11.602,4.2188,0,2.1827,34.038,83.594,122.41,145.1,138.5,147.95,146.66,140.78,76.935,25.548,11.602,4.2188,0,0,2.1827,34.038,83.594,122.41,145.1,138.5,147.95,146.66,140.78,76.935,25.548,11.602,4.2188
1.7367,35.055,1.7367,62.519,35.055,1.7367,79.271,62.519,35.055,1.7367,125.11,79.271,62.519,35.055,1.7367,129.06,125.11,79.271,62.519,35.055,1.7367,141.86,129.06,125.11,79.271,62.519,35.055,1.7367,157.19,141.86,129.06,125.11,79.271,62.519,35.055,1.7367,150.95,157.19,141.86,129.06,125.11,79.271,62.519,35.055,1.7367,125.14,150.95,157.19,141.86,129.06,125.11,79.271,62.519,35.055,1.7367,86.612,125.14,150.95,157.19,141.86,129.06,125.11,79.271,62.519,35.055,1.7367,35.846,86.612,125.14,150.95,157.19,141.86,129.06,125.11,79.271,62.519,35.055,1.7367,2.2583,35.846,86.612,125.14,150.95,157.19,141.86,129.06,125.11,79.271,62.519,35.055,1.7367,0,2.2583,35.846,86.612,125.14,150.95,157.19,141.86,129.06,125.11,79.271,62.519,35.055,1.7367,0,0,2.2583,35.846,86.612,125.14,150.95,157.19,141.86,129.06,125.11,79.271,62.519,35.055,1.7367
0.31257,9.2505,0.31257,74.09,9.2505,0.31257,108.4,74.09,9.2505,0.31257,139.38,108.4,74.09,9.2505,0.31257,129.5,139.38,108.4,74.09,9.2505,0.31257,143.69,129.5,139.38,108.4,74.09,9.2505,0.31257,146.85,143.69,129.5,139.38,108.4,74.09,9.2505,0.31257,139.06,146.85,143.69,129.5,139.38,108.4,74.09,9.2505,0.31257,123.4,139.06,146.85,143.69,129.5,139.38,108.4,74.09,9.2505,0.31257,84.277,123.4,139.06,146.85,143.69,129.5,139.38,108.4,74.09,9.2505,0.31257,34.367,84.277,123.4,139.06,146.85,143.69,129.5,139.38,108.4,74.09,9.2505,0.31257,2.0619,34.367,84.277,123.4,139.06,146.85,143.69,129.5,139.38,108.4,74.09,9.2505,0.31257,0,2.0619,34.367,84.277,123.4,139.06,146.85,143.69,129.5,139.38,108.4,74.09,9.2505,0.31257,0,0,2.0619,34.367,84.277,123.4,139.06,146.85,143.69,129.5,139.38,108.4,74.09,9.2505,0.31257
1.5631,13.98,1.5631,29.199,13.98,1.5631,62.703,29.199,13.98,1.5631,89.607,62.703,29.199,13.98,1.5631,95.809,89.607,62.703,29.199,13.98,1.5631,98.124,95.809,89.607,62.703,29.199,13.98,1.5631,68.111,98.124,95.809,89.607,62.703,29.199,13.98,1.5631,88.82,68.111,98.124,95.809,89.607,62.703,29.199,13.98,1.5631,38.116,88.82,68.111,98.124,95.809,89.607,62.703,29.199,13.98,1.5631,26.178,38.116,88.82,68.111,98.124,95.809,89.607,62.703,29.199,13.98,1.5631,25.677,26.178,38.116,88.82,68.111,98.124,95.809,89.607,62.703,29.199,13.98,1.5631,1.9771,25.677,26.178,38.116,88.82,68.111,98.124,95.809,89.607,62.703,29.199,13.98,1.5631,0,1.9771,25.677,26.178,38.116,88.82,68.111,98.124,95.809,89.607,62.703,29.199,13.98,1.5631,0,0,1.9771,25.677,26.178,38.116,88.82,68.111,98.124,95.809,89.607,62.703,29.199,13.98,1.5631
1.3326,13.947,1.3326,47.462,13.947,1.3326,67.904,47.462,13.947,1.3326,61.608,67.904,47.462,13.947,1.3326,46.364,61.608,67.904,47.462,13.947,1.3326,88.263,46.364,61.608,67.904,47.462,13.947,1.3326,74.572,88.263,46.364,61.608,67.904,47.462,13.947,1.3326,50.111,74.572,88.263,46.364,61.608,67.904,47.462,13.947,1.3326,29.372,50.111,74.572,88.263,46.364,61.608,67.904,47.462,13.947,1.3326,20.997,29.372,50.111,74.572,88.263,46.364,61.608,67.904,47.462,13.947,1.3326,11.676,20.997,29.372,50.111,74.572,88.263,46.364,61.608,67.904,47.462,13.947,1.3326,0.72155,11.676,20.997,29.372,50.111,74.572,88.263,46.364,61.608,67.904,47.462,13.947,1.3326,0,0.72155,11.676,20.997,29.372,50.111,74.572,88.263,46.364,61.608,67.904,47.462,13.947,1.3326,0,0,0.72155,11.676,20.997,29.372,50.111,74.572,88.263,46.364,61.608,67.904,47.462,13.947,1.3326
1.836,19.296,1.836,67.834,19.296,1.836,119.44,67.834,19.296,1.836,112.78,119.44,67.834,19.296,1.836,65.065,112.78,119.44,67.834,19.296,1.836,122.02,65.065,112.78,119.44,67.834,19.296,1.836,56.033,122.02,65.065,112.78,119.44,67.834,19.296,1.836,48.752,56.033,122.02,65.065,112.78,119.44,67.834,19.296,1.836,66.6,48.752,56.033,122.02,65.065,112.78,119.44,67.834,19.296,1.836,25.842,66.6,48.752,56.033,122.02,65.065,112.78,119.44,67.834,19.296,1.836,16.228,25.842,66.6,48.752,56.033,122.02,65.065,112.78,119.44,67.834,19.296,1.836,1.478,16.228,25.842,66.6,48.752,56.033,122.02,65.065,112.78,119.44,67.834,19.296,1.836,0,1.478,16.228,25.842,66.6,48.752,56.033,122.02,65.065,112.78,119.44,67.834,19.296,1.836,0,0,1.478,16.228,25.842,66.6,48.752,56.033,122.02,65.065,112.78,119.44,67.834,19.296,1.836
3.3114,37.962,3.3114,87.739,37.962,3.3114,94.804,87.739,37.962,3.3114,90.767,94.804,87.739,37.962,3.3114,125.38,90.767,94.804,87.739,37.962,3.3114,140.09,125.38,90.767,94.804,87.739,37.962,3.3114,168.27,140.09,125.38,90.767,94.804,87.739,37.962,3.3114,152.99,168.27,140.09,125.38,90.767,94.804,87.739,37.962,3.3114,125.28,152.99,168.27,140.09,125.38,90.767,94.804,87.739,37.962,3.3114,84.29,125.28,152.99,168.27,140.09,125.38,90.767,94.804,87.739,37.962,3.3114,33.007,84.29,125.28,152.99,168.27,140.09,125.38,90.767,94.804,87.739,37.962,3.3114,1.3619,33.007,84.29,125.28,152.99,168.27,140.09,125.38,90.767,94.804,87.739,37.962,3.3114,0,1.3619,33.007,84.29,125.28,152.99,168.27,140.09,125.38,90.767,94.804,87.739,37.962,3.3114,0,0,1.3619,33.007,84.29,125.28,152.99,168.27,140.09,125.38,90.767,94.804,87.739,37.962,3.3114
3.1757,39.463,3.1757,90.914,39.463,3.1757,129.45,90.914,39.463,3.1757,154.45,129.45,90.914,39.463,3.1757,160.14,154.45,129.45,90.914,39.463,3.1757,152.98,160.14,154.45,129.45,90.914,39.463,3.1757,166.76,152.98,160.14,154.45,129.45,90.914,39.463,3.1757,154.56,166.76,152.98,160.14,154.45,129.45,90.914,39.463,3.1757,126.72,154.56,166.76,152.98,160.14,154.45,129.45,90.914,39.463,3.1757,85.585,126.72,154.56,166.76,152.98,160.14,154.45,129.45,90.914,39.463,3.1757,33.352,85.585,126.72,154.56,166.76,152.98,160.14,154.45,129.45,90.914,39.463,3.1757,1.1661,33.352,85.585,126.72,154.56,166.76,152.98,160.14,154.45,129.45,90.914,39.463,3.1757,0,1.1661,33.352,85.585,126.72,154.56,166.76,152.98,160.14,154.45,129.45,90.914,39.463,3.1757,0,0,1.1661,33.352,85.585,126.72,154.56,166.76,152.98,160.14,154.45,129.45,90.914,39.463,3.1757
2.8449,38.112,2.8449,89.477,38.112,2.8449,128.46,89.477,38.112,2.8449,153.82,128.46,89.477,38.112,2.8449,157.55,153.82,128.46,89.477,38.112,2.8449,143.34,157.55,153.82,128.46,89.477,38.112,2.8449,161.44,143.34,157.55,153.82,128.46,89.477,38.112,2.8449,155.41,161.44,143.34,157.55,153.82,128.46,89.477,38.112,2.8449,113.32,155.41,161.44,143.34,157.55,153.82,128.46,89.477,38.112,2.8449,73.507,113.32,155.41,161.44,143.34,157.55,153.82,128.46,89.477,38.112,2.8449,34.925,73.507,113.32,155.41,161.44,143.34,157.55,153.82,128.46,89.477,38.112,2.8449,1.008,34.925,73.507,113.32,155.41,161.44,143.34,157.55,153.82,128.46,89.477,38.112,2.8449,0,1.008,34.925,73.507,113.32,155.41,161.44,143.34,157.55,153.82,128.46,89.477,38.112,2.8449,0,0,1.008,34.925,73.507,113.32,155.41,161.44,143.34,157.55,153.82,128.46,89.477,38.112,2.8449
2.4159,38.62,2.4159,90.877,38.62,2.4159,129.56,90.877,38.62,2.4159,155.06,129.56,90.877,38.62,2.4159,168.73,155.06,129.56,90.877,38.62,2.4159,172.66,168.73,155.06,129.56,90.877,38.62,2.4159,169.2,172.66,168.73,155.06,129.56,90.877,38.62,2.4159,132.84,169.2,172.66,168.73,155.06,129.56,90.877,38.62,2.4159,102.35,132.84,169.2,172.66,168.73,155.06,129.56,90.877,38.62,2.4159,77.555,102.35,132.84,169.2,172.66,168.73,155.06,129.56,90.877,38.62,2.4159,34.498,77.555,102.35,132.84,169.2,172.66,168.73,155.06,129.56,90.877,38.62,2.4159,0.7648,34.498,77.555,102.35,132.84,169.2,172.66,168.73,155.06,129.56,90.877,38.62,2.4159,0,0.7648,34.498,77.555,102.35,132.84,169.2,172.66,168.73,155.06,129.56,90.877,38.62,2.4159,0,0,0.7648,34.498,77.555,102.35,132.84,169.2,172.66,168.73,155.06,129.56,90.877,38.62,2.4159
2.0931,37.142,2.0931,88.844,37.142,2.0931,128.05,88.844,37.142,2.0931,154.25,128.05,88.844,37.142,2.0931,109.8,154.25,128.05,88.844,37.142,2.0931,99.272,109.8,154.25,128.05,88.844,37.142,2.0931,40.644,99.272,109.8,154.25,128.05,88.844,37.142,2.0931,106.61,40.644,99.272,109.8,154.25,128.05,88.844,37.142,2.0931,66.729,106.61,40.644,99.272,109.8,154.25,128.05,88.844,37.142,2.0931,56.246,66.729,106.61,40.644,99.272,109.8,154.25,128.05,88.844,37.142,2.0931,34.783,56.246,66.729,106.61,40.644,99.272,109.8,154.25,128.05,88.844,37.142,2.0931,0.5553,34.783,56.246,66.729,106.61,40.644,99.272,109.8,154.25,128.05,88.844,37.142,2.0931,0,0.5553,34.783,56.246,66.729,106.61,40.644,99.272,109.8,154.25,128.05,88.844,37.142,2.0931,0,0,0.5553,34.783,56.246,66.729,106.61,40.644,99.272,109.8,154.25,128.05,88.844,37.142,2.0931
1.7748,37.576,1.7748,90.145,37.576,1.7748,129.11,90.145,37.576,1.7748,155.15,129.11,90.145,37.576,1.7748,169.12,155.15,129.11,90.145,37.576,1.7748,173.2,169.12,155.15,129.11,90.145,37.576,1.7748,169.72,173.2,169.12,155.15,129.11,90.145,37.576,1.7748,155.96,169.72,173.2,169.12,155.15,129.11,90.145,37.576,1.7748,130.18,155.96,169.72,173.2,169.12,155.15,129.11,90.145,37.576,1.7748,89.944,130.18,155.96,169.72,173.2,169.12,155.15,129.11,90.145,37.576,1.7748,35.768,89.944,130.18,155.96,169.72,173.2,169.12,155.15,129.11,90.145,37.576,1.7748,0.33047,35.768,89.944,130.18,155.96,169.72,173.2,169.12,155.15,129.11,90.145,37.576,1.7748,0,0.33047,35.768,89.944,130.18,155.96,169.72,173.2,169.12,155.15,129.11,90.145,37.576,1.7748,0,0,0.33047,35.768,89.944,130.18,155.96,169.72,173.2,169.12,155.15,129.11,90.145,37.576,1.7748
1.4089,38.029,1.4089,91.475,38.029,1.4089,130.75,91.475,38.029,1.4089,153.86,130.75,91.475,38.029,1.4089,166.85,153.86,130.75,91.475,38.029,1.4089,156.52,166.85,153.86,130.75,91.475,38.029,1.4089,166.95,156.52,166.85,153.86,130.75,91.475,38.029,1.4089,154.51,166.95,156.52,166.85,153.86,130.75,91.475,38.029,1.4089,130.11,154.51,166.95,156.52,166.85,153.86,130.75,91.475,38.029,1.4089,90.487,130.11,154.51,166.95,156.52,166.85,153.86,130.75,91.475,38.029,1.4089,35.983,90.487,130.11,154.51,166.95,156.52,166.85,153.86,130.75,91.475,38.029,1.4089,0.092105,35.983,90.487,130.11,154.51,166.95,156.52,166.85,153.86,130.75,91.475,38.029,1.4089,0,0.092105,35.983,90.487,130.11,154.51,166.95,156.52,166.85,153.86,130.75,91.475,38.029,1.4089,0,0,0.092105,35.983,90.487,130.11,154.51,166.95,156.52,166.85,153.86,130.75,91.475,38.029,1.4089
0.6646,33.418,0.6646,68.678,33.418,0.6646,93.227,68.678,33.418,0.6646,53.405,93.227,68.678,33.418,0.6646,89.891,53.405,93.227,68.678,33.418,0.6646,148.32,89.891,53.405,93.227,68.678,33.418,0.6646,156.4,148.32,89.891,53.405,93.227,68.678,33.418,0.6646,143.17,156.4,148.32,89.891,53.405,93.227,68.678,33.418,0.6646,110.38,143.17,156.4,148.32,89.891,53.405,93.227,68.678,33.418,0.6646,79.842,110.38,143.17,156.4,148.32,89.891,53.405,93.227,68.678,33.418,0.6646,33.073,79.842,110.38,143.17,156.4,148.32,89.891,53.405,93.227,68.678,33.418,0.6646,0,33.073,79.842,110.38,143.17,156.4,148.32,89.891,53.405,93.227,68.678,33.418,0.6646,0,0,33.073,79.842,110.38,143.17,156.4,148.32,89.891,53.405,93.227,68.678,33.418,0.6646,0,0,0,33.073,79.842,110.38,143.17,156.4,148.32,89.891,53.405,93.227,68.678,33.418,0.6646
0.21854,33.933,0.21854,77.526,33.933,0.21854,121.34,77.526,33.933,0.21854,145.83,121.34,77.526,33.933,0.21854,140.43,145.83,121.34,77.526,33.933,0.21854,173.09,140.43,145.83,121.34,77.526,33.933,0.21854,169.12,173.09,140.43,145.83,121.34,77.526,33.933,0.21854,150.1,169.12,173.09,140.43,145.83,121.34,77.526,33.933,0.21854,80.084,150.1,169.12,173.09,140.43,145.83,121.34,77.526,33.933,0.21854,73.969,80.084,150.1,169.12,173.09,140.43,145.83,121.34,77.526,33.933,0.21854,31.459,73.969,80.084,150.1,169.12,173.09,140.43,145.83,121.34,77.526,33.933,0.21854,0,31.459,73.969,80.084,150.1,169.12,173.09,140.43,145.83,121.34,77.526,33.933,0.21854,0,0,31.459,73.969,80.084,150.1,169.12,173.09,140.43,145.83,121.34,77.526,33.933,0.21854,0,0,0,31.459,73.969,80.084,150.1,169.12,173.09,140.43,145.83,121.34,77.526,33.933,0.21854
0,25.892,0,87.237,25.892,0,116.19,87.237,25.892,0,134.56,116.19,87.237,25.892,0,164.06,134.56,116.19,87.237,25.892,0,167.63,164.06,134.56,116.19,87.237,25.892,0,165.88,167.63,164.06,134.56,116.19,87.237,25.892,0,140.2,165.88,167.63,164.06,134.56,116.19,87.237,25.892,0,67.678,140.2,165.88,167.63,164.06,134.56,116.19,87.237,25.892,0,47.594,67.678,140.2,165.88,167.63,164.06,134.56,116.19,87.237,25.892,0,26.409,47.594,67.678,140.2,165.88,167.63,164.06,134.56,116.19,87.237,25.892,0,0,26.409,47.594,67.678,140.2,165.88,167.63,164.06,134.56,116.19,87.237,25.892,0,0,0,26.409,47.594,67.678,140.2,165.88,167.63,164.06,134.56,116.19,87.237,25.892,0,0,0,0,26.409,47.594,67.678,140.2,165.88,167.63,164.06,134.56,116.19,87.237,25.892,0
0,33.205,0,85.734,33.205,0,123.03,85.734,33.205,0,150.84,123.03,85.734,33.205,0,150.56,150.84,123.03,85.734,33.205,0,147.57,150.56,150.84,123.03,85.734,33.205,0,109.19,147.57,150.56,150.84,123.03,85.734,33.205,0,82.553,109.19,147.57,150.56,150.84,123.03,85.734,33.205,0,66.808,82.553,109.19,147.57,150.56,150.84,123.03,85.734,33.205,0,55.751,66.808,82.553,109.19,147.57,150.56,150.84,123.03,85.734,33.205,0,30.864,55.751,66.808,82.553,109.19,147.57,150.56,150.84,123.03,85.734,33.205,0,0,30.864,55.751,66.808,82.553,109.19,147.57,150.56,150.84,123.03,85.734,33.205,0,0,0,30.864,55.751,66.808,82.553,109.19,147.57,150.56,150.84,123.03,85.734,33.205,0,0,0,0,30.864,55.751,66.808,82.553,109.19,147.57,150.56,150.84,123.03,85.734,33.205,0
0,32.721,0,86.732,32.721,0,125.35,86.732,32.721,0,152.28,125.35,86.732,32.721,0,123.19,152.28,125.35,86.732,32.721,0,124.55,123.19,152.28,125.35,86.732,32.721,0,167.44,124.55,123.19,152.28,125.35,86.732,32.721,0,154.9,167.44,124.55,123.19,152.28,125.35,86.732,32.721,0,133.11,154.9,167.44,124.55,123.19,152.28,125.35,86.732,32.721,0,91.11,133.11,154.9,167.44,124.55,123.19,152.28,125.35,86.732,32.721,0,31.583,91.11,133.11,154.9,167.44,124.55,123.19,152.28,125.35,86.732,32.721,0,0,31.583,91.11,133.11,154.9,167.44,124.55,123.19,152.28,125.35,86.732,32.721,0,0,0,31.583,91.11,133.11,154.9,167.44,124.55,123.19,152.28,125.35,86.732,32.721,0,0,0,0,31.583,91.11,133.11,154.9,167.44,124.55,123.19,152.28,125.35,86.732,32.721,0
0,32.127,0,82.882,32.127,0,117.54,82.882,32.127,0,147.5,117.54,82.882,32.127,0,144.29,147.5,117.54,82.882,32.127,0,174.44,144.29,147.5,117.54,82.882,32.127,0,170.22,174.44,144.29,147.5,117.54,82.882,32.127,0,156.01,170.22,174.44,144.29,147.5,117.54,82.882,32.127,0,129.61,156.01,170.22,174.44,144.29,147.5,117.54,82.882,32.127,0,88.739,129.61,156.01,170.22,174.44,144.29,147.5,117.54,82.882,32.127,0,34.147,88.739,129.61,156.01,170.22,174.44,144.29,147.5,117.54,82.882,32.127,0,0,34.147,88.739,129.61,156.01,170.22,174.44,144.29,147.5,117.54,82.882,32.127,0,0,0,34.147,88.739,129.61,156.01,170.22,174.44,144.29,147.5,117.54,82.882,32.127,0,0,0,0,34.147,88.739,129.61,156.01,170.22,174.44,144.29,147.5,117.54,82.882,32.127,0
0,18.776,0,80.994,18.776,0,113.06,80.994,18.776,0,129.61,113.06,80.994,18.776,0,145.8,129.61,113.06,80.994,18.776,0,124.75,145.8,129.61,113.06,80.994,18.776,0,163.78,124.75,145.8,129.61,113.06,80.994,18.776,0,150.49,163.78,124.75,145.8,129.61,113.06,80.994,18.776,0,124.19,150.49,163.78,124.75,145.8,129.61,113.06,80.994,18.776,0,84.315,124.19,150.49,163.78,124.75,145.8,129.61,113.06,80.994,18.776,0,32.131,84.315,124.19,150.49,163.78,124.75,145.8,129.61,113.06,80.994,18.776,0,0,32.131,84.315,124.19,150.49,163.78,124.75,145.8,129.61,113.06,80.994,18.776,0,0,0,32.131,84.315,124.19,150.49,163.78,124.75,145.8,129.61,113.06,80.994,18.776,0,0,0,0,32.131,84.315,124.19,150.49,163.78,124.75,145.8,129.61,113.06,80.994,18.776,0
0,27.436,0,73.117,27.436,0,104.8,73.117,27.436,0,123.05,104.8,73.117,27.436,0,105.48,123.05,104.8,73.117,27.436,0,114.69,105.48,123.05,104.8,73.117,27.436,0,155.49,114.69,105.48,123.05,104.8,73.117,27.436,0,150.9,155.49,114.69,105.48,123.05,104.8,73.117,27.436,0,124.83,150.9,155.49,114.69,105.48,123.05,104.8,73.117,27.436,0,84.785,124.83,150.9,155.49,114.69,105.48,123.05,104.8,73.117,27.436,0,31.627,84.785,124.83,150.9,155.49,114.69,105.48,123.05,104.8,73.117,27.436,0,0,31.627,84.785,124.83,150.9,155.49,114.69,105.48,123.05,104.8,73.117,27.436,0,0,0,31.627,84.785,124.83,150.9,155.49,114.69,105.48,123.05,104.8,73.117,27.436,0,0,0,0,31.627,84.785,124.83,150.9,155.49,114.69,105.48,123.05,104.8,73.117,27.436,0
0,27.868,0,72.876,27.868,0,117.17,72.876,27.868,0,146.94,117.17,72.876,27.868,0,152.5,146.94,117.17,72.876,27.868,0,157.96,152.5,146.94,117.17,72.876,27.868,0,161.68,157.96,152.5,146.94,117.17,72.876,27.868,0,147.94,161.68,157.96,152.5,146.94,117.17,72.876,27.868,0,122.53,147.94,161.68,157.96,152.5,146.94,117.17,72.876,27.868,0,82.112,122.53,147.94,161.68,157.96,152.5,146.94,117.17,72.876,27.868,0,30.023,82.112,122.53,147.94,161.68,157.96,152.5,146.94,117.17,72.876,27.868,0,0,30.023,82.112,122.53,147.94,161.68,157.96,152.5,146.94,117.17,72.876,27.868,0,0,0,30.023,82.112,122.53,147.94,161.68,157.96,152.5,146.94,117.17,72.876,27.868,0,0,0,0,30.023,82.112,122.53,147.94,161.68,157.96,152.5,146.94,117.17,72.876,27.868,0
0,27.163,0,81.569,27.163,0,123.02,81.569,27.163,0,150.88,123.02,81.569,27.163,0,166.19,150.88,123.02,81.569,27.163,0,170.74,166.19,150.88,123.02,81.569,27.163,0,167.04,170.74,166.19,150.88,123.02,81.569,27.163,0,152.92,167.04,170.74,166.19,150.88,123.02,81.569,27.163,0,126.34,152.92,167.04,170.74,166.19,150.88,123.02,81.569,27.163,0,85.397,126.34,152.92,167.04,170.74,166.19,150.88,123.02,81.569,27.163,0,31.463,85.397,126.34,152.92,167.04,170.74,166.19,150.88,123.02,81.569,27.163,0,0,31.463,85.397,126.34,152.92,167.04,170.74,166.19,150.88,123.02,81.569,27.163,0,0,0,31.463,85.397,126.34,152.92,167.04,170.74,166.19,150.88,123.02,81.569,27.163,0,0,0,0,31.463,85.397,126.34,152.92,167.04,170.74,166.19,150.88,123.02,81.569,27.163,0
0.19124,17.849,0.19124,22.335,17.849,0.19124,54.704,22.335,17.849,0.19124,133.69,54.704,22.335,17.849,0.19124,127.93,133.69,54.704,22.335,17.849,0.19124,150.9,127.93,133.69,54.704,22.335,17.849,0.19124,112.36,150.9,127.93,133.69,54.704,22.335,17.849,0.19124,54.251,112.36,150.9,127.93,133.69,54.704,22.335,17.849,0.19124,101.69,54.251,112.36,150.9,127.93,133.69,54.704,22.335,17.849,0.19124,78.751,101.69,54.251,112.36,150.9,127.93,133.69,54.704,22.335,17.849,0.19124,25.062,78.751,101.69,54.251,112.36,150.9,127.93,133.69,54.704,22.335,17.849,0.19124,0,25.062,78.751,101.69,54.251,112.36,150.9,127.93,133.69,54.704,22.335,17.849,0.19124,0,0,25.062,78.751,101.69,54.251,112.36,150.9,127.93,133.69,54.704,22.335,17.849,0.19124,0,0,0,25.062,78.751,101.69,54.251,112.36,150.9,127.93,133.69,54.704,22.335,17.849,0.19124
0.61785,32.985,0.61785,92.88,32.985,0.61785,137.01,92.88,32.985,0.61785,165.94,137.01,92.88,32.985,0.61785,182.51,165.94,137.01,92.88,32.985,0.61785,188.22,182.51,165.94,137.01,92.88,32.985,0.61785,185.74,188.22,182.51,165.94,137.01,92.88,32.985,0.61785,171.91,185.74,188.22,182.51,165.94,137.01,92.88,32.985,0.61785,144.5,171.91,185.74,188.22,182.51,165.94,137.01,92.88,32.985,0.61785,100.3,144.5,171.91,185.74,188.22,182.51,165.94,137.01,92.88,32.985,0.61785,38.609,100.3,144.5,171.91,185.74,188.22,182.51,165.94,137.01,92.88,32.985,0.61785,0,38.609,100.3,144.5,171.91,185.74,188.22,182.51,165.94,137.01,92.88,32.985,0.61785,0,0,38.609,100.3,144.5,171.91,185.74,188.22,182.51,165.94,137.01,92.88,32.985,0.61785,0,0,0,38.609,100.3,144.5,171.91,185.74,188.22,182.51,165.94,137.01,92.88,32.985,0.61785
0.23821,25.586,0.23821,79.662,25.586,0.23821,121.09,79.662,25.586,0.23821,152.15,121.09,79.662,25.586,0.23821,151.47,152.15,121.09,79.662,25.586,0.23821,137.53,151.47,152.15,121.09,79.662,25.586,0.23821,158.81,137.53,151.47,152.15,121.09,79.662,25.586,0.23821,153.86,158.81,137.53,151.47,152.15,121.09,79.662,25.586,0.23821,129.59,153.86,158.81,137.53,151.47,152.15,121.09,79.662,25.586,0.23821,88.738,129.59,153.86,158.81,137.53,151.47,152.15,121.09,79.662,25.586,0.23821,27.774,88.738,129.59,153.86,158.81,137.53,151.47,152.15,121.09,79.662,25.586,0.23821,0,27.774,88.738,129.59,153.86,158.81,137.53,151.47,152.15,121.09,79.662,25.586,0.23821,0,0,27.774,88.738,129.59,153.86,158.81,137.53,151.47,152.15,121.09,79.662,25.586,0.23821,0,0,0,27.774,88.738,129.59,153.86,158.81,137.53,151.47,152.15,121.09,79.662,25.586,0.23821
0.17531,24.736,0.17531,77.433,24.736,0.17531,115.25,77.433,24.736,0.17531,115.03,115.25,77.433,24.736,0.17531,112.98,115.03,115.25,77.433,24.736,0.17531,153.73,112.98,115.03,115.25,77.433,24.736,0.17531,159.63,153.73,112.98,115.03,115.25,77.433,24.736,0.17531,155.51,159.63,153.73,112.98,115.03,115.25,77.433,24.736,0.17531,127.86,155.51,159.63,153.73,112.98,115.03,115.25,77.433,24.736,0.17531,85.887,127.86,155.51,159.63,153.73,112.98,115.03,115.25,77.433,24.736,0.17531,30.783,85.887,127.86,155.51,159.63,153.73,112.98,115.03,115.25,77.433,24.736,0.17531,0,30.783,85.887,127.86,155.51,159.63,153.73,112.98,115.03,115.25,77.433,24.736,0.17531,0,0,30.783,85.887,127.86,155.51,159.63,153.73,112.98,115.03,115.25,77.433,24.736,0.17531,0,0,0,30.783,85.887,127.86,155.51,159.63,153.73,112.98,115.03,115.25,77.433,24.736,0.17531
0.25315,16.14,0.25315,21.62,16.14,0.25315,31.643,21.62,16.14,0.25315,29.149,31.643,21.62,16.14,0.25315,11.424,29.149,31.643,21.62,16.14,0.25315,23.458,11.424,29.149,31.643,21.62,16.14,0.25315,52.999,23.458,11.424,29.149,31.643,21.62,16.14,0.25315,21.169,52.999,23.458,11.424,29.149,31.643,21.62,16.14,0.25315,9.8025,21.169,52.999,23.458,11.424,29.149,31.643,21.62,16.14,0.25315,10.855,9.8025,21.169,52.999,23.458,11.424,29.149,31.643,21.62,16.14,0.25315,1.7965,10.855,9.8025,21.169,52.999,23.458,11.424,29.149,31.643,21.62,16.14,0.25315,0,1.7965,10.855,9.8025,21.169,52.999,23.458,11.424,29.149,31.643,21.62,16.14,0.25315,0,0,1.7965,10.855,9.8025,21.169,52.999,23.458,11.424,29.149,31.643,21.62,16.14,0.25315,0,0,0,1.7965,10.855,9.8025,21.169,52.999,23.458,11.424,29.149,31.643,21.62,16.14,0.25315
0.1041,13.053,0.1041,38.976,13.053,0.1041,54.153,38.976,13.053,0.1041,117.73,54.153,38.976,13.053,0.1041,97.171,117.73,54.153,38.976,13.053,0.1041,88.712,97.171,117.73,54.153,38.976,13.053,0.1041,114.28,88.712,97.171,117.73,54.153,38.976,13.053,0.1041,120.12,114.28,88.712,97.171,117.73,54.153,38.976,13.053,0.1041,69.308,120.12,114.28,88.712,97.171,117.73,54.153,38.976,13.053,0.1041,37.693,69.308,120.12,114.28,88.712,97.171,117.73,54.153,38.976,13.053,0.1041,8.2114,37.693,69.308,120.12,114.28,88.712,97.171,117.73,54.153,38.976,13.053,0.1041,0,8.2114,37.693,69.308,120.12,114.28,88.712,97.171,117.73,54.153,38.976,13.053,0.1041,0,0,8.2114,37.693,69.308,120.12,114.28,88.712,97.171,117.73,54.153,38.976,13.053,0.1041,0,0,0,8.2114,37.693,69.308,120.12,114.28,88.712,97.171,117.73,54.153,38.976,13.053,0.1041
0,6.3891,0,16.404,6.3891,0,82.645,16.404,6.3891,0,117.82,82.645,16.404,6.3891,0,143.84,117.82,82.645,16.404,6.3891,0,143.37,143.84,117.82,82.645,16.404,6.3891,0,53.078,143.37,143.84,117.82,82.645,16.404,6.3891,0,22.348,53.078,143.37,143.84,117.82,82.645,16.404,6.3891,0,16.096,22.348,53.078,143.37,143.84,117.82,82.645,16.404,6.3891,0,14.069,16.096,22.348,53.078,143.37,143.84,117.82,82.645,16.404,6.3891,0,3.908,14.069,16.096,22.348,53.078,143.37,143.84,117.82,82.645,16.404,6.3891,0,0.11084,3.908,14.069,16.096,22.348,53.078,143.37,143.84,117.82,82.645,16.404,6.3891,0,0,0.11084,3.908,14.069,16.096,22.348,53.078,143.37,143.84,117.82,82.645,16.404,6.3891,0,0,0,0.11084,3.908,14.069,16.096,22.348,53.078,143.37,143.84,117.82,82.645,16.404,6.3891,0
0,3.5907,0,15.19,3.5907,0,18.908,15.19,3.5907,0,95.341,18.908,15.19,3.5907,0,121.73,95.341,18.908,15.19,3.5907,0,124.75,121.73,95.341,18.908,15.19,3.5907,0,84.595,124.75,121.73,95.341,18.908,15.19,3.5907,0,56.754,84.595,124.75,121.73,95.341,18.908,15.19,3.5907,0,47.638,56.754,84.595,124.75,121.73,95.341,18.908,15.19,3.5907,0,18.537,47.638,56.754,84.595,124.75,121.73,95.341,18.908,15.19,3.5907,0,6.0305,18.537,47.638,56.754,84.595,124.75,121.73,95.341,18.908,15.19,3.5907,0,0.27645,6.0305,18.537,47.638,56.754,84.595,124.75,121.73,95.341,18.908,15.19,3.5907,0,0,0.27645,6.0305,18.537,47.638,56.754,84.595,124.75,121.73,95.341,18.908,15.19,3.5907,0,0,0,0.27645,6.0305,18.537,47.638,56.754,84.595,124.75,121.73,95.341,18.908,15.19,3.5907,0
0.023622,19.926,0.023622,62.835,19.926,0.023622,81.056,62.835,19.926,0.023622,29.578,81.056,62.835,19.926,0.023622,118.98,29.578,81.056,62.835,19.926,0.023622,84.199,118.98,29.578,81.056,62.835,19.926,0.023622,32.819,84.199,118.98,29.578,81.056,62.835,19.926,0.023622,33.264,32.819,84.199,118.98,29.578,81.056,62.835,19.926,0.023622,30.261,33.264,32.819,84.199,118.98,29.578,81.056,62.835,19.926,0.023622,14.983,30.261,33.264,32.819,84.199,118.98,29.578,81.056,62.835,19.926,0.023622,2.3152,14.983,30.261,33.264,32.819,84.199,118.98,29.578,81.056,62.835,19.926,0.023622,0,2.3152,14.983,30.261,33.264,32.819,84.199,118.98,29.578,81.056,62.835,19.926,0.023622,0,0,2.3152,14.983,30.261,33.264,32.819,84.199,118.98,29.578,81.056,62.835,19.926,0.023622,0,0,0,2.3152,14.983,30.261,33.264,32.819,84.199,118.98,29.578,81.056,62.835,19.926,0.023622
0.077235,4.3693,0.077235,17.424,4.3693,0.077235,30.604,17.424,4.3693,0.077235,59.752,30.604,17.424,4.3693,0.077235,42.285,59.752,30.604,17.424,4.3693,0.077235,33.45,42.285,59.752,30.604,17.424,4.3693,0.077235,42.725,33.45,42.285,59.752,30.604,17.424,4.3693,0.077235,36.126,42.725,33.45,42.285,59.752,30.604,17.424,4.3693,0.077235,29.444,36.126,42.725,33.45,42.285,59.752,30.604,17.424,4.3693,0.077235,10.269,29.444,36.126,42.725,33.45,42.285,59.752,30.604,17.424,4.3693,0.077235,2.0449,10.269,29.444,36.126,42.725,33.45,42.285,59.752,30.604,17.424,4.3693,0.077235,0,2.0449,10.269,29.444,36.126,42.725,33.45,42.285,59.752,30.604,17.424,4.3693,0.077235,0,0,2.0449,10.269,29.444,36.126,42.725,33.45,42.285,59.752,30.604,17.424,4.3693,0.077235,0,0,0,2.0449,10.269,29.444,36.126,42.725,33.45,42.285,59.752,30.604,17.424,4.3693,0.077235
0.078685,24.165,0.078685,55.826,24.165,0.078685,68.243,55.826,24.165,0.078685,105.34,68.243,55.826,24.165,0.078685,130.53,105.34,68.243,55.826,24.165,0.078685,127.18,130.53,105.34,68.243,55.826,24.165,0.078685,95.272,127.18,130.53,105.34,68.243,55.826,24.165,0.078685,103.69,95.272,127.18,130.53,105.34,68.243,55.826,24.165,0.078685,59.843,103.69,95.272,127.18,130.53,105.34,68.243,55.826,24.165,0.078685,26.475,59.843,103.69,95.272,127.18,130.53,105.34,68.243,55.826,24.165,0.078685,13.646,26.475,59.843,103.69,95.272,127.18,130.53,105.34,68.243,55.826,24.165,0.078685,0.17636,13.646,26.475,59.843,103.69,95.272,127.18,130.53,105.34,68.243,55.826,24.165,0.078685,0,0.17636,13.646,26.475,59.843,103.69,95.272,127.18,130.53,105.34,68.243,55.826,24.165,0.078685,0,0,0.17636,13.646,26.475,59.843,103.69,95.272,127.18,130.53,105.34,68.243,55.826,24.165,0.078685
0,24.106,0,84.41,24.106,0,129.93,84.41,24.106,0,159.18,129.93,84.41,24.106,0,176.37,159.18,129.93,84.41,24.106,0,183,176.37,159.18,129.93,84.41,24.106,0,181.45,183,176.37,159.18,129.93,84.41,24.106,0,168.97,181.45,183,176.37,159.18,129.93,84.41,24.106,0,142.93,168.97,181.45,183,176.37,159.18,129.93,84.41,24.106,0,99.636,142.93,168.97,181.45,183,176.37,159.18,129.93,84.41,24.106,0,36.629,99.636,142.93,168.97,181.45,183,176.37,159.18,129.93,84.41,24.106,0,0.5136,36.629,99.636,142.93,168.97,181.45,183,176.37,159.18,129.93,84.41,24.106,0,0,0.5136,36.629,99.636,142.93,168.97,181.45,183,176.37,159.18,129.93,84.41,24.106,0,0,0,0.5136,36.629,99.636,142.93,168.97,181.45,183,176.37,159.18,129.93,84.41,24.106,0
0,20.042,0,76.379,20.042,0,120.91,76.379,20.042,0,150.02,120.91,76.379,20.042,0,167.04,150.02,120.91,76.379,20.042,0,173.36,167.04,150.02,120.91,76.379,20.042,0,170.03,173.36,167.04,150.02,120.91,76.379,20.042,0,147.12,170.03,173.36,167.04,150.02,120.91,76.379,20.042,0,122.05,147.12,170.03,173.36,167.04,150.02,120.91,76.379,20.042,0,59.445,122.05,147.12,170.03,173.36,167.04,150.02,120.91,76.379,20.042,0,27.679,59.445,122.05,147.12,170.03,173.36,167.04,150.02,120.91,76.379,20.042,0,0.24963,27.679,59.445,122.05,147.12,170.03,173.36,167.04,150.02,120.91,76.379,20.042,0,0,0.24963,27.679,59.445,122.05,147.12,170.03,173.36,167.04,150.02,120.91,76.379,20.042,0,0,0,0.24963,27.679,59.445,122.05,147.12,170.03,173.36,167.04,150.02,120.91,76.379,20.042,0
0,12.367,0,43.658,12.367,0,70.902,43.658,12.367,0,69.588,70.902,43.658,12.367,0,79.764,69.588,70.902,43.658,12.367,0,118.5,79.764,69.588,70.902,43.658,12.367,0,102.71,118.5,79.764,69.588,70.902,43.658,12.367,0,94.642,102.71,118.5,79.764,69.588,70.902,43.658,12.367,0,35.7,94.642,102.71,118.5,79.764,69.588,70.902,43.658,12.367,0,69.963,35.7,94.642,102.71,118.5,79.764,69.588,70.902,43.658,12.367,0,30.392,69.963,35.7,94.642,102.71,118.5,79.764,69.588,70.902,43.658,12.367,0,0.30971,30.392,69.963,35.7,94.642,102.71,118.5,79.764,69.588,70.902,43.658,12.367,0,0,0.30971,30.392,69.963,35.7,94.642,102.71,118.5,79.764,69.588,70.902,43.658,12.367,0,0,0,0.30971,30.392,69.963,35.7,94.642,102.71,118.5,79.764,69.588,70.902,43.658,12.367,0
0,24.259,0,90.222,24.259,0,139.09,90.222,24.259,0,170.77,139.09,90.222,24.259,0,188.81,170.77,139.09,90.222,24.259,0,195.45,188.81,170.77,139.09,90.222,24.259,0,192.43,195.45,188.81,170.77,139.09,90.222,24.259,0,176.58,192.43,195.45,188.81,170.77,139.09,90.222,24.259,0,145.43,176.58,192.43,195.45,188.81,170.77,139.09,90.222,24.259,0,94.967,145.43,176.58,192.43,195.45,188.81,170.77,139.09,90.222,24.259,0,16.59,94.967,145.43,176.58,192.43,195.45,188.81,170.77,139.09,90.222,24.259,0,0.15607,16.59,94.967,145.43,176.58,192.43,195.45,188.81,170.77,139.09,90.222,24.259,0,0,0.15607,16.59,94.967,145.43,176.58,192.43,195.45,188.81,170.77,139.09,90.222,24.259,0,0,0,0.15607,16.59,94.967,145.43,176.58,192.43,195.45,188.81,170.77,139.09,90.222,24.259,0
0,20.858,0,84.999,20.858,0,132.95,84.999,20.858,0,164.31,132.95,84.999,20.858,0,182.6,164.31,132.95,84.999,20.858,0,189.89,182.6,164.31,132.95,84.999,20.858,0,187.92,189.89,182.6,164.31,132.95,84.999,20.858,0,173.76,187.92,189.89,182.6,164.31,132.95,84.999,20.858,0,146.48,173.76,187.92,189.89,182.6,164.31,132.95,84.999,20.858,0,101.69,146.48,173.76,187.92,189.89,182.6,164.31,132.95,84.999,20.858,0,37.185,101.69,146.48,173.76,187.92,189.89,182.6,164.31,132.95,84.999,20.858,0,0.5163,37.185,101.69,146.48,173.76,187.92,189.89,182.6,164.31,132.95,84.999,20.858,0,0,0.5163,37.185,101.69,146.48,173.76,187.92,189.89,182.6,164.31,132.95,84.999,20.858,0,0,0,0.5163,37.185,101.69,146.48,173.76,187.92,189.89,182.6,164.31,132.95,84.999,20.858,0
0,17.439,0,79.055,17.439,0,127.61,79.055,17.439,0,159.94,127.61,79.055,17.439,0,179.15,159.94,127.61,79.055,17.439,0,186.92,179.15,159.94,127.61,79.055,17.439,0,184.35,186.92,179.15,159.94,127.61,79.055,17.439,0,170.28,184.35,186.92,179.15,159.94,127.61,79.055,17.439,0,142.12,170.28,184.35,186.92,179.15,159.94,127.61,79.055,17.439,0,96.994,142.12,170.28,184.35,186.92,179.15,159.94,127.61,79.055,17.439,0,33.526,96.994,142.12,170.28,184.35,186.92,179.15,159.94,127.61,79.055,17.439,0,0.2701,33.526,96.994,142.12,170.28,184.35,186.92,179.15,159.94,127.61,79.055,17.439,0,0,0.2701,33.526,96.994,142.12,170.28,184.35,186.92,179.15,159.94,127.61,79.055,17.439,0,0,0,0.2701,33.526,96.994,142.12,170.28,184.35,186.92,179.15,159.94,127.61,79.055,17.439,0
0,11.915,0,46.865,11.915,0,79.874,46.865,11.915,0,88.265,79.874,46.865,11.915,0,141.5,88.265,79.874,46.865,11.915,0,176.67,141.5,88.265,79.874,46.865,11.915,0,172.9,176.67,141.5,88.265,79.874,46.865,11.915,0,157.56,172.9,176.67,141.5,88.265,79.874,46.865,11.915,0,127.39,157.56,172.9,176.67,141.5,88.265,79.874,46.865,11.915,0,56.246,127.39,157.56,172.9,176.67,141.5,88.265,79.874,46.865,11.915,0,26.235,56.246,127.39,157.56,172.9,176.67,141.5,88.265,79.874,46.865,11.915,0,0.0593,26.235,56.246,127.39,157.56,172.9,176.67,141.5,88.265,79.874,46.865,11.915,0,0,0.0593,26.235,56.246,127.39,157.56,172.9,176.67,141.5,88.265,79.874,46.865,11.915,0,0,0,0.0593,26.235,56.246,127.39,157.56,172.9,176.67,141.5,88.265,79.874,46.865,11.915,0
0,1.9105,0,11.401,1.9105,0,21.492,11.401,1.9105,0,31.943,21.492,11.401,1.9105,0,40.695,31.943,21.492,11.401,1.9105,0,41.612,40.695,31.943,21.492,11.401,1.9105,0,38.213,41.612,40.695,31.943,21.492,11.401,1.9105,0,32.838,38.213,41.612,40.695,31.943,21.492,11.401,1.9105,0,13.353,32.838,38.213,41.612,40.695,31.943,21.492,11.401,1.9105,0,23.209,13.353,32.838,38.213,41.612,40.695,31.943,21.492,11.401,1.9105,0,8.4353,23.209,13.353,32.838,38.213,41.612,40.695,31.943,21.492,11.401,1.9105,0,0,8.4353,23.209,13.353,32.838,38.213,41.612,40.695,31.943,21.492,11.401,1.9105,0,0,0,8.4353,23.209,13.353,32.838,38.213,41.612,40.695,31.943,21.492,11.401,1.9105,0,0,0,0,8.4353,23.209,13.353,32.838,38.213,41.612,40.695,31.943,21.492,11.401,1.9105,0
0,17.619,0,83.236,17.619,0,133.04,83.236,17.619,0,165.38,133.04,83.236,17.619,0,184.66,165.38,133.04,83.236,17.619,0,192.02,184.66,165.38,133.04,83.236,17.619,0,179.75,192.02,184.66,165.38,133.04,83.236,17.619,0,90.237,179.75,192.02,184.66,165.38,133.04,83.236,17.619,0,76.472,90.237,179.75,192.02,184.66,165.38,133.04,83.236,17.619,0,82.08,76.472,90.237,179.75,192.02,184.66,165.38,133.04,83.236,17.619,0,13.767,82.08,76.472,90.237,179.75,192.02,184.66,165.38,133.04,83.236,17.619,0,0.0802,13.767,82.08,76.472,90.237,179.75,192.02,184.66,165.38,133.04,83.236,17.619,0,0,0.0802,13.767,82.08,76.472,90.237,179.75,192.02,184.66,165.38,133.04,83.236,17.619,0,0,0,0.0802,13.767,82.08,76.472,90.237,179.75,192.02,184.66,165.38,133.04,83.236,17.619,0
0,16.727,0,81.264,16.727,0,130.81,81.264,16.727,0,163.14,130.81,81.264,16.727,0,182.24,163.14,130.81,81.264,16.727,0,189.94,182.24,163.14,130.81,81.264,16.727,0,187.45,189.94,182.24,163.14,130.81,81.264,16.727,0,173.69,187.45,189.94,182.24,163.14,130.81,81.264,16.727,0,145.56,173.69,187.45,189.94,182.24,163.14,130.81,81.264,16.727,0,99.091,145.56,173.69,187.45,189.94,182.24,163.14,130.81,81.264,16.727,0,33.129,99.091,145.56,173.69,187.45,189.94,182.24,163.14,130.81,81.264,16.727,0,0.13125,33.129,99.091,145.56,173.69,187.45,189.94,182.24,163.14,130.81,81.264,16.727,0,0,0.13125,33.129,99.091,145.56,173.69,187.45,189.94,182.24,163.14,130.81,81.264,16.727,0,0,0,0.13125,33.129,99.091,145.56,173.69,187.45,189.94,182.24,163.14,130.81,81.264,16.727,0
0,11.893,0,59.339,11.893,0,32.825,59.339,11.893,0,59.681,32.825,59.339,11.893,0,121.78,59.681,32.825,59.339,11.893,0,70.491,121.78,59.681,32.825,59.339,11.893,0,170.53,70.491,121.78,59.681,32.825,59.339,11.893,0,109.78,170.53,70.491,121.78,59.681,32.825,59.339,11.893,0,44.52,109.78,170.53,70.491,121.78,59.681,32.825,59.339,11.893,0,37.562,44.52,109.78,170.53,70.491,121.78,59.681,32.825,59.339,11.893,0,28.288,37.562,44.52,109.78,170.53,70.491,121.78,59.681,32.825,59.339,11.893,0,0.10314,28.288,37.562,44.52,109.78,170.53,70.491,121.78,59.681,32.825,59.339,11.893,0,0,0.10314,28.288,37.562,44.52,109.78,170.53,70.491,121.78,59.681,32.825,59.339,11.893,0,0,0,0.10314,28.288,37.562,44.52,109.78,170.53,70.491,121.78,59.681,32.825,59.339,11.893,0
0,9.2035,0,26.567,9.2035,0,16.698,26.567,9.2035,0,18.55,16.698,26.567,9.2035,0,20.753,18.55,16.698,26.567,9.2035,0,25.309,20.753,18.55,16.698,26.567,9.2035,0,12.309,25.309,20.753,18.55,16.698,26.567,9.2035,0,7.5202,12.309,25.309,20.753,18.55,16.698,26.567,9.2035,0,6.4131,7.5202,12.309,25.309,20.753,18.55,16.698,26.567,9.2035,0,5.436,6.4131,7.5202,12.309,25.309,20.753,18.55,16.698,26.567,9.2035,0,1.3017,5.436,6.4131,7.5202,12.309,25.309,20.753,18.55,16.698,26.567,9.2035,0,0.009256,1.3017,5.436,6.4131,7.5202,12.309,25.309,20.753,18.55,16.698,26.567,9.2035,0,0,0.009256,1.3017,5.436,6.4131,7.5202,12.309,25.309,20.753,18.55,16.698,26.567,9.2035,0,0,0,0.009256,1.3017,5.436,6.4131,7.5202,12.309,25.309,20.753,18.55,16.698,26.567,9.2035,0
0,2.6495,0,11.509,2.6495,0,13.711,11.509,2.6495,0,17.73,13.711,11.509,2.6495,0,16.784,17.73,13.711,11.509,2.6495,0,24.299,16.784,17.73,13.711,11.509,2.6495,0,21.696,24.299,16.784,17.73,13.711,11.509,2.6495,0,21.037,21.696,24.299,16.784,17.73,13.711,11.509,2.6495,0,12.742,21.037,21.696,24.299,16.784,17.73,13.711,11.509,2.6495,0,5.6085,12.742,21.037,21.696,24.299,16.784,17.73,13.711,11.509,2.6495,0,0.69715,5.6085,12.742,21.037,21.696,24.299,16.784,17.73,13.711,11.509,2.6495,0,0,0.69715,5.6085,12.742,21.037,21.696,24.299,16.784,17.73,13.711,11.509,2.6495,0,0,0,0.69715,5.6085,12.742,21.037,21.696,24.299,16.784,17.73,13.711,11.509,2.6495,0,0,0,0,0.69715,5.6085,12.742,21.037,21.696,24.299,16.784,17.73,13.711,11.509,2.6495,0
0,18.512,0,91.206,18.512,0,147.51,91.206,18.512,0,169.7,147.51,91.206,18.512,0,189.55,169.7,147.51,91.206,18.512,0,214.95,189.55,169.7,147.51,91.206,18.512,0,205.44,214.95,189.55,169.7,147.51,91.206,18.512,0,195.6,205.44,214.95,189.55,169.7,147.51,91.206,18.512,0,154.43,195.6,205.44,214.95,189.55,169.7,147.51,91.206,18.512,0,90.074,154.43,195.6,205.44,214.95,189.55,169.7,147.51,91.206,18.512,0,33.624,90.074,154.43,195.6,205.44,214.95,189.55,169.7,147.51,91.206,18.512,0,0,33.624,90.074,154.43,195.6,205.44,214.95,189.55,169.7,147.51,91.206,18.512,0,0,0,33.624,90.074,154.43,195.6,205.44,214.95,189.55,169.7,147.51,91.206,18.512,0,0,0,0,33.624,90.074,154.43,195.6,205.44,214.95,189.55,169.7,147.51,91.206,18.512,0
0,11.576,0,76.889,11.576,0,133.25,76.889,11.576,0,168.18,133.25,76.889,11.576,0,189.13,168.18,133.25,76.889,11.576,0,196.44,189.13,168.18,133.25,76.889,11.576,0,192.57,196.44,189.13,168.18,133.25,76.889,11.576,0,174.59,192.57,196.44,189.13,168.18,133.25,76.889,11.576,0,134.22,174.59,192.57,196.44,189.13,168.18,133.25,76.889,11.576,0,104.96,134.22,174.59,192.57,196.44,189.13,168.18,133.25,76.889,11.576,0,33.444,104.96,134.22,174.59,192.57,196.44,189.13,168.18,133.25,76.889,11.576,0,0,33.444,104.96,134.22,174.59,192.57,196.44,189.13,168.18,133.25,76.889,11.576,0,0,0,33.444,104.96,134.22,174.59,192.57,196.44,189.13,168.18,133.25,76.889,11.576,0,0,0,0,33.444,104.96,134.22,174.59,192.57,196.44,189.13,168.18,133.25,76.889,11.576,0
0,15.034,0,79.794,15.034,0,131.75,79.794,15.034,0,164.41,131.75,79.794,15.034,0,185.41,164.41,131.75,79.794,15.034,0,194.81,185.41,164.41,131.75,79.794,15.034,0,191.7,194.81,185.41,164.41,131.75,79.794,15.034,0,168.01,191.7,194.81,185.41,164.41,131.75,79.794,15.034,0,145.09,168.01,191.7,194.81,185.41,164.41,131.75,79.794,15.034,0,96.004,145.09,168.01,191.7,194.81,185.41,164.41,131.75,79.794,15.034,0,27.528,96.004,145.09,168.01,191.7,194.81,185.41,164.41,131.75,79.794,15.034,0,0,27.528,96.004,145.09,168.01,191.7,194.81,185.41,164.41,131.75,79.794,15.034,0,0,0,27.528,96.004,145.09,168.01,191.7,194.81,185.41,164.41,131.75,79.794,15.034,0,0,0,0,27.528,96.004,145.09,168.01,191.7,194.81,185.41,164.41,131.75,79.794,15.034,0
0,12.409,0,77.424,12.409,0,130.28,77.424,12.409,0,103.34,130.28,77.424,12.409,0,148.48,103.34,130.28,77.424,12.409,0,192.96,148.48,103.34,130.28,77.424,12.409,0,182.07,192.96,148.48,103.34,130.28,77.424,12.409,0,121.69,182.07,192.96,148.48,103.34,130.28,77.424,12.409,0,84.142,121.69,182.07,192.96,148.48,103.34,130.28,77.424,12.409,0,34.678,84.142,121.69,182.07,192.96,148.48,103.34,130.28,77.424,12.409,0,4.9603,34.678,84.142,121.69,182.07,192.96,148.48,103.34,130.28,77.424,12.409,0,0,4.9603,34.678,84.142,121.69,182.07,192.96,148.48,103.34,130.28,77.424,12.409,0,0,0,4.9603,34.678,84.142,121.69,182.07,192.96,148.48,103.34,130.28,77.424,12.409,0,0,0,0,4.9603,34.678,84.142,121.69,182.07,192.96,148.48,103.34,130.28,77.424,12.409,0
0,5.51,0,52.439,5.51,0,81.168,52.439,5.51,0,76.587,81.168,52.439,5.51,0,118.07,76.587,81.168,52.439,5.51,0,166.62,118.07,76.587,81.168,52.439,5.51,0,170.31,166.62,118.07,76.587,81.168,52.439,5.51,0,146.83,170.31,166.62,118.07,76.587,81.168,52.439,5.51,0,125.86,146.83,170.31,166.62,118.07,76.587,81.168,52.439,5.51,0,69.767,125.86,146.83,170.31,166.62,118.07,76.587,81.168,52.439,5.51,0,17.409,69.767,125.86,146.83,170.31,166.62,118.07,76.587,81.168,52.439,5.51,0,0,17.409,69.767,125.86,146.83,170.31,166.62,118.07,76.587,81.168,52.439,5.51,0,0,0,17.409,69.767,125.86,146.83,170.31,166.62,118.07,76.587,81.168,52.439,5.51,0,0,0,0,17.409,69.767,125.86,146.83,170.31,166.62,118.07,76.587,81.168,52.439,5.51,0
0,7.505,0,44.154,7.505,0,66.644,44.154,7.505,0,81.255,66.644,44.154,7.505,0,89.386,81.255,66.644,44.154,7.505,0,116.64,89.386,81.255,66.644,44.154,7.505,0,105.55,116.64,89.386,81.255,66.644,44.154,7.505,0,89.203,105.55,116.64,89.386,81.255,66.644,44.154,7.505,0,94.023,89.203,105.55,116.64,89.386,81.255,66.644,44.154,7.505,0,58.596,94.023,89.203,105.55,116.64,89.386,81.255,66.644,44.154,7.505,0,13.002,58.596,94.023,89.203,105.55,116.64,89.386,81.255,66.644,44.154,7.505,0,0,13.002,58.596,94.023,89.203,105.55,116.64,89.386,81.255,66.644,44.154,7.505,0,0,0,13.002,58.596,94.023,89.203,105.55,116.64,89.386,81.255,66.644,44.154,7.505,0,0,0,0,13.002,58.596,94.023,89.203,105.55,116.64,89.386,81.255,66.644,44.154,7.505,0
0,7.1846,0,46.454,7.1846,0,114.93,46.454,7.1846,0,147.22,114.93,46.454,7.1846,0,166.98,147.22,114.93,46.454,7.1846,0,167.64,166.98,147.22,114.93,46.454,7.1846,0,130.44,167.64,166.98,147.22,114.93,46.454,7.1846,0,92.932,130.44,167.64,166.98,147.22,114.93,46.454,7.1846,0,81.763,92.932,130.44,167.64,166.98,147.22,114.93,46.454,7.1846,0,19.377,81.763,92.932,130.44,167.64,166.98,147.22,114.93,46.454,7.1846,0,2.6043,19.377,81.763,92.932,130.44,167.64,166.98,147.22,114.93,46.454,7.1846,0,0,2.6043,19.377,81.763,92.932,130.44,167.64,166.98,147.22,114.93,46.454,7.1846,0,0,0,2.6043,19.377,81.763,92.932,130.44,167.64,166.98,147.22,114.93,46.454,7.1846,0,0,0,0,2.6043,19.377,81.763,92.932,130.44,167.64,166.98,147.22,114.93,46.454,7.1846,0
0,0.82601,0,4.4226,0.82601,0,9.5773,4.4226,0.82601,0,14.88,9.5773,4.4226,0.82601,0,17.062,14.88,9.5773,4.4226,0.82601,0,27.972,17.062,14.88,9.5773,4.4226,0.82601,0,8.8893,27.972,17.062,14.88,9.5773,4.4226,0.82601,0,5.9661,8.8893,27.972,17.062,14.88,9.5773,4.4226,0.82601,0,17.97,5.9661,8.8893,27.972,17.062,14.88,9.5773,4.4226,0.82601,0,4.2767,17.97,5.9661,8.8893,27.972,17.062,14.88,9.5773,4.4226,0.82601,0,5.4886,4.2767,17.97,5.9661,8.8893,27.972,17.062,14.88,9.5773,4.4226,0.82601,0,0,5.4886,4.2767,17.97,5.9661,8.8893,27.972,17.062,14.88,9.5773,4.4226,0.82601,0,0,0,5.4886,4.2767,17.97,5.9661,8.8893,27.972,17.062,14.88,9.5773,4.4226,0.82601,0,0,0,0,5.4886,4.2767,17.97,5.9661,8.8893,27.972,17.062,14.88,9.5773,4.4226,0.82601,0
0,2.6359,0,19.299,2.6359,0,30.707,19.299,2.6359,0,29.945,30.707,19.299,2.6359,0,29.133,29.945,30.707,19.299,2.6359,0,22.86,29.133,29.945,30.707,19.299,2.6359,0,13.102,22.86,29.133,29.945,30.707,19.299,2.6359,0,6.7006,13.102,22.86,29.133,29.945,30.707,19.299,2.6359,0,5.6416,6.7006,13.102,22.86,29.133,29.945,30.707,19.299,2.6359,0,3.3003,5.6416,6.7006,13.102,22.86,29.133,29.945,30.707,19.299,2.6359,0,0.36508,3.3003,5.6416,6.7006,13.102,22.86,29.133,29.945,30.707,19.299,2.6359,0,0,0.36508,3.3003,5.6416,6.7006,13.102,22.86,29.133,29.945,30.707,19.299,2.6359,0,0,0,0.36508,3.3003,5.6416,6.7006,13.102,22.86,29.133,29.945,30.707,19.299,2.6359,0,0,0,0,0.36508,3.3003,5.6416,6.7006,13.102,22.86,29.133,29.945,30.707,19.299,2.6359,0
0,14.418,0,77.452,14.418,0,129.74,77.452,14.418,0,163.13,129.74,77.452,14.418,0,182.51,163.13,129.74,77.452,14.418,0,190.34,182.51,163.13,129.74,77.452,14.418,0,187.83,190.34,182.51,163.13,129.74,77.452,14.418,0,173.69,187.83,190.34,182.51,163.13,129.74,77.452,14.418,0,145.19,173.69,187.83,190.34,182.51,163.13,129.74,77.452,14.418,0,95.897,145.19,173.69,187.83,190.34,182.51,163.13,129.74,77.452,14.418,0,22.039,95.897,145.19,173.69,187.83,190.34,182.51,163.13,129.74,77.452,14.418,0,0,22.039,95.897,145.19,173.69,187.83,190.34,182.51,163.13,129.74,77.452,14.418,0,0,0,22.039,95.897,145.19,173.69,187.83,190.34,182.51,163.13,129.74,77.452,14.418,0,0,0,0,22.039,95.897,145.19,173.69,187.83,190.34,182.51,163.13,129.74,77.452,14.418,0
0,8.6608,0,59.615,8.6608,0,103.64,59.615,8.6608,0,133.93,103.64,59.615,8.6608,0,162.78,133.93,103.64,59.615,8.6608,0,185.19,162.78,133.93,103.64,59.615,8.6608,0,183.88,185.19,162.78,133.93,103.64,59.615,8.6608,0,169.28,183.88,185.19,162.78,133.93,103.64,59.615,8.6608,0,139.47,169.28,183.88,185.19,162.78,133.93,103.64,59.615,8.6608,0,84.603,139.47,169.28,183.88,185.19,162.78,133.93,103.64,59.615,8.6608,0,14.725,84.603,139.47,169.28,183.88,185.19,162.78,133.93,103.64,59.615,8.6608,0,0,14.725,84.603,139.47,169.28,183.88,185.19,162.78,133.93,103.64,59.615,8.6608,0,0,0,14.725,84.603,139.47,169.28,183.88,185.19,162.78,133.93,103.64,59.615,8.6608,0,0,0,0,14.725,84.603,139.47,169.28,183.88,185.19,162.78,133.93,103.64,59.615,8.6608,0
0,1.6784,0,10.391,1.6784,0,11.43,10.391,1.6784,0,15.841,11.43,10.391,1.6784,0,12.584,15.841,11.43,10.391,1.6784,0,14.444,12.584,15.841,11.43,10.391,1.6784,0,10.03,14.444,12.584,15.841,11.43,10.391,1.6784,0,48.842,10.03,14.444,12.584,15.841,11.43,10.391,1.6784,0,24.221,48.842,10.03,14.444,12.584,15.841,11.43,10.391,1.6784,0,7.4839,24.221,48.842,10.03,14.444,12.584,15.841,11.43,10.391,1.6784,0,0.7316,7.4839,24.221,48.842,10.03,14.444,12.584,15.841,11.43,10.391,1.6784,0,0,0.7316,7.4839,24.221,48.842,10.03,14.444,12.584,15.841,11.43,10.391,1.6784,0,0,0,0.7316,7.4839,24.221,48.842,10.03,14.444,12.584,15.841,11.43,10.391,1.6784,0,0,0,0,0.7316,7.4839,24.221,48.842,10.03,14.444,12.584,15.841,11.43,10.391,1.6784,0
0,10.941,0,77.432,10.941,0,142.11,77.432,10.941,0,177.7,142.11,77.432,10.941,0,175.57,177.7,142.11,77.432,10.941,0,176.78,175.57,177.7,142.11,77.432,10.941,0,138.53,176.78,175.57,177.7,142.11,77.432,10.941,0,130.31,138.53,176.78,175.57,177.7,142.11,77.432,10.941,0,98.55,130.31,138.53,176.78,175.57,177.7,142.11,77.432,10.941,0,23.331,98.55,130.31,138.53,176.78,175.57,177.7,142.11,77.432,10.941,0,3.9221,23.331,98.55,130.31,138.53,176.78,175.57,177.7,142.11,77.432,10.941,0,0,3.9221,23.331,98.55,130.31,138.53,176.78,175.57,177.7,142.11,77.432,10.941,0,0,0,3.9221,23.331,98.55,130.31,138.53,176.78,175.57,177.7,142.11,77.432,10.941,0,0,0,0,3.9221,23.331,98.55,130.31,138.53,176.78,175.57,177.7,142.11,77.432,10.941,0
0,0.41381,0,12.805,0.41381,0,19.167,12.805,0.41381,0,32.571,19.167,12.805,0.41381,0,38.311,32.571,19.167,12.805,0.41381,0,28.425,38.311,32.571,19.167,12.805,0.41381,0,65.668,28.425,38.311,32.571,19.167,12.805,0.41381,0,107.43,65.668,28.425,38.311,32.571,19.167,12.805,0.41381,0,79.155,107.43,65.668,28.425,38.311,32.571,19.167,12.805,0.41381,0,26.052,79.155,107.43,65.668,28.425,38.311,32.571,19.167,12.805,0.41381,0,4.248,26.052,79.155,107.43,65.668,28.425,38.311,32.571,19.167,12.805,0.41381,0,0,4.248,26.052,79.155,107.43,65.668,28.425,38.311,32.571,19.167,12.805,0.41381,0,0,0,4.248,26.052,79.155,107.43,65.668,28.425,38.311,32.571,19.167,12.805,0.41381,0,0,0,0,4.248,26.052,79.155,107.43,65.668,28.425,38.311,32.571,19.167,12.805,0.41381,0
0,0.64033,0,5.2879,0.64033,0,8.0326,5.2879,0.64033,0,14.253,8.0326,5.2879,0.64033,0,14.136,14.253,8.0326,5.2879,0.64033,0,21.245,14.136,14.253,8.0326,5.2879,0.64033,0,10.735,21.245,14.136,14.253,8.0326,5.2879,0.64033,0,6.2319,10.735,21.245,14.136,14.253,8.0326,5.2879,0.64033,0,11.254,6.2319,10.735,21.245,14.136,14.253,8.0326,5.2879,0.64033,0,4.4137,11.254,6.2319,10.735,21.245,14.136,14.253,8.0326,5.2879,0.64033,0,0.93445,4.4137,11.254,6.2319,10.735,21.245,14.136,14.253,8.0326,5.2879,0.64033,0,0,0.93445,4.4137,11.254,6.2319,10.735,21.245,14.136,14.253,8.0326,5.2879,0.64033,0,0,0,0.93445,4.4137,11.254,6.2319,10.735,21.245,14.136,14.253,8.0326,5.2879,0.64033,0,0,0,0,0.93445,4.4137,11.254,6.2319,10.735,21.245,14.136,14.253,8.0326,5.2879,0.64033,0
0,13.572,0,77.906,13.572,0,132.72,77.906,13.572,0,167.92,132.72,77.906,13.572,0,188.06,167.92,132.72,77.906,13.572,0,195.68,188.06,167.92,132.72,77.906,13.572,0,191.8,195.68,188.06,167.92,132.72,77.906,13.572,0,176.12,191.8,195.68,188.06,167.92,132.72,77.906,13.572,0,144.62,176.12,191.8,195.68,188.06,167.92,132.72,77.906,13.572,0,91.059,144.62,176.12,191.8,195.68,188.06,167.92,132.72,77.906,13.572,0,18.115,91.059,144.62,176.12,191.8,195.68,188.06,167.92,132.72,77.906,13.572,0,0,18.115,91.059,144.62,176.12,191.8,195.68,188.06,167.92,132.72,77.906,13.572,0,0,0,18.115,91.059,144.62,176.12,191.8,195.68,188.06,167.92,132.72,77.906,13.572,0,0,0,0,18.115,91.059,144.62,176.12,191.8,195.68,188.06,167.92,132.72,77.906,13.572,0
0,6.6435,0,52.225,6.6435,0,89.614,52.225,6.6435,0,128.99,89.614,52.225,6.6435,0,144.2,128.99,89.614,52.225,6.6435,0,159.25,144.2,128.99,89.614,52.225,6.6435,0,148.11,159.25,144.2,128.99,89.614,52.225,6.6435,0,159.28,148.11,159.25,144.2,128.99,89.614,52.225,6.6435,0,144.54,159.28,148.11,159.25,144.2,128.99,89.614,52.225,6.6435,0,90.93,144.54,159.28,148.11,159.25,144.2,128.99,89.614,52.225,6.6435,0,14.681,90.93,144.54,159.28,148.11,159.25,144.2,128.99,89.614,52.225,6.6435,0,0,14.681,90.93,144.54,159.28,148.11,159.25,144.2,128.99,89.614,52.225,6.6435,0,0,0,14.681,90.93,144.54,159.28,148.11,159.25,144.2,128.99,89.614,52.225,6.6435,0,0,0,0,14.681,90.93,144.54,159.28,148.11,159.25,144.2,128.99,89.614,52.225,6.6435,0
0,4.2466,0,51.215,4.2466,0,113.02,51.215,4.2466,0,140.12,113.02,51.215,4.2466,0,149.58,140.12,113.02,51.215,4.2466,0,120.44,149.58,140.12,113.02,51.215,4.2466,0,118.54,120.44,149.58,140.12,113.02,51.215,4.2466,0,115.17,118.54,120.44,149.58,140.12,113.02,51.215,4.2466,0,89.234,115.17,118.54,120.44,149.58,140.12,113.02,51.215,4.2466,0,63.149,89.234,115.17,118.54,120.44,149.58,140.12,113.02,51.215,4.2466,0,8.133,63.149,89.234,115.17,118.54,120.44,149.58,140.12,113.02,51.215,4.2466,0,0,8.133,63.149,89.234,115.17,118.54,120.44,149.58,140.12,113.02,51.215,4.2466,0,0,0,8.133,63.149,89.234,115.17,118.54,120.44,149.58,140.12,113.02,51.215,4.2466,0,0,0,0,8.133,63.149,89.234,115.17,118.54,120.44,149.58,140.12,113.02,51.215,4.2466,0
0,10.346,0,68.331,10.346,0,120.42,68.331,10.346,0,154.37,120.42,68.331,10.346,0,174.06,154.37,120.42,68.331,10.346,0,181.83,174.06,154.37,120.42,68.331,10.346,0,178.88,181.83,174.06,154.37,120.42,68.331,10.346,0,163.55,178.88,181.83,174.06,154.37,120.42,68.331,10.346,0,133.91,163.55,178.88,181.83,174.06,154.37,120.42,68.331,10.346,0,79.867,133.91,163.55,178.88,181.83,174.06,154.37,120.42,68.331,10.346,0,13.95,79.867,133.91,163.55,178.88,181.83,174.06,154.37,120.42,68.331,10.346,0,0,13.95,79.867,133.91,163.55,178.88,181.83,174.06,154.37,120.42,68.331,10.346,0,0,0,13.95,79.867,133.91,163.55,178.88,181.83,174.06,154.37,120.42,68.331,10.346,0,0,0,0,13.95,79.867,133.91,163.55,178.88,181.83,174.06,154.37,120.42,68.331,10.346,0
0,4.9837,0,41.585,4.9837,0,60.344,41.585,4.9837,0,119.28,60.344,41.585,4.9837,0,128.57,119.28,60.344,41.585,4.9837,0,145.53,128.57,119.28,60.344,41.585,4.9837,0,174.37,145.53,128.57,119.28,60.344,41.585,4.9837,0,159.77,174.37,145.53,128.57,119.28,60.344,41.585,4.9837,0,129.66,159.77,174.37,145.53,128.57,119.28,60.344,41.585,4.9837,0,81.461,129.66,159.77,174.37,145.53,128.57,119.28,60.344,41.585,4.9837,0,15.345,81.461,129.66,159.77,174.37,145.53,128.57,119.28,60.344,41.585,4.9837,0,0,15.345,81.461,129.66,159.77,174.37,145.53,128.57,119.28,60.344,41.585,4.9837,0,0,0,15.345,81.461,129.66,159.77,174.37,145.53,128.57,119.28,60.344,41.585,4.9837,0,0,0,0,15.345,81.461,129.66,159.77,174.37,145.53,128.57,119.28,60.344,41.585,4.9837,0
0,7.6675,0,53.267,7.6675,0,50.424,53.267,7.6675,0,104.96,50.424,53.267,7.6675,0,145.56,104.96,50.424,53.267,7.6675,0,136.96,145.56,104.96,50.424,53.267,7.6675,0,99.88,136.96,145.56,104.96,50.424,53.267,7.6675,0,58.806,99.88,136.96,145.56,104.96,50.424,53.267,7.6675,0,65.621,58.806,99.88,136.96,145.56,104.96,50.424,53.267,7.6675,0,59.032,65.621,58.806,99.88,136.96,145.56,104.96,50.424,53.267,7.6675,0,7.848,59.032,65.621,58.806,99.88,136.96,145.56,104.96,50.424,53.267,7.6675,0,0,7.848,59.032,65.621,58.806,99.88,136.96,145.56,104.96,50.424,53.267,7.6675,0,0,0,7.848,59.032,65.621,58.806,99.88,136.96,145.56,104.96,50.424,53.267,7.6675,0,0,0,0,7.848,59.032,65.621,58.806,99.88,136.96,145.56,104.96,50.424,53.267,7.6675,0
0,0.44539,0,3.5197,0.44539,0,7.8689,3.5197,0.44539,0,19.668,7.8689,3.5197,0.44539,0,27.665,19.668,7.8689,3.5197,0.44539,0,51.394,27.665,19.668,7.8689,3.5197,0.44539,0,64.794,51.394,27.665,19.668,7.8689,3.5197,0.44539,0,38.682,64.794,51.394,27.665,19.668,7.8689,3.5197,0.44539,0,7.9651,38.682,64.794,51.394,27.665,19.668,7.8689,3.5197,0.44539,0,2.4661,7.9651,38.682,64.794,51.394,27.665,19.668,7.8689,3.5197,0.44539,0,0.78987,2.4661,7.9651,38.682,64.794,51.394,27.665,19.668,7.8689,3.5197,0.44539,0,0,0.78987,2.4661,7.9651,38.682,64.794,51.394,27.665,19.668,7.8689,3.5197,0.44539,0,0,0,0.78987,2.4661,7.9651,38.682,64.794,51.394,27.665,19.668,7.8689,3.5197,0.44539,0,0,0,0,0.78987,2.4661,7.9651,38.682,64.794,51.394,27.665,19.668,7.8689,3.5197,0.44539,0
0,7.148,0,33.225,7.148,0,6.2455,33.225,7.148,0,17.448,6.2455,33.225,7.148,0,22.935,17.448,6.2455,33.225,7.148,0,15.232,22.935,17.448,6.2455,33.225,7.148,0,13.762,15.232,22.935,17.448,6.2455,33.225,7.148,0,15.514,13.762,15.232,22.935,17.448,6.2455,33.225,7.148,0,18.331,15.514,13.762,15.232,22.935,17.448,6.2455,33.225,7.148,0,37.481,18.331,15.514,13.762,15.232,22.935,17.448,6.2455,33.225,7.148,0,4.3167,37.481,18.331,15.514,13.762,15.232,22.935,17.448,6.2455,33.225,7.148,0,0,4.3167,37.481,18.331,15.514,13.762,15.232,22.935,17.448,6.2455,33.225,7.148,0,0,0,4.3167,37.481,18.331,15.514,13.762,15.232,22.935,17.448,6.2455,33.225,7.148,0,0,0,0,4.3167,37.481,18.331,15.514,13.762,15.232,22.935,17.448,6.2455,33.225,7.148,0
0,10.152,0,71.686,10.152,0,126.68,71.686,10.152,0,162.88,126.68,71.686,10.152,0,183.45,162.88,126.68,71.686,10.152,0,190.53,183.45,162.88,126.68,71.686,10.152,0,185.79,190.53,183.45,162.88,126.68,71.686,10.152,0,167.91,185.79,190.53,183.45,162.88,126.68,71.686,10.152,0,134.41,167.91,185.79,190.53,183.45,162.88,126.68,71.686,10.152,0,80.536,134.41,167.91,185.79,190.53,183.45,162.88,126.68,71.686,10.152,0,15.385,80.536,134.41,167.91,185.79,190.53,183.45,162.88,126.68,71.686,10.152,0,0,15.385,80.536,134.41,167.91,185.79,190.53,183.45,162.88,126.68,71.686,10.152,0,0,0,15.385,80.536,134.41,167.91,185.79,190.53,183.45,162.88,126.68,71.686,10.152,0,0,0,0,15.385,80.536,134.41,167.91,185.79,190.53,183.45,162.88,126.68,71.686,10.152,0
0,7.659,0,66.695,7.659,0,125.98,66.695,7.659,0,160.23,125.98,66.695,7.659,0,180.14,160.23,125.98,66.695,7.659,0,187.59,180.14,160.23,125.98,66.695,7.659,0,182.83,187.59,180.14,160.23,125.98,66.695,7.659,0,165.96,182.83,187.59,180.14,160.23,125.98,66.695,7.659,0,135.14,165.96,182.83,187.59,180.14,160.23,125.98,66.695,7.659,0,82.889,135.14,165.96,182.83,187.59,180.14,160.23,125.98,66.695,7.659,0,16.032,82.889,135.14,165.96,182.83,187.59,180.14,160.23,125.98,66.695,7.659,0,0,16.032,82.889,135.14,165.96,182.83,187.59,180.14,160.23,125.98,66.695,7.659,0,0,0,16.032,82.889,135.14,165.96,182.83,187.59,180.14,160.23,125.98,66.695,7.659,0,0,0,0,16.032,82.889,135.14,165.96,182.83,187.59,180.14,160.23,125.98,66.695,7.659,0
0,8.8183,0,66.135,8.8183,0,118.71,66.135,8.8183,0,153.22,118.71,66.135,8.8183,0,173.27,153.22,118.71,66.135,8.8183,0,180.47,173.27,153.22,118.71,66.135,8.8183,0,176.05,180.47,173.27,153.22,118.71,66.135,8.8183,0,158.2,176.05,180.47,173.27,153.22,118.71,66.135,8.8183,0,124.92,158.2,176.05,180.47,173.27,153.22,118.71,66.135,8.8183,0,68.358,124.92,158.2,176.05,180.47,173.27,153.22,118.71,66.135,8.8183,0,7.417,68.358,124.92,158.2,176.05,180.47,173.27,153.22,118.71,66.135,8.8183,0,0,7.417,68.358,124.92,158.2,176.05,180.47,173.27,153.22,118.71,66.135,8.8183,0,0,0,7.417,68.358,124.92,158.2,176.05,180.47,173.27,153.22,118.71,66.135,8.8183,0,0,0,0,7.417,68.358,124.92,158.2,176.05,180.47,173.27,153.22,118.71,66.135,8.8183,0
0,1.1149,0,8.3059,1.1149,0,30.466,8.3059,1.1149,0,15.687,30.466,8.3059,1.1149,0,23.742,15.687,30.466,8.3059,1.1149,0,20.78,23.742,15.687,30.466,8.3059,1.1149,0,20.222,20.78,23.742,15.687,30.466,8.3059,1.1149,0,25.935,20.222,20.78,23.742,15.687,30.466,8.3059,1.1149,0,11.781,25.935,20.222,20.78,23.742,15.687,30.466,8.3059,1.1149,0,4.5496,11.781,25.935,20.222,20.78,23.742,15.687,30.466,8.3059,1.1149,0,0.55408,4.5496,11.781,25.935,20.222,20.78,23.742,15.687,30.466,8.3059,1.1149,0,0,0.55408,4.5496,11.781,25.935,20.222,20.78,23.742,15.687,30.466,8.3059,1.1149,0,0,0,0.55408,4.5496,11.781,25.935,20.222,20.78,23.742,15.687,30.466,8.3059,1.1149,0,0,0,0,0.55408,4.5496,11.781,25.935,20.222,20.78,23.742,15.687,30.466,8.3059,1.1149,0
0,0.71027,0,3.8323,0.71027,0,19.194,3.8323,0.71027,0,34.383,19.194,3.8323,0.71027,0,80.174,34.383,19.194,3.8323,0.71027,0,73.56,80.174,34.383,19.194,3.8323,0.71027,0,64.712,73.56,80.174,34.383,19.194,3.8323,0.71027,0,79.297,64.712,73.56,80.174,34.383,19.194,3.8323,0.71027,0,112.19,79.297,64.712,73.56,80.174,34.383,19.194,3.8323,0.71027,0,73.269,112.19,79.297,64.712,73.56,80.174,34.383,19.194,3.8323,0.71027,0,12.292,73.269,112.19,79.297,64.712,73.56,80.174,34.383,19.194,3.8323,0.71027,0,0,12.292,73.269,112.19,79.297,64.712,73.56,80.174,34.383,19.194,3.8323,0.71027,0,0,0,12.292,73.269,112.19,79.297,64.712,73.56,80.174,34.383,19.194,3.8323,0.71027,0,0,0,0,12.292,73.269,112.19,79.297,64.712,73.56,80.174,34.383,19.194,3.8323,0.71027,0
0,0.56458,0,3.1484,0.56458,0,18.459,3.1484,0.56458,0,24.661,18.459,3.1484,0.56458,0,31.459,24.661,18.459,3.1484,0.56458,0,32.459,31.459,24.661,18.459,3.1484,0.56458,0,30.925,32.459,31.459,24.661,18.459,3.1484,0.56458,0,10.043,30.925,32.459,31.459,24.661,18.459,3.1484,0.56458,0,4.892,10.043,30.925,32.459,31.459,24.661,18.459,3.1484,0.56458,0,2.3381,4.892,10.043,30.925,32.459,31.459,24.661,18.459,3.1484,0.56458,0,0.28737,2.3381,4.892,10.043,30.925,32.459,31.459,24.661,18.459,3.1484,0.56458,0,0,0.28737,2.3381,4.892,10.043,30.925,32.459,31.459,24.661,18.459,3.1484,0.56458,0,0,0,0.28737,2.3381,4.892,10.043,30.925,32.459,31.459,24.661,18.459,3.1484,0.56458,0,0,0,0,0.28737,2.3381,4.892,10.043,30.925,32.459,31.459,24.661,18.459,3.1484,0.56458,0
0,1.5977,0,18.941,1.5977,0,33.862,18.941,1.5977,0,19.748,33.862,18.941,1.5977,0,23.648,19.748,33.862,18.941,1.5977,0,25.514,23.648,19.748,33.862,18.941,1.5977,0,16.943,25.514,23.648,19.748,33.862,18.941,1.5977,0,29.022,16.943,25.514,23.648,19.748,33.862,18.941,1.5977,0,20.561,29.022,16.943,25.514,23.648,19.748,33.862,18.941,1.5977,0,14.024,20.561,29.022,16.943,25.514,23.648,19.748,33.862,18.941,1.5977,0,1.8707,14.024,20.561,29.022,16.943,25.514,23.648,19.748,33.862,18.941,1.5977,0,0,1.8707,14.024,20.561,29.022,16.943,25.514,23.648,19.748,33.862,18.941,1.5977,0,0,0,1.8707,14.024,20.561,29.022,16.943,25.514,23.648,19.748,33.862,18.941,1.5977,0,0,0,0,1.8707,14.024,20.561,29.022,16.943,25.514,23.648,19.748,33.862,18.941,1.5977,0
0,4.0954,0,59.716,4.0954,0,100.9,59.716,4.0954,0,61.629,100.9,59.716,4.0954,0,64.029,61.629,100.9,59.716,4.0954,0,57.902,64.029,61.629,100.9,59.716,4.0954,0,15.964,57.902,64.029,61.629,100.9,59.716,4.0954,0,12.726,15.964,57.902,64.029,61.629,100.9,59.716,4.0954,0,27.532,12.726,15.964,57.902,64.029,61.629,100.9,59.716,4.0954,0,19.681,27.532,12.726,15.964,57.902,64.029,61.629,100.9,59.716,4.0954,0,5.1372,19.681,27.532,12.726,15.964,57.902,64.029,61.629,100.9,59.716,4.0954,0,0,5.1372,19.681,27.532,12.726,15.964,57.902,64.029,61.629,100.9,59.716,4.0954,0,0,0,5.1372,19.681,27.532,12.726,15.964,57.902,64.029,61.629,100.9,59.716,4.0954,0,0,0,0,5.1372,19.681,27.532,12.726,15.964,57.902,64.029,61.629,100.9,59.716,4.0954,0
0,11.717,0,77.573,11.717,0,133.18,77.573,11.717,0,168.19,133.18,77.573,11.717,0,188.28,168.19,133.18,77.573,11.717,0,195.25,188.28,168.19,133.18,77.573,11.717,0,190.36,195.25,188.28,168.19,133.18,77.573,11.717,0,172.19,190.36,195.25,188.28,168.19,133.18,77.573,11.717,0,137.69,172.19,190.36,195.25,188.28,168.19,133.18,77.573,11.717,0,55.806,137.69,172.19,190.36,195.25,188.28,168.19,133.18,77.573,11.717,0,4.0121,55.806,137.69,172.19,190.36,195.25,188.28,168.19,133.18,77.573,11.717,0,0,4.0121,55.806,137.69,172.19,190.36,195.25,188.28,168.19,133.18,77.573,11.717,0,0,0,4.0121,55.806,137.69,172.19,190.36,195.25,188.28,168.19,133.18,77.573,11.717,0,0,0,0,4.0121,55.806,137.69,172.19,190.36,195.25,188.28,168.19,133.18,77.573,11.717,0
0,10.802,0,70.993,10.802,0,118.96,70.993,10.802,0,166.3,118.96,70.993,10.802,0,186.72,166.3,118.96,70.993,10.802,0,193.79,186.72,166.3,118.96,70.993,10.802,0,190.68,193.79,186.72,166.3,118.96,70.993,10.802,0,172.26,190.68,193.79,186.72,166.3,118.96,70.993,10.802,0,137.78,172.26,190.68,193.79,186.72,166.3,118.96,70.993,10.802,0,82.102,137.78,172.26,190.68,193.79,186.72,166.3,118.96,70.993,10.802,0,12.412,82.102,137.78,172.26,190.68,193.79,186.72,166.3,118.96,70.993,10.802,0,0,12.412,82.102,137.78,172.26,190.68,193.79,186.72,166.3,118.96,70.993,10.802,0,0,0,12.412,82.102,137.78,172.26,190.68,193.79,186.72,166.3,118.96,70.993,10.802,0,0,0,0,12.412,82.102,137.78,172.26,190.68,193.79,186.72,166.3,118.96,70.993,10.802,0
0,9.6333,0,70.909,9.6333,0,124.35,70.909,9.6333,0,158.73,124.35,70.909,9.6333,0,179.06,158.73,124.35,70.909,9.6333,0,187.15,179.06,158.73,124.35,70.909,9.6333,0,181.72,187.15,179.06,158.73,124.35,70.909,9.6333,0,162.14,181.72,187.15,179.06,158.73,124.35,70.909,9.6333,0,130.58,162.14,181.72,187.15,179.06,158.73,124.35,70.909,9.6333,0,75.404,130.58,162.14,181.72,187.15,179.06,158.73,124.35,70.909,9.6333,0,10.493,75.404,130.58,162.14,181.72,187.15,179.06,158.73,124.35,70.909,9.6333,0,0,10.493,75.404,130.58,162.14,181.72,187.15,179.06,158.73,124.35,70.909,9.6333,0,0,0,10.493,75.404,130.58,162.14,181.72,187.15,179.06,158.73,124.35,70.909,9.6333,0,0,0,0,10.493,75.404,130.58,162.14,181.72,187.15,179.06,158.73,124.35,70.909,9.6333,0
0,4.9509,0,40.332,4.9509,0,75.843,40.332,4.9509,0,131.26,75.843,40.332,4.9509,0,170.56,131.26,75.843,40.332,4.9509,0,180.06,170.56,131.26,75.843,40.332,4.9509,0,174.65,180.06,170.56,131.26,75.843,40.332,4.9509,0,154.53,174.65,180.06,170.56,131.26,75.843,40.332,4.9509,0,123.22,154.53,174.65,180.06,170.56,131.26,75.843,40.332,4.9509,0,65.819,123.22,154.53,174.65,180.06,170.56,131.26,75.843,40.332,4.9509,0,10.057,65.819,123.22,154.53,174.65,180.06,170.56,131.26,75.843,40.332,4.9509,0,0,10.057,65.819,123.22,154.53,174.65,180.06,170.56,131.26,75.843,40.332,4.9509,0,0,0,10.057,65.819,123.22,154.53,174.65,180.06,170.56,131.26,75.843,40.332,4.9509,0,0,0,0,10.057,65.819,123.22,154.53,174.65,180.06,170.56,131.26,75.843,40.332,4.9509,0
0,3.0469,0,35.597,3.0469,0,90.987,35.597,3.0469,0,91.645,90.987,35.597,3.0469,0,89.047,91.645,90.987,35.597,3.0469,0,112.47,89.047,91.645,90.987,35.597,3.0469,0,103.85,112.47,89.047,91.645,90.987,35.597,3.0469,0,91.526,103.85,112.47,89.047,91.645,90.987,35.597,3.0469,0,35.137,91.526,103.85,112.47,89.047,91.645,90.987,35.597,3.0469,0,30.941,35.137,91.526,103.85,112.47,89.047,91.645,90.987,35.597,3.0469,0,1.6965,30.941,35.137,91.526,103.85,112.47,89.047,91.645,90.987,35.597,3.0469,0,0,1.6965,30.941,35.137,91.526,103.85,112.47,89.047,91.645,90.987,35.597,3.0469,0,0,0,1.6965,30.941,35.137,91.526,103.85,112.47,89.047,91.645,90.987,35.597,3.0469,0,0,0,0,1.6965,30.941,35.137,91.526,103.85,112.47,89.047,91.645,90.987,35.597,3.0469,0
0,7.2235,0,65.327,7.2235,0,119.39,65.327,7.2235,0,155.63,119.39,65.327,7.2235,0,176,155.63,119.39,65.327,7.2235,0,183.55,176,155.63,119.39,65.327,7.2235,0,178.81,183.55,176,155.63,119.39,65.327,7.2235,0,160.8,178.81,183.55,176,155.63,119.39,65.327,7.2235,0,126.27,160.8,178.81,183.55,176,155.63,119.39,65.327,7.2235,0,46.866,126.27,160.8,178.81,183.55,176,155.63,119.39,65.327,7.2235,0,1.7373,46.866,126.27,160.8,178.81,183.55,176,155.63,119.39,65.327,7.2235,0,0,1.7373,46.866,126.27,160.8,178.81,183.55,176,155.63,119.39,65.327,7.2235,0,0,0,1.7373,46.866,126.27,160.8,178.81,183.55,176,155.63,119.39,65.327,7.2235,0,0,0,0,1.7373,46.866,126.27,160.8,178.81,183.55,176,155.63,119.39,65.327,7.2235,0
0,9.2875,0,68.329,9.2875,0,120.67,68.329,9.2875,0,153.88,120.67,68.329,9.2875,0,172.74,153.88,120.67,68.329,9.2875,0,179.05,172.74,153.88,120.67,68.329,9.2875,0,170.67,179.05,172.74,153.88,120.67,68.329,9.2875,0,112.97,170.67,179.05,172.74,153.88,120.67,68.329,9.2875,0,85.536,112.97,170.67,179.05,172.74,153.88,120.67,68.329,9.2875,0,40.148,85.536,112.97,170.67,179.05,172.74,153.88,120.67,68.329,9.2875,0,2.4529,40.148,85.536,112.97,170.67,179.05,172.74,153.88,120.67,68.329,9.2875,0,0,2.4529,40.148,85.536,112.97,170.67,179.05,172.74,153.88,120.67,68.329,9.2875,0,0,0,2.4529,40.148,85.536,112.97,170.67,179.05,172.74,153.88,120.67,68.329,9.2875,0,0,0,0,2.4529,40.148,85.536,112.97,170.67,179.05,172.74,153.88,120.67,68.329,9.2875,0
0,5.7886,0,47.75,5.7886,0,82.649,47.75,5.7886,0,111.2,82.649,47.75,5.7886,0,111.37,111.2,82.649,47.75,5.7886,0,116.61,111.37,111.2,82.649,47.75,5.7886,0,139.87,116.61,111.37,111.2,82.649,47.75,5.7886,0,52.543,139.87,116.61,111.37,111.2,82.649,47.75,5.7886,0,30.349,52.543,139.87,116.61,111.37,111.2,82.649,47.75,5.7886,0,29.207,30.349,52.543,139.87,116.61,111.37,111.2,82.649,47.75,5.7886,0,3.8248,29.207,30.349,52.543,139.87,116.61,111.37,111.2,82.649,47.75,5.7886,0,0,3.8248,29.207,30.349,52.543,139.87,116.61,111.37,111.2,82.649,47.75,5.7886,0,0,0,3.8248,29.207,30.349,52.543,139.87,116.61,111.37,111.2,82.649,47.75,5.7886,0,0,0,0,3.8248,29.207,30.349,52.543,139.87,116.61,111.37,111.2,82.649,47.75,5.7886,0
0,1.513,0,16.43,1.513,0,63.197,16.43,1.513,0,91.933,63.197,16.43,1.513,0,122.5,91.933,63.197,16.43,1.513,0,129.09,122.5,91.933,63.197,16.43,1.513,0,101.28,129.09,122.5,91.933,63.197,16.43,1.513,0,75.157,101.28,129.09,122.5,91.933,63.197,16.43,1.513,0,28.702,75.157,101.28,129.09,122.5,91.933,63.197,16.43,1.513,0,7.1923,28.702,75.157,101.28,129.09,122.5,91.933,63.197,16.43,1.513,0,0.49141,7.1923,28.702,75.157,101.28,129.09,122.5,91.933,63.197,16.43,1.513,0,0,0.49141,7.1923,28.702,75.157,101.28,129.09,122.5,91.933,63.197,16.43,1.513,0,0,0,0.49141,7.1923,28.702,75.157,101.28,129.09,122.5,91.933,63.197,16.43,1.513,0,0,0,0,0.49141,7.1923,28.702,75.157,101.28,129.09,122.5,91.933,63.197,16.43,1.513,0
0,0.79525,0,4.5757,0.79525,0,6.2735,4.5757,0.79525,0,10.316,6.2735,4.5757,0.79525,0,20.944,10.316,6.2735,4.5757,0.79525,0,16.948,20.944,10.316,6.2735,4.5757,0.79525,0,7.4388,16.948,20.944,10.316,6.2735,4.5757,0.79525,0,8.5699,7.4388,16.948,20.944,10.316,6.2735,4.5757,0.79525,0,2.736,8.5699,7.4388,16.948,20.944,10.316,6.2735,4.5757,0.79525,0,0.98628,2.736,8.5699,7.4388,16.948,20.944,10.316,6.2735,4.5757,0.79525,0,0.1045,0.98628,2.736,8.5699,7.4388,16.948,20.944,10.316,6.2735,4.5757,0.79525,0,0,0.1045,0.98628,2.736,8.5699,7.4388,16.948,20.944,10.316,6.2735,4.5757,0.79525,0,0,0,0.1045,0.98628,2.736,8.5699,7.4388,16.948,20.944,10.316,6.2735,4.5757,0.79525,0,0,0,0,0.1045,0.98628,2.736,8.5699,7.4388,16.948,20.944,10.316,6.2735,4.5757,0.79525,0
0,12.795,0,79.576,12.795,0,133.75,79.576,12.795,0,167.62,133.75,79.576,12.795,0,186.22,167.62,133.75,79.576,12.795,0,192.91,186.22,167.62,133.75,79.576,12.795,0,187.94,192.91,186.22,167.62,133.75,79.576,12.795,0,169.32,187.94,192.91,186.22,167.62,133.75,79.576,12.795,0,86.953,169.32,187.94,192.91,186.22,167.62,133.75,79.576,12.795,0,24.052,86.953,169.32,187.94,192.91,186.22,167.62,133.75,79.576,12.795,0,1.0257,24.052,86.953,169.32,187.94,192.91,186.22,167.62,133.75,79.576,12.795,0,0,1.0257,24.052,86.953,169.32,187.94,192.91,186.22,167.62,133.75,79.576,12.795,0,0,0,1.0257,24.052,86.953,169.32,187.94,192.91,186.22,167.62,133.75,79.576,12.795,0,0,0,0,1.0257,24.052,86.953,169.32,187.94,192.91,186.22,167.62,133.75,79.576,12.795,0
0,9.1152,0,67.49,9.1152,0,117.47,67.49,9.1152,0,121.09,117.47,67.49,9.1152,0,117.79,121.09,117.47,67.49,9.1152,0,79.897,117.79,121.09,117.47,67.49,9.1152,0,80.105,79.897,117.79,121.09,117.47,67.49,9.1152,0,46.156,80.105,79.897,117.79,121.09,117.47,67.49,9.1152,0,40.574,46.156,80.105,79.897,117.79,121.09,117.47,67.49,9.1152,0,16.624,40.574,46.156,80.105,79.897,117.79,121.09,117.47,67.49,9.1152,0,0.26301,16.624,40.574,46.156,80.105,79.897,117.79,121.09,117.47,67.49,9.1152,0,0,0.26301,16.624,40.574,46.156,80.105,79.897,117.79,121.09,117.47,67.49,9.1152,0,0,0,0.26301,16.624,40.574,46.156,80.105,79.897,117.79,121.09,117.47,67.49,9.1152,0,0,0,0,0.26301,16.624,40.574,46.156,80.105,79.897,117.79,121.09,117.47,67.49,9.1152,0
0,3.4936,0,41.537,3.4936,0,120.48,41.537,3.4936,0,156.44,120.48,41.537,3.4936,0,174.64,156.44,120.48,41.537,3.4936,0,142.51,174.64,156.44,120.48,41.537,3.4936,0,130.7,142.51,174.64,156.44,120.48,41.537,3.4936,0,86.863,130.7,142.51,174.64,156.44,120.48,41.537,3.4936,0,41.149,86.863,130.7,142.51,174.64,156.44,120.48,41.537,3.4936,0,41.002,41.149,86.863,130.7,142.51,174.64,156.44,120.48,41.537,3.4936,0,0.8341,41.002,41.149,86.863,130.7,142.51,174.64,156.44,120.48,41.537,3.4936,0,0,0.8341,41.002,41.149,86.863,130.7,142.51,174.64,156.44,120.48,41.537,3.4936,0,0,0,0.8341,41.002,41.149,86.863,130.7,142.51,174.64,156.44,120.48,41.537,3.4936,0,0,0,0,0.8341,41.002,41.149,86.863,130.7,142.51,174.64,156.44,120.48,41.537,3.4936,0
0,10.69,0,71.01,10.69,0,122.24,71.01,10.69,0,154.44,122.24,71.01,10.69,0,172.49,154.44,122.24,71.01,10.69,0,178.19,172.49,154.44,122.24,71.01,10.69,0,172.2,178.19,172.49,154.44,122.24,71.01,10.69,0,153.76,172.2,178.19,172.49,154.44,122.24,71.01,10.69,0,119.63,153.76,172.2,178.19,172.49,154.44,122.24,71.01,10.69,0,63.318,119.63,153.76,172.2,178.19,172.49,154.44,122.24,71.01,10.69,0,0.1068,63.318,119.63,153.76,172.2,178.19,172.49,154.44,122.24,71.01,10.69,0,0,0.1068,63.318,119.63,153.76,172.2,178.19,172.49,154.44,122.24,71.01,10.69,0,0,0,0.1068,63.318,119.63,153.76,172.2,178.19,172.49,154.44,122.24,71.01,10.69,0,0,0,0,0.1068,63.318,119.63,153.76,172.2,178.19,172.49,154.44,122.24,71.01,10.69,0
0,8.8441,0,65.117,8.8441,0,113.55,65.117,8.8441,0,148.41,113.55,65.117,8.8441,0,167.14,148.41,113.55,65.117,8.8441,0,173.61,167.14,148.41,113.55,65.117,8.8441,0,153.53,173.61,167.14,148.41,113.55,65.117,8.8441,0,147.44,153.53,173.61,167.14,148.41,113.55,65.117,8.8441,0,65.957,147.44,153.53,173.61,167.14,148.41,113.55,65.117,8.8441,0,47.905,65.957,147.44,153.53,173.61,167.14,148.41,113.55,65.117,8.8441,0,0,47.905,65.957,147.44,153.53,173.61,167.14,148.41,113.55,65.117,8.8441,0,0,0,47.905,65.957,147.44,153.53,173.61,167.14,148.41,113.55,65.117,8.8441,0,0,0,0,47.905,65.957,147.44,153.53,173.61,167.14,148.41,113.55,65.117,8.8441,0,0,0,0,0,47.905,65.957,147.44,153.53,173.61,167.14,148.41,113.55,65.117,8.8441,0
0,10,0,44.447,10,0,110.39,44.447,10,0,73.019,110.39,44.447,10,0,32.879,73.019,110.39,44.447,10,0,29.748,32.879,73.019,110.39,44.447,10,0,10.173,29.748,32.879,73.019,110.39,44.447,10,0,7.407,10.173,29.748,32.879,73.019,110.39,44.447,10,0,8.1844,7.407,10.173,29.748,32.879,73.019,110.39,44.447,10,0,3.0596,8.1844,7.407,10.173,29.748,32.879,73.019,110.39,44.447,10,0,0,3.0596,8.1844,7.407,10.173,29.748,32.879,73.019,110.39,44.447,10,0,0,0,3.0596,8.1844,7.407,10.173,29.748,32.879,73.019,110.39,44.447,10,0,0,0,0,3.0596,8.1844,7.407,10.173,29.748,32.879,73.019,110.39,44.447,10,0,0,0,0,0,3.0596,8.1844,7.407,10.173,29.748,32.879,73.019,110.39,44.447,10,0
0,15.87,0,87.231,15.87,0,143,87.231,15.87,0,177.56,143,87.231,15.87,0,195.58,177.56,143,87.231,15.87,0,199.72,195.58,177.56,143,87.231,15.87,0,190.61,199.72,195.58,177.56,143,87.231,15.87,0,167.18,190.61,199.72,195.58,177.56,143,87.231,15.87,0,122.23,167.18,190.61,199.72,195.58,177.56,143,87.231,15.87,0,45.21,122.23,167.18,190.61,199.72,195.58,177.56,143,87.231,15.87,0,0,45.21,122.23,167.18,190.61,199.72,195.58,177.56,143,87.231,15.87,0,0,0,45.21,122.23,167.18,190.61,199.72,195.58,177.56,143,87.231,15.87,0,0,0,0,45.21,122.23,167.18,190.61,199.72,195.58,177.56,143,87.231,15.87,0,0,0,0,0,45.21,122.23,167.18,190.61,199.72,195.58,177.56,143,87.231,15.87,0
0,14.409,0,82.803,14.409,0,136.81,82.803,14.409,0,170.94,136.81,82.803,14.409,0,188.99,170.94,136.81,82.803,14.409,0,193.98,188.99,170.94,136.81,82.803,14.409,0,187.51,193.98,188.99,170.94,136.81,82.803,14.409,0,170.05,187.51,193.98,188.99,170.94,136.81,82.803,14.409,0,134.66,170.05,187.51,193.98,188.99,170.94,136.81,82.803,14.409,0,74.251,134.66,170.05,187.51,193.98,188.99,170.94,136.81,82.803,14.409,0,0,74.251,134.66,170.05,187.51,193.98,188.99,170.94,136.81,82.803,14.409,0,0,0,74.251,134.66,170.05,187.51,193.98,188.99,170.94,136.81,82.803,14.409,0,0,0,0,74.251,134.66,170.05,187.51,193.98,188.99,170.94,136.81,82.803,14.409,0,0,0,0,0,74.251,134.66,170.05,187.51,193.98,188.99,170.94,136.81,82.803,14.409,0
0,8.0771,0,46.225,8.0771,0,99.987,46.225,8.0771,0,141.72,99.987,46.225,8.0771,0,148.24,141.72,99.987,46.225,8.0771,0,187.46,148.24,141.72,99.987,46.225,8.0771,0,186.28,187.46,148.24,141.72,99.987,46.225,8.0771,0,166.57,186.28,187.46,148.24,141.72,99.987,46.225,8.0771,0,129.79,166.57,186.28,187.46,148.24,141.72,99.987,46.225,8.0771,0,69.296,129.79,166.57,186.28,187.46,148.24,141.72,99.987,46.225,8.0771,0,0,69.296,129.79,166.57,186.28,187.46,148.24,141.72,99.987,46.225,8.0771,0,0,0,69.296,129.79,166.57,186.28,187.46,148.24,141.72,99.987,46.225,8.0771,0,0,0,0,69.296,129.79,166.57,186.28,187.46,148.24,141.72,99.987,46.225,8.0771,0,0,0,0,0,69.296,129.79,166.57,186.28,187.46,148.24,141.72,99.987,46.225,8.0771,0
0,0.53995,0,3.4518,0.53995,0,7.4354,3.4518,0.53995,0,8.7987,7.4354,3.4518,0.53995,0,21.44,8.7987,7.4354,3.4518,0.53995,0,15.833,21.44,8.7987,7.4354,3.4518,0.53995,0,16.437,15.833,21.44,8.7987,7.4354,3.4518,0.53995,0,17.781,16.437,15.833,21.44,8.7987,7.4354,3.4518,0.53995,0,6.6371,17.781,16.437,15.833,21.44,8.7987,7.4354,3.4518,0.53995,0,2.3683,6.6371,17.781,16.437,15.833,21.44,8.7987,7.4354,3.4518,0.53995,0,0,2.3683,6.6371,17.781,16.437,15.833,21.44,8.7987,7.4354,3.4518,0.53995,0,0,0,2.3683,6.6371,17.781,16.437,15.833,21.44,8.7987,7.4354,3.4518,0.53995,0,0,0,0,2.3683,6.6371,17.781,16.437,15.833,21.44,8.7987,7.4354,3.4518,0.53995,0,0,0,0,0,2.3683,6.6371,17.781,16.437,15.833,21.44,8.7987,7.4354,3.4518,0.53995,0
0,11.758,0,72.349,11.758,0,125.42,72.349,11.758,0,118,125.42,72.349,11.758,0,109.96,118,125.42,72.349,11.758,0,112.05,109.96,118,125.42,72.349,11.758,0,90.439,112.05,109.96,118,125.42,72.349,11.758,0,69.582,90.439,112.05,109.96,118,125.42,72.349,11.758,0,45.977,69.582,90.439,112.05,109.96,118,125.42,72.349,11.758,0,26.653,45.977,69.582,90.439,112.05,109.96,118,125.42,72.349,11.758,0,0,26.653,45.977,69.582,90.439,112.05,109.96,118,125.42,72.349,11.758,0,0,0,26.653,45.977,69.582,90.439,112.05,109.96,118,125.42,72.349,11.758,0,0,0,0,26.653,45.977,69.582,90.439,112.05,109.96,118,125.42,72.349,11.758,0,0,0,0,0,26.653,45.977,69.582,90.439,112.05,109.96,118,125.42,72.349,11.758,0
0,15.89,0,82.081,15.89,0,134.57,82.081,15.89,0,167.87,134.57,82.081,15.89,0,185.56,167.87,134.57,82.081,15.89,0,190.55,185.56,167.87,134.57,82.081,15.89,0,138,190.55,185.56,167.87,134.57,82.081,15.89,0,109.37,138,190.55,185.56,167.87,134.57,82.081,15.89,0,69.221,109.37,138,190.55,185.56,167.87,134.57,82.081,15.89,0,34.007,69.221,109.37,138,190.55,185.56,167.87,134.57,82.081,15.89,0,0,34.007,69.221,109.37,138,190.55,185.56,167.87,134.57,82.081,15.89,0,0,0,34.007,69.221,109.37,138,190.55,185.56,167.87,134.57,82.081,15.89,0,0,0,0,34.007,69.221,109.37,138,190.55,185.56,167.87,134.57,82.081,15.89,0,0,0,0,0,34.007,69.221,109.37,138,190.55,185.56,167.87,134.57,82.081,15.89,0
0,9.1899,0,65.944,9.1899,0,133.59,65.944,9.1899,0,158.24,133.59,65.944,9.1899,0,178.26,158.24,133.59,65.944,9.1899,0,187.2,178.26,158.24,133.59,65.944,9.1899,0,180.69,187.2,178.26,158.24,133.59,65.944,9.1899,0,161,180.69,187.2,178.26,158.24,133.59,65.944,9.1899,0,125.06,161,180.69,187.2,178.26,158.24,133.59,65.944,9.1899,0,52.12,125.06,161,180.69,187.2,178.26,158.24,133.59,65.944,9.1899,0,0,52.12,125.06,161,180.69,187.2,178.26,158.24,133.59,65.944,9.1899,0,0,0,52.12,125.06,161,180.69,187.2,178.26,158.24,133.59,65.944,9.1899,0,0,0,0,52.12,125.06,161,180.69,187.2,178.26,158.24,133.59,65.944,9.1899,0,0,0,0,0,52.12,125.06,161,180.69,187.2,178.26,158.24,133.59,65.944,9.1899,0
0,16.713,0,82.408,16.713,0,132.51,82.408,16.713,0,163.36,132.51,82.408,16.713,0,180.02,163.36,132.51,82.408,16.713,0,184.94,180.02,163.36,132.51,82.408,16.713,0,177.77,184.94,180.02,163.36,132.51,82.408,16.713,0,158.37,177.77,184.94,180.02,163.36,132.51,82.408,16.713,0,122.35,158.37,177.77,184.94,180.02,163.36,132.51,82.408,16.713,0,63.182,122.35,158.37,177.77,184.94,180.02,163.36,132.51,82.408,16.713,0,0,63.182,122.35,158.37,177.77,184.94,180.02,163.36,132.51,82.408,16.713,0,0,0,63.182,122.35,158.37,177.77,184.94,180.02,163.36,132.51,82.408,16.713,0,0,0,0,63.182,122.35,158.37,177.77,184.94,180.02,163.36,132.51,82.408,16.713,0,0,0,0,0,63.182,122.35,158.37,177.77,184.94,180.02,163.36,132.51,82.408,16.713,0
0,13.521,0,66.786,13.521,0,117.62,66.786,13.521,0,153.27,117.62,66.786,13.521,0,171.2,153.27,117.62,66.786,13.521,0,177.16,171.2,153.27,117.62,66.786,13.521,0,171.98,177.16,171.2,153.27,117.62,66.786,13.521,0,150.72,171.98,177.16,171.2,153.27,117.62,66.786,13.521,0,66.564,150.72,171.98,177.16,171.2,153.27,117.62,66.786,13.521,0,48.968,66.564,150.72,171.98,177.16,171.2,153.27,117.62,66.786,13.521,0,0,48.968,66.564,150.72,171.98,177.16,171.2,153.27,117.62,66.786,13.521,0,0,0,48.968,66.564,150.72,171.98,177.16,171.2,153.27,117.62,66.786,13.521,0,0,0,0,48.968,66.564,150.72,171.98,177.16,171.2,153.27,117.62,66.786,13.521,0,0,0,0,0,48.968,66.564,150.72,171.98,177.16,171.2,153.27,117.62,66.786,13.521,0
0,2.1247,0,15.567,2.1247,0,46.502,15.567,2.1247,0,72.069,46.502,15.567,2.1247,0,108.42,72.069,46.502,15.567,2.1247,0,124.66,108.42,72.069,46.502,15.567,2.1247,0,77.76,124.66,108.42,72.069,46.502,15.567,2.1247,0,53.96,77.76,124.66,108.42,72.069,46.502,15.567,2.1247,0,30.29,53.96,77.76,124.66,108.42,72.069,46.502,15.567,2.1247,0,11.413,30.29,53.96,77.76,124.66,108.42,72.069,46.502,15.567,2.1247,0,0,11.413,30.29,53.96,77.76,124.66,108.42,72.069,46.502,15.567,2.1247,0,0,0,11.413,30.29,53.96,77.76,124.66,108.42,72.069,46.502,15.567,2.1247,0,0,0,0,11.413,30.29,53.96,77.76,124.66,108.42,72.069,46.502,15.567,2.1247,0,0,0,0,0,11.413,30.29,53.96,77.76,124.66,108.42,72.069,46.502,15.567,2.1247,0
