1.569e+05,1.6074e+05,1.569e+05,2.3946e+05,1.6074e+05,1.569e+05,3.753e+05,2.3946e+05,1.6074e+05,1.569e+05,4.242e+05,3.753e+05,2.3946e+05,1.6074e+05,1.569e+05,4.3578e+05,4.242e+05,3.753e+05,2.3946e+05,1.6074e+05,1.569e+05,4.2996e+05,4.3578e+05,4.242e+05,3.753e+05,2.3946e+05,1.6074e+05,1.569e+05,4.1304e+05,4.2996e+05,4.3578e+05,4.242e+05,3.753e+05,2.3946e+05,1.6074e+05,1.569e+05,4.0482e+05,4.1304e+05,4.2996e+05,4.3578e+05,4.242e+05,3.753e+05,2.3946e+05,1.6074e+05,1.569e+05,4.1346e+05,4.0482e+05,4.1304e+05,4.2996e+05,4.3578e+05,4.242e+05,3.753e+05,2.3946e+05,1.6074e+05,1.569e+05,3.813e+05,4.1346e+05,4.0482e+05,4.1304e+05,4.2996e+05,4.3578e+05,4.242e+05,3.753e+05,2.3946e+05,1.6074e+05,1.569e+05,3.5046e+05,3.813e+05,4.1346e+05,4.0482e+05,4.1304e+05,4.2996e+05,4.3578e+05,4.242e+05,3.753e+05,2.3946e+05,1.6074e+05,1.569e+05,3.6738e+05,3.5046e+05,3.813e+05,4.1346e+05,4.0482e+05,4.1304e+05,4.2996e+05,4.3578e+05,4.242e+05,3.753e+05,2.3946e+05,1.6074e+05,1.569e+05,1.5618e+05,3.6738e+05,3.5046e+05,3.813e+05,4.1346e+05,4.0482e+05,4.1304e+05,4.2996e+05,4.3578e+05,4.242e+05,3.753e+05,2.3946e+05,1.6074e+05,1.569e+05,1.1526e+05,1.5618e+05,3.6738e+05,3.5046e+05,3.813e+05,4.1346e+05,4.0482e+05,4.1304e+05,4.2996e+05,4.3578e+05,4.242e+05,3.753e+05,2.3946e+05,1.6074e+05,1.569e+05
1.5888e+05,1.5498e+05,1.5888e+05,2.376e+05,1.5498e+05,1.5888e+05,3.783e+05,2.376e+05,1.5498e+05,1.5888e+05,4.3374e+05,3.783e+05,2.376e+05,1.5498e+05,1.5888e+05,4.3974e+05,4.3374e+05,3.783e+05,2.376e+05,1.5498e+05,1.5888e+05,4.4034e+05,4.3974e+05,4.3374e+05,3.783e+05,2.376e+05,1.5498e+05,1.5888e+05,4.2834e+05,4.4034e+05,4.3974e+05,4.3374e+05,3.783e+05,2.376e+05,1.5498e+05,1.5888e+05,4.2642e+05,4.2834e+05,4.4034e+05,4.3974e+05,4.3374e+05,3.783e+05,2.376e+05,1.5498e+05,1.5888e+05,4.0848e+05,4.2642e+05,4.2834e+05,4.4034e+05,4.3974e+05,4.3374e+05,3.783e+05,2.376e+05,1.5498e+05,1.5888e+05,3.9018e+05,4.0848e+05,4.2642e+05,4.2834e+05,4.4034e+05,4.3974e+05,4.3374e+05,3.783e+05,2.376e+05,1.5498e+05,1.5888e+05,3.1884e+05,3.9018e+05,4.0848e+05,4.2642e+05,4.2834e+05,4.4034e+05,4.3974e+05,4.3374e+05,3.783e+05,2.376e+05,1.5498e+05,1.5888e+05,3.4278e+05,3.1884e+05,3.9018e+05,4.0848e+05,4.2642e+05,4.2834e+05,4.4034e+05,4.3974e+05,4.3374e+05,3.783e+05,2.376e+05,1.5498e+05,1.5888e+05,1.6728e+05,3.4278e+05,3.1884e+05,3.9018e+05,4.0848e+05,4.2642e+05,4.2834e+05,4.4034e+05,4.3974e+05,4.3374e+05,3.783e+05,2.376e+05,1.5498e+05,1.5888e+05,57000,1.6728e+05,3.4278e+05,3.1884e+05,3.9018e+05,4.0848e+05,4.2642e+05,4.2834e+05,4.4034e+05,4.3974e+05,4.3374e+05,3.783e+05,2.376e+05,1.5498e+05,1.5888e+05
1.5744e+05,1.6542e+05,1.5744e+05,2.3274e+05,1.6542e+05,1.5744e+05,3.291e+05,2.3274e+05,1.6542e+05,1.5744e+05,3.8352e+05,3.291e+05,2.3274e+05,1.6542e+05,1.5744e+05,4.0332e+05,3.8352e+05,3.291e+05,2.3274e+05,1.6542e+05,1.5744e+05,4.0812e+05,4.0332e+05,3.8352e+05,3.291e+05,2.3274e+05,1.6542e+05,1.5744e+05,4.125e+05,4.0812e+05,4.0332e+05,3.8352e+05,3.291e+05,2.3274e+05,1.6542e+05,1.5744e+05,3.9234e+05,4.125e+05,4.0812e+05,4.0332e+05,3.8352e+05,3.291e+05,2.3274e+05,1.6542e+05,1.5744e+05,3.759e+05,3.9234e+05,4.125e+05,4.0812e+05,4.0332e+05,3.8352e+05,3.291e+05,2.3274e+05,1.6542e+05,1.5744e+05,3.6462e+05,3.759e+05,3.9234e+05,4.125e+05,4.0812e+05,4.0332e+05,3.8352e+05,3.291e+05,2.3274e+05,1.6542e+05,1.5744e+05,2.8896e+05,3.6462e+05,3.759e+05,3.9234e+05,4.125e+05,4.0812e+05,4.0332e+05,3.8352e+05,3.291e+05,2.3274e+05,1.6542e+05,1.5744e+05,3.0252e+05,2.8896e+05,3.6462e+05,3.759e+05,3.9234e+05,4.125e+05,4.0812e+05,4.0332e+05,3.8352e+05,3.291e+05,2.3274e+05,1.6542e+05,1.5744e+05,1.5876e+05,3.0252e+05,2.8896e+05,3.6462e+05,3.759e+05,3.9234e+05,4.125e+05,4.0812e+05,4.0332e+05,3.8352e+05,3.291e+05,2.3274e+05,1.6542e+05,1.5744e+05,54660,1.5876e+05,3.0252e+05,2.8896e+05,3.6462e+05,3.759e+05,3.9234e+05,4.125e+05,4.0812e+05,4.0332e+05,3.8352e+05,3.291e+05,2.3274e+05,1.6542e+05,1.5744e+05
1.521e+05,1.641e+05,1.521e+05,2.3796e+05,1.641e+05,1.521e+05,3.5028e+05,2.3796e+05,1.641e+05,1.521e+05,4.0716e+05,3.5028e+05,2.3796e+05,1.641e+05,1.521e+05,4.1232e+05,4.0716e+05,3.5028e+05,2.3796e+05,1.641e+05,1.521e+05,4.1418e+05,4.1232e+05,4.0716e+05,3.5028e+05,2.3796e+05,1.641e+05,1.521e+05,4.0572e+05,4.1418e+05,4.1232e+05,4.0716e+05,3.5028e+05,2.3796e+05,1.641e+05,1.521e+05,3.9018e+05,4.0572e+05,4.1418e+05,4.1232e+05,4.0716e+05,3.5028e+05,2.3796e+05,1.641e+05,1.521e+05,3.9804e+05,3.9018e+05,4.0572e+05,4.1418e+05,4.1232e+05,4.0716e+05,3.5028e+05,2.3796e+05,1.641e+05,1.521e+05,3.705e+05,3.9804e+05,3.9018e+05,4.0572e+05,4.1418e+05,4.1232e+05,4.0716e+05,3.5028e+05,2.3796e+05,1.641e+05,1.521e+05,2.9556e+05,3.705e+05,3.9804e+05,3.9018e+05,4.0572e+05,4.1418e+05,4.1232e+05,4.0716e+05,3.5028e+05,2.3796e+05,1.641e+05,1.521e+05,3.0582e+05,2.9556e+05,3.705e+05,3.9804e+05,3.9018e+05,4.0572e+05,4.1418e+05,4.1232e+05,4.0716e+05,3.5028e+05,2.3796e+05,1.641e+05,1.521e+05,1.6296e+05,3.0582e+05,2.9556e+05,3.705e+05,3.9804e+05,3.9018e+05,4.0572e+05,4.1418e+05,4.1232e+05,4.0716e+05,3.5028e+05,2.3796e+05,1.641e+05,1.521e+05,54600,1.6296e+05,3.0582e+05,2.9556e+05,3.705e+05,3.9804e+05,3.9018e+05,4.0572e+05,4.1418e+05,4.1232e+05,4.0716e+05,3.5028e+05,2.3796e+05,1.641e+05,1.521e+05
1.6182e+05,1.659e+05,1.6182e+05,2.3064e+05,1.659e+05,1.6182e+05,3.6462e+05,2.3064e+05,1.659e+05,1.6182e+05,3.7032e+05,3.6462e+05,2.3064e+05,1.659e+05,1.6182e+05,4.0722e+05,3.7032e+05,3.6462e+05,2.3064e+05,1.659e+05,1.6182e+05,3.9744e+05,4.0722e+05,3.7032e+05,3.6462e+05,2.3064e+05,1.659e+05,1.6182e+05,3.8754e+05,3.9744e+05,4.0722e+05,3.7032e+05,3.6462e+05,2.3064e+05,1.659e+05,1.6182e+05,3.6978e+05,3.8754e+05,3.9744e+05,4.0722e+05,3.7032e+05,3.6462e+05,2.3064e+05,1.659e+05,1.6182e+05,3.7842e+05,3.6978e+05,3.8754e+05,3.9744e+05,4.0722e+05,3.7032e+05,3.6462e+05,2.3064e+05,1.659e+05,1.6182e+05,3.7032e+05,3.7842e+05,3.6978e+05,3.8754e+05,3.9744e+05,4.0722e+05,3.7032e+05,3.6462e+05,2.3064e+05,1.659e+05,1.6182e+05,3.018e+05,3.7032e+05,3.7842e+05,3.6978e+05,3.8754e+05,3.9744e+05,4.0722e+05,3.7032e+05,3.6462e+05,2.3064e+05,1.659e+05,1.6182e+05,3.1086e+05,3.018e+05,3.7032e+05,3.7842e+05,3.6978e+05,3.8754e+05,3.9744e+05,4.0722e+05,3.7032e+05,3.6462e+05,2.3064e+05,1.659e+05,1.6182e+05,1.6692e+05,3.1086e+05,3.018e+05,3.7032e+05,3.7842e+05,3.6978e+05,3.8754e+05,3.9744e+05,4.0722e+05,3.7032e+05,3.6462e+05,2.3064e+05,1.659e+05,1.6182e+05,57600,1.6692e+05,3.1086e+05,3.018e+05,3.7032e+05,3.7842e+05,3.6978e+05,3.8754e+05,3.9744e+05,4.0722e+05,3.7032e+05,3.6462e+05,2.3064e+05,1.659e+05,1.6182e+05
1.593e+05,1.641e+05,1.593e+05,2.355e+05,1.641e+05,1.593e+05,3.5514e+05,2.355e+05,1.641e+05,1.593e+05,4.0698e+05,3.5514e+05,2.355e+05,1.641e+05,1.593e+05,4.1598e+05,4.0698e+05,3.5514e+05,2.355e+05,1.641e+05,1.593e+05,4.1604e+05,4.1598e+05,4.0698e+05,3.5514e+05,2.355e+05,1.641e+05,1.593e+05,4.062e+05,4.1604e+05,4.1598e+05,4.0698e+05,3.5514e+05,2.355e+05,1.641e+05,1.593e+05,3.9936e+05,4.062e+05,4.1604e+05,4.1598e+05,4.0698e+05,3.5514e+05,2.355e+05,1.641e+05,1.593e+05,4.035e+05,3.9936e+05,4.062e+05,4.1604e+05,4.1598e+05,4.0698e+05,3.5514e+05,2.355e+05,1.641e+05,1.593e+05,3.873e+05,4.035e+05,3.9936e+05,4.062e+05,4.1604e+05,4.1598e+05,4.0698e+05,3.5514e+05,2.355e+05,1.641e+05,1.593e+05,3.3594e+05,3.873e+05,4.035e+05,3.9936e+05,4.062e+05,4.1604e+05,4.1598e+05,4.0698e+05,3.5514e+05,2.355e+05,1.641e+05,1.593e+05,3.5538e+05,3.3594e+05,3.873e+05,4.035e+05,3.9936e+05,4.062e+05,4.1604e+05,4.1598e+05,4.0698e+05,3.5514e+05,2.355e+05,1.641e+05,1.593e+05,1.6164e+05,3.5538e+05,3.3594e+05,3.873e+05,4.035e+05,3.9936e+05,4.062e+05,4.1604e+05,4.1598e+05,4.0698e+05,3.5514e+05,2.355e+05,1.641e+05,1.593e+05,51720,1.6164e+05,3.5538e+05,3.3594e+05,3.873e+05,4.035e+05,3.9936e+05,4.062e+05,4.1604e+05,4.1598e+05,4.0698e+05,3.5514e+05,2.355e+05,1.641e+05,1.593e+05
1.4634e+05,1.5324e+05,1.4634e+05,2.106e+05,1.5324e+05,1.4634e+05,3.3432e+05,2.106e+05,1.5324e+05,1.4634e+05,3.933e+05,3.3432e+05,2.106e+05,1.5324e+05,1.4634e+05,4.1256e+05,3.933e+05,3.3432e+05,2.106e+05,1.5324e+05,1.4634e+05,4.14e+05,4.1256e+05,3.933e+05,3.3432e+05,2.106e+05,1.5324e+05,1.4634e+05,4.0686e+05,4.14e+05,4.1256e+05,3.933e+05,3.3432e+05,2.106e+05,1.5324e+05,1.4634e+05,3.9294e+05,4.0686e+05,4.14e+05,4.1256e+05,3.933e+05,3.3432e+05,2.106e+05,1.5324e+05,1.4634e+05,3.819e+05,3.9294e+05,4.0686e+05,4.14e+05,4.1256e+05,3.933e+05,3.3432e+05,2.106e+05,1.5324e+05,1.4634e+05,3.6828e+05,3.819e+05,3.9294e+05,4.0686e+05,4.14e+05,4.1256e+05,3.933e+05,3.3432e+05,2.106e+05,1.5324e+05,1.4634e+05,3.0642e+05,3.6828e+05,3.819e+05,3.9294e+05,4.0686e+05,4.14e+05,4.1256e+05,3.933e+05,3.3432e+05,2.106e+05,1.5324e+05,1.4634e+05,3.219e+05,3.0642e+05,3.6828e+05,3.819e+05,3.9294e+05,4.0686e+05,4.14e+05,4.1256e+05,3.933e+05,3.3432e+05,2.106e+05,1.5324e+05,1.4634e+05,1.6614e+05,3.219e+05,3.0642e+05,3.6828e+05,3.819e+05,3.9294e+05,4.0686e+05,4.14e+05,4.1256e+05,3.933e+05,3.3432e+05,2.106e+05,1.5324e+05,1.4634e+05,57480,1.6614e+05,3.219e+05,3.0642e+05,3.6828e+05,3.819e+05,3.9294e+05,4.0686e+05,4.14e+05,4.1256e+05,3.933e+05,3.3432e+05,2.106e+05,1.5324e+05,1.4634e+05
1.479e+05,1.7196e+05,1.479e+05,2.3844e+05,1.7196e+05,1.479e+05,3.4416e+05,2.3844e+05,1.7196e+05,1.479e+05,3.9822e+05,3.4416e+05,2.3844e+05,1.7196e+05,1.479e+05,4.1742e+05,3.9822e+05,3.4416e+05,2.3844e+05,1.7196e+05,1.479e+05,4.143e+05,4.1742e+05,3.9822e+05,3.4416e+05,2.3844e+05,1.7196e+05,1.479e+05,4.0728e+05,4.143e+05,4.1742e+05,3.9822e+05,3.4416e+05,2.3844e+05,1.7196e+05,1.479e+05,3.8778e+05,4.0728e+05,4.143e+05,4.1742e+05,3.9822e+05,3.4416e+05,2.3844e+05,1.7196e+05,1.479e+05,3.8232e+05,3.8778e+05,4.0728e+05,4.143e+05,4.1742e+05,3.9822e+05,3.4416e+05,2.3844e+05,1.7196e+05,1.479e+05,3.7548e+05,3.8232e+05,3.8778e+05,4.0728e+05,4.143e+05,4.1742e+05,3.9822e+05,3.4416e+05,2.3844e+05,1.7196e+05,1.479e+05,2.8896e+05,3.7548e+05,3.8232e+05,3.8778e+05,4.0728e+05,4.143e+05,4.1742e+05,3.9822e+05,3.4416e+05,2.3844e+05,1.7196e+05,1.479e+05,3.027e+05,2.8896e+05,3.7548e+05,3.8232e+05,3.8778e+05,4.0728e+05,4.143e+05,4.1742e+05,3.9822e+05,3.4416e+05,2.3844e+05,1.7196e+05,1.479e+05,1.5852e+05,3.027e+05,2.8896e+05,3.7548e+05,3.8232e+05,3.8778e+05,4.0728e+05,4.143e+05,4.1742e+05,3.9822e+05,3.4416e+05,2.3844e+05,1.7196e+05,1.479e+05,53940,1.5852e+05,3.027e+05,2.8896e+05,3.7548e+05,3.8232e+05,3.8778e+05,4.0728e+05,4.143e+05,4.1742e+05,3.9822e+05,3.4416e+05,2.3844e+05,1.7196e+05,1.479e+05
1.5462e+05,1.5468e+05,1.5462e+05,2.2422e+05,1.5468e+05,1.5462e+05,3.327e+05,2.2422e+05,1.5468e+05,1.5462e+05,3.945e+05,3.327e+05,2.2422e+05,1.5468e+05,1.5462e+05,4.0494e+05,3.945e+05,3.327e+05,2.2422e+05,1.5468e+05,1.5462e+05,3.9714e+05,4.0494e+05,3.945e+05,3.327e+05,2.2422e+05,1.5468e+05,1.5462e+05,3.9342e+05,3.9714e+05,4.0494e+05,3.945e+05,3.327e+05,2.2422e+05,1.5468e+05,1.5462e+05,4.002e+05,3.9342e+05,3.9714e+05,4.0494e+05,3.945e+05,3.327e+05,2.2422e+05,1.5468e+05,1.5462e+05,3.8052e+05,4.002e+05,3.9342e+05,3.9714e+05,4.0494e+05,3.945e+05,3.327e+05,2.2422e+05,1.5468e+05,1.5462e+05,3.9036e+05,3.8052e+05,4.002e+05,3.9342e+05,3.9714e+05,4.0494e+05,3.945e+05,3.327e+05,2.2422e+05,1.5468e+05,1.5462e+05,2.9472e+05,3.9036e+05,3.8052e+05,4.002e+05,3.9342e+05,3.9714e+05,4.0494e+05,3.945e+05,3.327e+05,2.2422e+05,1.5468e+05,1.5462e+05,3.1896e+05,2.9472e+05,3.9036e+05,3.8052e+05,4.002e+05,3.9342e+05,3.9714e+05,4.0494e+05,3.945e+05,3.327e+05,2.2422e+05,1.5468e+05,1.5462e+05,1.6278e+05,3.1896e+05,2.9472e+05,3.9036e+05,3.8052e+05,4.002e+05,3.9342e+05,3.9714e+05,4.0494e+05,3.945e+05,3.327e+05,2.2422e+05,1.5468e+05,1.5462e+05,53580,1.6278e+05,3.1896e+05,2.9472e+05,3.9036e+05,3.8052e+05,4.002e+05,3.9342e+05,3.9714e+05,4.0494e+05,3.945e+05,3.327e+05,2.2422e+05,1.5468e+05,1.5462e+05
1.5768e+05,1.5066e+05,1.5768e+05,2.0634e+05,1.5066e+05,1.5768e+05,3.3252e+05,2.0634e+05,1.5066e+05,1.5768e+05,3.9162e+05,3.3252e+05,2.0634e+05,1.5066e+05,1.5768e+05,4.1388e+05,3.9162e+05,3.3252e+05,2.0634e+05,1.5066e+05,1.5768e+05,4.1454e+05,4.1388e+05,3.9162e+05,3.3252e+05,2.0634e+05,1.5066e+05,1.5768e+05,4.0002e+05,4.1454e+05,4.1388e+05,3.9162e+05,3.3252e+05,2.0634e+05,1.5066e+05,1.5768e+05,3.906e+05,4.0002e+05,4.1454e+05,4.1388e+05,3.9162e+05,3.3252e+05,2.0634e+05,1.5066e+05,1.5768e+05,3.9528e+05,3.906e+05,4.0002e+05,4.1454e+05,4.1388e+05,3.9162e+05,3.3252e+05,2.0634e+05,1.5066e+05,1.5768e+05,3.9018e+05,3.9528e+05,3.906e+05,4.0002e+05,4.1454e+05,4.1388e+05,3.9162e+05,3.3252e+05,2.0634e+05,1.5066e+05,1.5768e+05,2.967e+05,3.9018e+05,3.9528e+05,3.906e+05,4.0002e+05,4.1454e+05,4.1388e+05,3.9162e+05,3.3252e+05,2.0634e+05,1.5066e+05,1.5768e+05,3.2286e+05,2.967e+05,3.9018e+05,3.9528e+05,3.906e+05,4.0002e+05,4.1454e+05,4.1388e+05,3.9162e+05,3.3252e+05,2.0634e+05,1.5066e+05,1.5768e+05,1.6518e+05,3.2286e+05,2.967e+05,3.9018e+05,3.9528e+05,3.906e+05,4.0002e+05,4.1454e+05,4.1388e+05,3.9162e+05,3.3252e+05,2.0634e+05,1.5066e+05,1.5768e+05,55680,1.6518e+05,3.2286e+05,2.967e+05,3.9018e+05,3.9528e+05,3.906e+05,4.0002e+05,4.1454e+05,4.1388e+05,3.9162e+05,3.3252e+05,2.0634e+05,1.5066e+05,1.5768e+05
1.4586e+05,1.4874e+05,1.4586e+05,2.028e+05,1.4874e+05,1.4586e+05,3.0144e+05,2.028e+05,1.4874e+05,1.4586e+05,3.2514e+05,3.0144e+05,2.028e+05,1.4874e+05,1.4586e+05,3.3336e+05,3.2514e+05,3.0144e+05,2.028e+05,1.4874e+05,1.4586e+05,3.345e+05,3.3336e+05,3.2514e+05,3.0144e+05,2.028e+05,1.4874e+05,1.4586e+05,3.2448e+05,3.345e+05,3.3336e+05,3.2514e+05,3.0144e+05,2.028e+05,1.4874e+05,1.4586e+05,3.009e+05,3.2448e+05,3.345e+05,3.3336e+05,3.2514e+05,3.0144e+05,2.028e+05,1.4874e+05,1.4586e+05,3.0126e+05,3.009e+05,3.2448e+05,3.345e+05,3.3336e+05,3.2514e+05,3.0144e+05,2.028e+05,1.4874e+05,1.4586e+05,2.8716e+05,3.0126e+05,3.009e+05,3.2448e+05,3.345e+05,3.3336e+05,3.2514e+05,3.0144e+05,2.028e+05,1.4874e+05,1.4586e+05,2.5668e+05,2.8716e+05,3.0126e+05,3.009e+05,3.2448e+05,3.345e+05,3.3336e+05,3.2514e+05,3.0144e+05,2.028e+05,1.4874e+05,1.4586e+05,1.3746e+05,2.5668e+05,2.8716e+05,3.0126e+05,3.009e+05,3.2448e+05,3.345e+05,3.3336e+05,3.2514e+05,3.0144e+05,2.028e+05,1.4874e+05,1.4586e+05,55500,1.3746e+05,2.5668e+05,2.8716e+05,3.0126e+05,3.009e+05,3.2448e+05,3.345e+05,3.3336e+05,3.2514e+05,3.0144e+05,2.028e+05,1.4874e+05,1.4586e+05,45780,55500,1.3746e+05,2.5668e+05,2.8716e+05,3.0126e+05,3.009e+05,3.2448e+05,3.345e+05,3.3336e+05,3.2514e+05,3.0144e+05,2.028e+05,1.4874e+05,1.4586e+05
1.515e+05,1.5996e+05,1.515e+05,2.211e+05,1.5996e+05,1.515e+05,3.1512e+05,2.211e+05,1.5996e+05,1.515e+05,3.5178e+05,3.1512e+05,2.211e+05,1.5996e+05,1.515e+05,3.5574e+05,3.5178e+05,3.1512e+05,2.211e+05,1.5996e+05,1.515e+05,3.6396e+05,3.5574e+05,3.5178e+05,3.1512e+05,2.211e+05,1.5996e+05,1.515e+05,3.5076e+05,3.6396e+05,3.5574e+05,3.5178e+05,3.1512e+05,2.211e+05,1.5996e+05,1.515e+05,3.285e+05,3.5076e+05,3.6396e+05,3.5574e+05,3.5178e+05,3.1512e+05,2.211e+05,1.5996e+05,1.515e+05,3.18e+05,3.285e+05,3.5076e+05,3.6396e+05,3.5574e+05,3.5178e+05,3.1512e+05,2.211e+05,1.5996e+05,1.515e+05,3.0372e+05,3.18e+05,3.285e+05,3.5076e+05,3.6396e+05,3.5574e+05,3.5178e+05,3.1512e+05,2.211e+05,1.5996e+05,1.515e+05,2.5692e+05,3.0372e+05,3.18e+05,3.285e+05,3.5076e+05,3.6396e+05,3.5574e+05,3.5178e+05,3.1512e+05,2.211e+05,1.5996e+05,1.515e+05,1.455e+05,2.5692e+05,3.0372e+05,3.18e+05,3.285e+05,3.5076e+05,3.6396e+05,3.5574e+05,3.5178e+05,3.1512e+05,2.211e+05,1.5996e+05,1.515e+05,61020,1.455e+05,2.5692e+05,3.0372e+05,3.18e+05,3.285e+05,3.5076e+05,3.6396e+05,3.5574e+05,3.5178e+05,3.1512e+05,2.211e+05,1.5996e+05,1.515e+05,51900,61020,1.455e+05,2.5692e+05,3.0372e+05,3.18e+05,3.285e+05,3.5076e+05,3.6396e+05,3.5574e+05,3.5178e+05,3.1512e+05,2.211e+05,1.5996e+05,1.515e+05
1.4538e+05,1.587e+05,1.4538e+05,2.2206e+05,1.587e+05,1.4538e+05,3.126e+05,2.2206e+05,1.587e+05,1.4538e+05,3.5004e+05,3.126e+05,2.2206e+05,1.587e+05,1.4538e+05,3.6042e+05,3.5004e+05,3.126e+05,2.2206e+05,1.587e+05,1.4538e+05,3.6336e+05,3.6042e+05,3.5004e+05,3.126e+05,2.2206e+05,1.587e+05,1.4538e+05,3.4128e+05,3.6336e+05,3.6042e+05,3.5004e+05,3.126e+05,2.2206e+05,1.587e+05,1.4538e+05,3.3804e+05,3.4128e+05,3.6336e+05,3.6042e+05,3.5004e+05,3.126e+05,2.2206e+05,1.587e+05,1.4538e+05,3.3426e+05,3.3804e+05,3.4128e+05,3.6336e+05,3.6042e+05,3.5004e+05,3.126e+05,2.2206e+05,1.587e+05,1.4538e+05,3.2514e+05,3.3426e+05,3.3804e+05,3.4128e+05,3.6336e+05,3.6042e+05,3.5004e+05,3.126e+05,2.2206e+05,1.587e+05,1.4538e+05,2.502e+05,3.2514e+05,3.3426e+05,3.3804e+05,3.4128e+05,3.6336e+05,3.6042e+05,3.5004e+05,3.126e+05,2.2206e+05,1.587e+05,1.4538e+05,2.4858e+05,2.502e+05,3.2514e+05,3.3426e+05,3.3804e+05,3.4128e+05,3.6336e+05,3.6042e+05,3.5004e+05,3.126e+05,2.2206e+05,1.587e+05,1.4538e+05,1.4502e+05,2.4858e+05,2.502e+05,3.2514e+05,3.3426e+05,3.3804e+05,3.4128e+05,3.6336e+05,3.6042e+05,3.5004e+05,3.126e+05,2.2206e+05,1.587e+05,1.4538e+05,56340,1.4502e+05,2.4858e+05,2.502e+05,3.2514e+05,3.3426e+05,3.3804e+05,3.4128e+05,3.6336e+05,3.6042e+05,3.5004e+05,3.126e+05,2.2206e+05,1.587e+05,1.4538e+05
1.4424e+05,1.4916e+05,1.4424e+05,2.1498e+05,1.4916e+05,1.4424e+05,3.2028e+05,2.1498e+05,1.4916e+05,1.4424e+05,3.5706e+05,3.2028e+05,2.1498e+05,1.4916e+05,1.4424e+05,3.6342e+05,3.5706e+05,3.2028e+05,2.1498e+05,1.4916e+05,1.4424e+05,3.7872e+05,3.6342e+05,3.5706e+05,3.2028e+05,2.1498e+05,1.4916e+05,1.4424e+05,3.5898e+05,3.7872e+05,3.6342e+05,3.5706e+05,3.2028e+05,2.1498e+05,1.4916e+05,1.4424e+05,3.4512e+05,3.5898e+05,3.7872e+05,3.6342e+05,3.5706e+05,3.2028e+05,2.1498e+05,1.4916e+05,1.4424e+05,3.2646e+05,3.4512e+05,3.5898e+05,3.7872e+05,3.6342e+05,3.5706e+05,3.2028e+05,2.1498e+05,1.4916e+05,1.4424e+05,3.1716e+05,3.2646e+05,3.4512e+05,3.5898e+05,3.7872e+05,3.6342e+05,3.5706e+05,3.2028e+05,2.1498e+05,1.4916e+05,1.4424e+05,2.499e+05,3.1716e+05,3.2646e+05,3.4512e+05,3.5898e+05,3.7872e+05,3.6342e+05,3.5706e+05,3.2028e+05,2.1498e+05,1.4916e+05,1.4424e+05,2.439e+05,2.499e+05,3.1716e+05,3.2646e+05,3.4512e+05,3.5898e+05,3.7872e+05,3.6342e+05,3.5706e+05,3.2028e+05,2.1498e+05,1.4916e+05,1.4424e+05,1.3908e+05,2.439e+05,2.499e+05,3.1716e+05,3.2646e+05,3.4512e+05,3.5898e+05,3.7872e+05,3.6342e+05,3.5706e+05,3.2028e+05,2.1498e+05,1.4916e+05,1.4424e+05,54240,1.3908e+05,2.439e+05,2.499e+05,3.1716e+05,3.2646e+05,3.4512e+05,3.5898e+05,3.7872e+05,3.6342e+05,3.5706e+05,3.2028e+05,2.1498e+05,1.4916e+05,1.4424e+05
1.3464e+05,1.4916e+05,1.3464e+05,2.1126e+05,1.4916e+05,1.3464e+05,3.096e+05,2.1126e+05,1.4916e+05,1.3464e+05,3.435e+05,3.096e+05,2.1126e+05,1.4916e+05,1.3464e+05,3.3402e+05,3.435e+05,3.096e+05,2.1126e+05,1.4916e+05,1.3464e+05,3.3192e+05,3.3402e+05,3.435e+05,3.096e+05,2.1126e+05,1.4916e+05,1.3464e+05,3.306e+05,3.3192e+05,3.3402e+05,3.435e+05,3.096e+05,2.1126e+05,1.4916e+05,1.3464e+05,3.2496e+05,3.306e+05,3.3192e+05,3.3402e+05,3.435e+05,3.096e+05,2.1126e+05,1.4916e+05,1.3464e+05,3.147e+05,3.2496e+05,3.306e+05,3.3192e+05,3.3402e+05,3.435e+05,3.096e+05,2.1126e+05,1.4916e+05,1.3464e+05,3.1266e+05,3.147e+05,3.2496e+05,3.306e+05,3.3192e+05,3.3402e+05,3.435e+05,3.096e+05,2.1126e+05,1.4916e+05,1.3464e+05,2.4018e+05,3.1266e+05,3.147e+05,3.2496e+05,3.306e+05,3.3192e+05,3.3402e+05,3.435e+05,3.096e+05,2.1126e+05,1.4916e+05,1.3464e+05,2.4666e+05,2.4018e+05,3.1266e+05,3.147e+05,3.2496e+05,3.306e+05,3.3192e+05,3.3402e+05,3.435e+05,3.096e+05,2.1126e+05,1.4916e+05,1.3464e+05,1.398e+05,2.4666e+05,2.4018e+05,3.1266e+05,3.147e+05,3.2496e+05,3.306e+05,3.3192e+05,3.3402e+05,3.435e+05,3.096e+05,2.1126e+05,1.4916e+05,1.3464e+05,53340,1.398e+05,2.4666e+05,2.4018e+05,3.1266e+05,3.147e+05,3.2496e+05,3.306e+05,3.3192e+05,3.3402e+05,3.435e+05,3.096e+05,2.1126e+05,1.4916e+05,1.3464e+05
1.4112e+05,1.4274e+05,1.4112e+05,2.0364e+05,1.4274e+05,1.4112e+05,2.9178e+05,2.0364e+05,1.4274e+05,1.4112e+05,3.213e+05,2.9178e+05,2.0364e+05,1.4274e+05,1.4112e+05,3.1362e+05,3.213e+05,2.9178e+05,2.0364e+05,1.4274e+05,1.4112e+05,3.0858e+05,3.1362e+05,3.213e+05,2.9178e+05,2.0364e+05,1.4274e+05,1.4112e+05,3.0972e+05,3.0858e+05,3.1362e+05,3.213e+05,2.9178e+05,2.0364e+05,1.4274e+05,1.4112e+05,3.0048e+05,3.0972e+05,3.0858e+05,3.1362e+05,3.213e+05,2.9178e+05,2.0364e+05,1.4274e+05,1.4112e+05,2.865e+05,3.0048e+05,3.0972e+05,3.0858e+05,3.1362e+05,3.213e+05,2.9178e+05,2.0364e+05,1.4274e+05,1.4112e+05,2.8104e+05,2.865e+05,3.0048e+05,3.0972e+05,3.0858e+05,3.1362e+05,3.213e+05,2.9178e+05,2.0364e+05,1.4274e+05,1.4112e+05,2.3532e+05,2.8104e+05,2.865e+05,3.0048e+05,3.0972e+05,3.0858e+05,3.1362e+05,3.213e+05,2.9178e+05,2.0364e+05,1.4274e+05,1.4112e+05,1.719e+05,2.3532e+05,2.8104e+05,2.865e+05,3.0048e+05,3.0972e+05,3.0858e+05,3.1362e+05,3.213e+05,2.9178e+05,2.0364e+05,1.4274e+05,1.4112e+05,66540,1.719e+05,2.3532e+05,2.8104e+05,2.865e+05,3.0048e+05,3.0972e+05,3.0858e+05,3.1362e+05,3.213e+05,2.9178e+05,2.0364e+05,1.4274e+05,1.4112e+05,45660,66540,1.719e+05,2.3532e+05,2.8104e+05,2.865e+05,3.0048e+05,3.0972e+05,3.0858e+05,3.1362e+05,3.213e+05,2.9178e+05,2.0364e+05,1.4274e+05,1.4112e+05
1.416e+05,1.4358e+05,1.416e+05,2.0556e+05,1.4358e+05,1.416e+05,3.0324e+05,2.0556e+05,1.4358e+05,1.416e+05,3.2652e+05,3.0324e+05,2.0556e+05,1.4358e+05,1.416e+05,3.1656e+05,3.2652e+05,3.0324e+05,2.0556e+05,1.4358e+05,1.416e+05,3.081e+05,3.1656e+05,3.2652e+05,3.0324e+05,2.0556e+05,1.4358e+05,1.416e+05,3.108e+05,3.081e+05,3.1656e+05,3.2652e+05,3.0324e+05,2.0556e+05,1.4358e+05,1.416e+05,2.9496e+05,3.108e+05,3.081e+05,3.1656e+05,3.2652e+05,3.0324e+05,2.0556e+05,1.4358e+05,1.416e+05,2.8194e+05,2.9496e+05,3.108e+05,3.081e+05,3.1656e+05,3.2652e+05,3.0324e+05,2.0556e+05,1.4358e+05,1.416e+05,2.85e+05,2.8194e+05,2.9496e+05,3.108e+05,3.081e+05,3.1656e+05,3.2652e+05,3.0324e+05,2.0556e+05,1.4358e+05,1.416e+05,2.3514e+05,2.85e+05,2.8194e+05,2.9496e+05,3.108e+05,3.081e+05,3.1656e+05,3.2652e+05,3.0324e+05,2.0556e+05,1.4358e+05,1.416e+05,1.4076e+05,2.3514e+05,2.85e+05,2.8194e+05,2.9496e+05,3.108e+05,3.081e+05,3.1656e+05,3.2652e+05,3.0324e+05,2.0556e+05,1.4358e+05,1.416e+05,62940,1.4076e+05,2.3514e+05,2.85e+05,2.8194e+05,2.9496e+05,3.108e+05,3.081e+05,3.1656e+05,3.2652e+05,3.0324e+05,2.0556e+05,1.4358e+05,1.416e+05,52320,62940,1.4076e+05,2.3514e+05,2.85e+05,2.8194e+05,2.9496e+05,3.108e+05,3.081e+05,3.1656e+05,3.2652e+05,3.0324e+05,2.0556e+05,1.4358e+05,1.416e+05
1.3314e+05,1.3914e+05,1.3314e+05,2.0406e+05,1.3914e+05,1.3314e+05,2.994e+05,2.0406e+05,1.3914e+05,1.3314e+05,3.2568e+05,2.994e+05,2.0406e+05,1.3914e+05,1.3314e+05,3.381e+05,3.2568e+05,2.994e+05,2.0406e+05,1.3914e+05,1.3314e+05,3.2064e+05,3.381e+05,3.2568e+05,2.994e+05,2.0406e+05,1.3914e+05,1.3314e+05,3.1242e+05,3.2064e+05,3.381e+05,3.2568e+05,2.994e+05,2.0406e+05,1.3914e+05,1.3314e+05,2.8452e+05,3.1242e+05,3.2064e+05,3.381e+05,3.2568e+05,2.994e+05,2.0406e+05,1.3914e+05,1.3314e+05,2.6826e+05,2.8452e+05,3.1242e+05,3.2064e+05,3.381e+05,3.2568e+05,2.994e+05,2.0406e+05,1.3914e+05,1.3314e+05,2.8794e+05,2.6826e+05,2.8452e+05,3.1242e+05,3.2064e+05,3.381e+05,3.2568e+05,2.994e+05,2.0406e+05,1.3914e+05,1.3314e+05,2.319e+05,2.8794e+05,2.6826e+05,2.8452e+05,3.1242e+05,3.2064e+05,3.381e+05,3.2568e+05,2.994e+05,2.0406e+05,1.3914e+05,1.3314e+05,1.341e+05,2.319e+05,2.8794e+05,2.6826e+05,2.8452e+05,3.1242e+05,3.2064e+05,3.381e+05,3.2568e+05,2.994e+05,2.0406e+05,1.3914e+05,1.3314e+05,56400,1.341e+05,2.319e+05,2.8794e+05,2.6826e+05,2.8452e+05,3.1242e+05,3.2064e+05,3.381e+05,3.2568e+05,2.994e+05,2.0406e+05,1.3914e+05,1.3314e+05,46560,56400,1.341e+05,2.319e+05,2.8794e+05,2.6826e+05,2.8452e+05,3.1242e+05,3.2064e+05,3.381e+05,3.2568e+05,2.994e+05,2.0406e+05,1.3914e+05,1.3314e+05
1.4556e+05,1.5432e+05,1.4556e+05,2.1042e+05,1.5432e+05,1.4556e+05,3.0456e+05,2.1042e+05,1.5432e+05,1.4556e+05,3.3534e+05,3.0456e+05,2.1042e+05,1.5432e+05,1.4556e+05,3.3018e+05,3.3534e+05,3.0456e+05,2.1042e+05,1.5432e+05,1.4556e+05,3.438e+05,3.3018e+05,3.3534e+05,3.0456e+05,2.1042e+05,1.5432e+05,1.4556e+05,3.3228e+05,3.438e+05,3.3018e+05,3.3534e+05,3.0456e+05,2.1042e+05,1.5432e+05,1.4556e+05,3.048e+05,3.3228e+05,3.438e+05,3.3018e+05,3.3534e+05,3.0456e+05,2.1042e+05,1.5432e+05,1.4556e+05,2.9754e+05,3.048e+05,3.3228e+05,3.438e+05,3.3018e+05,3.3534e+05,3.0456e+05,2.1042e+05,1.5432e+05,1.4556e+05,2.8968e+05,2.9754e+05,3.048e+05,3.3228e+05,3.438e+05,3.3018e+05,3.3534e+05,3.0456e+05,2.1042e+05,1.5432e+05,1.4556e+05,2.3946e+05,2.8968e+05,2.9754e+05,3.048e+05,3.3228e+05,3.438e+05,3.3018e+05,3.3534e+05,3.0456e+05,2.1042e+05,1.5432e+05,1.4556e+05,1.3794e+05,2.3946e+05,2.8968e+05,2.9754e+05,3.048e+05,3.3228e+05,3.438e+05,3.3018e+05,3.3534e+05,3.0456e+05,2.1042e+05,1.5432e+05,1.4556e+05,57480,1.3794e+05,2.3946e+05,2.8968e+05,2.9754e+05,3.048e+05,3.3228e+05,3.438e+05,3.3018e+05,3.3534e+05,3.0456e+05,2.1042e+05,1.5432e+05,1.4556e+05,47940,57480,1.3794e+05,2.3946e+05,2.8968e+05,2.9754e+05,3.048e+05,3.3228e+05,3.438e+05,3.3018e+05,3.3534e+05,3.0456e+05,2.1042e+05,1.5432e+05,1.4556e+05
1.3428e+05,1.3734e+05,1.3428e+05,1.872e+05,1.3734e+05,1.3428e+05,2.9124e+05,1.872e+05,1.3734e+05,1.3428e+05,3.3186e+05,2.9124e+05,1.872e+05,1.3734e+05,1.3428e+05,3.474e+05,3.3186e+05,2.9124e+05,1.872e+05,1.3734e+05,1.3428e+05,3.4086e+05,3.474e+05,3.3186e+05,2.9124e+05,1.872e+05,1.3734e+05,1.3428e+05,3.3492e+05,3.4086e+05,3.474e+05,3.3186e+05,2.9124e+05,1.872e+05,1.3734e+05,1.3428e+05,3.0978e+05,3.3492e+05,3.4086e+05,3.474e+05,3.3186e+05,2.9124e+05,1.872e+05,1.3734e+05,1.3428e+05,3.0054e+05,3.0978e+05,3.3492e+05,3.4086e+05,3.474e+05,3.3186e+05,2.9124e+05,1.872e+05,1.3734e+05,1.3428e+05,2.9346e+05,3.0054e+05,3.0978e+05,3.3492e+05,3.4086e+05,3.474e+05,3.3186e+05,2.9124e+05,1.872e+05,1.3734e+05,1.3428e+05,2.3976e+05,2.9346e+05,3.0054e+05,3.0978e+05,3.3492e+05,3.4086e+05,3.474e+05,3.3186e+05,2.9124e+05,1.872e+05,1.3734e+05,1.3428e+05,1.3818e+05,2.3976e+05,2.9346e+05,3.0054e+05,3.0978e+05,3.3492e+05,3.4086e+05,3.474e+05,3.3186e+05,2.9124e+05,1.872e+05,1.3734e+05,1.3428e+05,54240,1.3818e+05,2.3976e+05,2.9346e+05,3.0054e+05,3.0978e+05,3.3492e+05,3.4086e+05,3.474e+05,3.3186e+05,2.9124e+05,1.872e+05,1.3734e+05,1.3428e+05,45060,54240,1.3818e+05,2.3976e+05,2.9346e+05,3.0054e+05,3.0978e+05,3.3492e+05,3.4086e+05,3.474e+05,3.3186e+05,2.9124e+05,1.872e+05,1.3734e+05,1.3428e+05
1.3194e+05,1.4232e+05,1.3194e+05,1.911e+05,1.4232e+05,1.3194e+05,2.7642e+05,1.911e+05,1.4232e+05,1.3194e+05,2.8926e+05,2.7642e+05,1.911e+05,1.4232e+05,1.3194e+05,2.763e+05,2.8926e+05,2.7642e+05,1.911e+05,1.4232e+05,1.3194e+05,2.469e+05,2.763e+05,2.8926e+05,2.7642e+05,1.911e+05,1.4232e+05,1.3194e+05,2.4978e+05,2.469e+05,2.763e+05,2.8926e+05,2.7642e+05,1.911e+05,1.4232e+05,1.3194e+05,2.4222e+05,2.4978e+05,2.469e+05,2.763e+05,2.8926e+05,2.7642e+05,1.911e+05,1.4232e+05,1.3194e+05,2.3688e+05,2.4222e+05,2.4978e+05,2.469e+05,2.763e+05,2.8926e+05,2.7642e+05,1.911e+05,1.4232e+05,1.3194e+05,2.5308e+05,2.3688e+05,2.4222e+05,2.4978e+05,2.469e+05,2.763e+05,2.8926e+05,2.7642e+05,1.911e+05,1.4232e+05,1.3194e+05,2.3256e+05,2.5308e+05,2.3688e+05,2.4222e+05,2.4978e+05,2.469e+05,2.763e+05,2.8926e+05,2.7642e+05,1.911e+05,1.4232e+05,1.3194e+05,2.4288e+05,2.3256e+05,2.5308e+05,2.3688e+05,2.4222e+05,2.4978e+05,2.469e+05,2.763e+05,2.8926e+05,2.7642e+05,1.911e+05,1.4232e+05,1.3194e+05,1.4424e+05,2.4288e+05,2.3256e+05,2.5308e+05,2.3688e+05,2.4222e+05,2.4978e+05,2.469e+05,2.763e+05,2.8926e+05,2.7642e+05,1.911e+05,1.4232e+05,1.3194e+05,52140,1.4424e+05,2.4288e+05,2.3256e+05,2.5308e+05,2.3688e+05,2.4222e+05,2.4978e+05,2.469e+05,2.763e+05,2.8926e+05,2.7642e+05,1.911e+05,1.4232e+05,1.3194e+05
1.32e+05,1.3794e+05,1.32e+05,1.9566e+05,1.3794e+05,1.32e+05,2.8956e+05,1.9566e+05,1.3794e+05,1.32e+05,3.2112e+05,2.8956e+05,1.9566e+05,1.3794e+05,1.32e+05,3.3414e+05,3.2112e+05,2.8956e+05,1.9566e+05,1.3794e+05,1.32e+05,3.6768e+05,3.3414e+05,3.2112e+05,2.8956e+05,1.9566e+05,1.3794e+05,1.32e+05,1.3146e+05,3.6768e+05,3.3414e+05,3.2112e+05,2.8956e+05,1.9566e+05,1.3794e+05,1.32e+05,1.2654e+05,1.3146e+05,3.6768e+05,3.3414e+05,3.2112e+05,2.8956e+05,1.9566e+05,1.3794e+05,1.32e+05,1.2918e+05,1.2654e+05,1.3146e+05,3.6768e+05,3.3414e+05,3.2112e+05,2.8956e+05,1.9566e+05,1.3794e+05,1.32e+05,2.5152e+05,1.2918e+05,1.2654e+05,1.3146e+05,3.6768e+05,3.3414e+05,3.2112e+05,2.8956e+05,1.9566e+05,1.3794e+05,1.32e+05,2.5314e+05,2.5152e+05,1.2918e+05,1.2654e+05,1.3146e+05,3.6768e+05,3.3414e+05,3.2112e+05,2.8956e+05,1.9566e+05,1.3794e+05,1.32e+05,2.4996e+05,2.5314e+05,2.5152e+05,1.2918e+05,1.2654e+05,1.3146e+05,3.6768e+05,3.3414e+05,3.2112e+05,2.8956e+05,1.9566e+05,1.3794e+05,1.32e+05,1.5216e+05,2.4996e+05,2.5314e+05,2.5152e+05,1.2918e+05,1.2654e+05,1.3146e+05,3.6768e+05,3.3414e+05,3.2112e+05,2.8956e+05,1.9566e+05,1.3794e+05,1.32e+05,59520,1.5216e+05,2.4996e+05,2.5314e+05,2.5152e+05,1.2918e+05,1.2654e+05,1.3146e+05,3.6768e+05,3.3414e+05,3.2112e+05,2.8956e+05,1.9566e+05,1.3794e+05,1.32e+05
1.422e+05,1.5132e+05,1.422e+05,2.1198e+05,1.5132e+05,1.422e+05,2.9286e+05,2.1198e+05,1.5132e+05,1.422e+05,3.378e+05,2.9286e+05,2.1198e+05,1.5132e+05,1.422e+05,3.5262e+05,3.378e+05,2.9286e+05,2.1198e+05,1.5132e+05,1.422e+05,3.4668e+05,3.5262e+05,3.378e+05,2.9286e+05,2.1198e+05,1.5132e+05,1.422e+05,3.2076e+05,3.4668e+05,3.5262e+05,3.378e+05,2.9286e+05,2.1198e+05,1.5132e+05,1.422e+05,3.0144e+05,3.2076e+05,3.4668e+05,3.5262e+05,3.378e+05,2.9286e+05,2.1198e+05,1.5132e+05,1.422e+05,2.8854e+05,3.0144e+05,3.2076e+05,3.4668e+05,3.5262e+05,3.378e+05,2.9286e+05,2.1198e+05,1.5132e+05,1.422e+05,2.9802e+05,2.8854e+05,3.0144e+05,3.2076e+05,3.4668e+05,3.5262e+05,3.378e+05,2.9286e+05,2.1198e+05,1.5132e+05,1.422e+05,2.118e+05,2.9802e+05,2.8854e+05,3.0144e+05,3.2076e+05,3.4668e+05,3.5262e+05,3.378e+05,2.9286e+05,2.1198e+05,1.5132e+05,1.422e+05,2.0532e+05,2.118e+05,2.9802e+05,2.8854e+05,3.0144e+05,3.2076e+05,3.4668e+05,3.5262e+05,3.378e+05,2.9286e+05,2.1198e+05,1.5132e+05,1.422e+05,1.176e+05,2.0532e+05,2.118e+05,2.9802e+05,2.8854e+05,3.0144e+05,3.2076e+05,3.4668e+05,3.5262e+05,3.378e+05,2.9286e+05,2.1198e+05,1.5132e+05,1.422e+05,49800,1.176e+05,2.0532e+05,2.118e+05,2.9802e+05,2.8854e+05,3.0144e+05,3.2076e+05,3.4668e+05,3.5262e+05,3.378e+05,2.9286e+05,2.1198e+05,1.5132e+05,1.422e+05
1.2864e+05,1.3626e+05,1.2864e+05,1.923e+05,1.3626e+05,1.2864e+05,2.9022e+05,1.923e+05,1.3626e+05,1.2864e+05,3.225e+05,2.9022e+05,1.923e+05,1.3626e+05,1.2864e+05,3.282e+05,3.225e+05,2.9022e+05,1.923e+05,1.3626e+05,1.2864e+05,3.2562e+05,3.282e+05,3.225e+05,2.9022e+05,1.923e+05,1.3626e+05,1.2864e+05,3.0918e+05,3.2562e+05,3.282e+05,3.225e+05,2.9022e+05,1.923e+05,1.3626e+05,1.2864e+05,2.8992e+05,3.0918e+05,3.2562e+05,3.282e+05,3.225e+05,2.9022e+05,1.923e+05,1.3626e+05,1.2864e+05,2.7762e+05,2.8992e+05,3.0918e+05,3.2562e+05,3.282e+05,3.225e+05,2.9022e+05,1.923e+05,1.3626e+05,1.2864e+05,2.8794e+05,2.7762e+05,2.8992e+05,3.0918e+05,3.2562e+05,3.282e+05,3.225e+05,2.9022e+05,1.923e+05,1.3626e+05,1.2864e+05,2.2386e+05,2.8794e+05,2.7762e+05,2.8992e+05,3.0918e+05,3.2562e+05,3.282e+05,3.225e+05,2.9022e+05,1.923e+05,1.3626e+05,1.2864e+05,1.2624e+05,2.2386e+05,2.8794e+05,2.7762e+05,2.8992e+05,3.0918e+05,3.2562e+05,3.282e+05,3.225e+05,2.9022e+05,1.923e+05,1.3626e+05,1.2864e+05,55140,1.2624e+05,2.2386e+05,2.8794e+05,2.7762e+05,2.8992e+05,3.0918e+05,3.2562e+05,3.282e+05,3.225e+05,2.9022e+05,1.923e+05,1.3626e+05,1.2864e+05,46800,55140,1.2624e+05,2.2386e+05,2.8794e+05,2.7762e+05,2.8992e+05,3.0918e+05,3.2562e+05,3.282e+05,3.225e+05,2.9022e+05,1.923e+05,1.3626e+05,1.2864e+05
1.4622e+05,1.4808e+05,1.4622e+05,1.98e+05,1.4808e+05,1.4622e+05,2.9562e+05,1.98e+05,1.4808e+05,1.4622e+05,3.2706e+05,2.9562e+05,1.98e+05,1.4808e+05,1.4622e+05,3.2868e+05,3.2706e+05,2.9562e+05,1.98e+05,1.4808e+05,1.4622e+05,3.3222e+05,3.2868e+05,3.2706e+05,2.9562e+05,1.98e+05,1.4808e+05,1.4622e+05,3.132e+05,3.3222e+05,3.2868e+05,3.2706e+05,2.9562e+05,1.98e+05,1.4808e+05,1.4622e+05,2.9268e+05,3.132e+05,3.3222e+05,3.2868e+05,3.2706e+05,2.9562e+05,1.98e+05,1.4808e+05,1.4622e+05,2.8044e+05,2.9268e+05,3.132e+05,3.3222e+05,3.2868e+05,3.2706e+05,2.9562e+05,1.98e+05,1.4808e+05,1.4622e+05,2.8464e+05,2.8044e+05,2.9268e+05,3.132e+05,3.3222e+05,3.2868e+05,3.2706e+05,2.9562e+05,1.98e+05,1.4808e+05,1.4622e+05,2.106e+05,2.8464e+05,2.8044e+05,2.9268e+05,3.132e+05,3.3222e+05,3.2868e+05,3.2706e+05,2.9562e+05,1.98e+05,1.4808e+05,1.4622e+05,1.2822e+05,2.106e+05,2.8464e+05,2.8044e+05,2.9268e+05,3.132e+05,3.3222e+05,3.2868e+05,3.2706e+05,2.9562e+05,1.98e+05,1.4808e+05,1.4622e+05,55740,1.2822e+05,2.106e+05,2.8464e+05,2.8044e+05,2.9268e+05,3.132e+05,3.3222e+05,3.2868e+05,3.2706e+05,2.9562e+05,1.98e+05,1.4808e+05,1.4622e+05,45660,55740,1.2822e+05,2.106e+05,2.8464e+05,2.8044e+05,2.9268e+05,3.132e+05,3.3222e+05,3.2868e+05,3.2706e+05,2.9562e+05,1.98e+05,1.4808e+05,1.4622e+05
1.5318e+05,1.6122e+05,1.5318e+05,2.1414e+05,1.6122e+05,1.5318e+05,3.1716e+05,2.1414e+05,1.6122e+05,1.5318e+05,3.5844e+05,3.1716e+05,2.1414e+05,1.6122e+05,1.5318e+05,3.5718e+05,3.5844e+05,3.1716e+05,2.1414e+05,1.6122e+05,1.5318e+05,3.5742e+05,3.5718e+05,3.5844e+05,3.1716e+05,2.1414e+05,1.6122e+05,1.5318e+05,3.5202e+05,3.5742e+05,3.5718e+05,3.5844e+05,3.1716e+05,2.1414e+05,1.6122e+05,1.5318e+05,3.27e+05,3.5202e+05,3.5742e+05,3.5718e+05,3.5844e+05,3.1716e+05,2.1414e+05,1.6122e+05,1.5318e+05,3.303e+05,3.27e+05,3.5202e+05,3.5742e+05,3.5718e+05,3.5844e+05,3.1716e+05,2.1414e+05,1.6122e+05,1.5318e+05,3.1092e+05,3.303e+05,3.27e+05,3.5202e+05,3.5742e+05,3.5718e+05,3.5844e+05,3.1716e+05,2.1414e+05,1.6122e+05,1.5318e+05,2.3538e+05,3.1092e+05,3.303e+05,3.27e+05,3.5202e+05,3.5742e+05,3.5718e+05,3.5844e+05,3.1716e+05,2.1414e+05,1.6122e+05,1.5318e+05,2.2056e+05,2.3538e+05,3.1092e+05,3.303e+05,3.27e+05,3.5202e+05,3.5742e+05,3.5718e+05,3.5844e+05,3.1716e+05,2.1414e+05,1.6122e+05,1.5318e+05,1.2744e+05,2.2056e+05,2.3538e+05,3.1092e+05,3.303e+05,3.27e+05,3.5202e+05,3.5742e+05,3.5718e+05,3.5844e+05,3.1716e+05,2.1414e+05,1.6122e+05,1.5318e+05,48900,1.2744e+05,2.2056e+05,2.3538e+05,3.1092e+05,3.303e+05,3.27e+05,3.5202e+05,3.5742e+05,3.5718e+05,3.5844e+05,3.1716e+05,2.1414e+05,1.6122e+05,1.5318e+05
1.4622e+05,1.47e+05,1.4622e+05,2.1372e+05,1.47e+05,1.4622e+05,3.2082e+05,2.1372e+05,1.47e+05,1.4622e+05,3.5496e+05,3.2082e+05,2.1372e+05,1.47e+05,1.4622e+05,3.5922e+05,3.5496e+05,3.2082e+05,2.1372e+05,1.47e+05,1.4622e+05,3.6138e+05,3.5922e+05,3.5496e+05,3.2082e+05,2.1372e+05,1.47e+05,1.4622e+05,3.5034e+05,3.6138e+05,3.5922e+05,3.5496e+05,3.2082e+05,2.1372e+05,1.47e+05,1.4622e+05,3.2964e+05,3.5034e+05,3.6138e+05,3.5922e+05,3.5496e+05,3.2082e+05,2.1372e+05,1.47e+05,1.4622e+05,3.312e+05,3.2964e+05,3.5034e+05,3.6138e+05,3.5922e+05,3.5496e+05,3.2082e+05,2.1372e+05,1.47e+05,1.4622e+05,3.2664e+05,3.312e+05,3.2964e+05,3.5034e+05,3.6138e+05,3.5922e+05,3.5496e+05,3.2082e+05,2.1372e+05,1.47e+05,1.4622e+05,2.5614e+05,3.2664e+05,3.312e+05,3.2964e+05,3.5034e+05,3.6138e+05,3.5922e+05,3.5496e+05,3.2082e+05,2.1372e+05,1.47e+05,1.4622e+05,2.4894e+05,2.5614e+05,3.2664e+05,3.312e+05,3.2964e+05,3.5034e+05,3.6138e+05,3.5922e+05,3.5496e+05,3.2082e+05,2.1372e+05,1.47e+05,1.4622e+05,1.4052e+05,2.4894e+05,2.5614e+05,3.2664e+05,3.312e+05,3.2964e+05,3.5034e+05,3.6138e+05,3.5922e+05,3.5496e+05,3.2082e+05,2.1372e+05,1.47e+05,1.4622e+05,54840,1.4052e+05,2.4894e+05,2.5614e+05,3.2664e+05,3.312e+05,3.2964e+05,3.5034e+05,3.6138e+05,3.5922e+05,3.5496e+05,3.2082e+05,2.1372e+05,1.47e+05,1.4622e+05
1.4088e+05,1.4094e+05,1.4088e+05,1.9392e+05,1.4094e+05,1.4088e+05,3.0084e+05,1.9392e+05,1.4094e+05,1.4088e+05,3.5166e+05,3.0084e+05,1.9392e+05,1.4094e+05,1.4088e+05,3.501e+05,3.5166e+05,3.0084e+05,1.9392e+05,1.4094e+05,1.4088e+05,3.453e+05,3.501e+05,3.5166e+05,3.0084e+05,1.9392e+05,1.4094e+05,1.4088e+05,3.3186e+05,3.453e+05,3.501e+05,3.5166e+05,3.0084e+05,1.9392e+05,1.4094e+05,1.4088e+05,3.255e+05,3.3186e+05,3.453e+05,3.501e+05,3.5166e+05,3.0084e+05,1.9392e+05,1.4094e+05,1.4088e+05,3.105e+05,3.255e+05,3.3186e+05,3.453e+05,3.501e+05,3.5166e+05,3.0084e+05,1.9392e+05,1.4094e+05,1.4088e+05,3.198e+05,3.105e+05,3.255e+05,3.3186e+05,3.453e+05,3.501e+05,3.5166e+05,3.0084e+05,1.9392e+05,1.4094e+05,1.4088e+05,2.4282e+05,3.198e+05,3.105e+05,3.255e+05,3.3186e+05,3.453e+05,3.501e+05,3.5166e+05,3.0084e+05,1.9392e+05,1.4094e+05,1.4088e+05,2.3994e+05,2.4282e+05,3.198e+05,3.105e+05,3.255e+05,3.3186e+05,3.453e+05,3.501e+05,3.5166e+05,3.0084e+05,1.9392e+05,1.4094e+05,1.4088e+05,1.3878e+05,2.3994e+05,2.4282e+05,3.198e+05,3.105e+05,3.255e+05,3.3186e+05,3.453e+05,3.501e+05,3.5166e+05,3.0084e+05,1.9392e+05,1.4094e+05,1.4088e+05,51240,1.3878e+05,2.3994e+05,2.4282e+05,3.198e+05,3.105e+05,3.255e+05,3.3186e+05,3.453e+05,3.501e+05,3.5166e+05,3.0084e+05,1.9392e+05,1.4094e+05,1.4088e+05
1.4022e+05,1.3806e+05,1.4022e+05,1.9692e+05,1.3806e+05,1.4022e+05,3.0414e+05,1.9692e+05,1.3806e+05,1.4022e+05,3.5538e+05,3.0414e+05,1.9692e+05,1.3806e+05,1.4022e+05,3.5328e+05,3.5538e+05,3.0414e+05,1.9692e+05,1.3806e+05,1.4022e+05,3.4938e+05,3.5328e+05,3.5538e+05,3.0414e+05,1.9692e+05,1.3806e+05,1.4022e+05,3.3828e+05,3.4938e+05,3.5328e+05,3.5538e+05,3.0414e+05,1.9692e+05,1.3806e+05,1.4022e+05,3.33e+05,3.3828e+05,3.4938e+05,3.5328e+05,3.5538e+05,3.0414e+05,1.9692e+05,1.3806e+05,1.4022e+05,3.1164e+05,3.33e+05,3.3828e+05,3.4938e+05,3.5328e+05,3.5538e+05,3.0414e+05,1.9692e+05,1.3806e+05,1.4022e+05,3.1404e+05,3.1164e+05,3.33e+05,3.3828e+05,3.4938e+05,3.5328e+05,3.5538e+05,3.0414e+05,1.9692e+05,1.3806e+05,1.4022e+05,2.448e+05,3.1404e+05,3.1164e+05,3.33e+05,3.3828e+05,3.4938e+05,3.5328e+05,3.5538e+05,3.0414e+05,1.9692e+05,1.3806e+05,1.4022e+05,1.3998e+05,2.448e+05,3.1404e+05,3.1164e+05,3.33e+05,3.3828e+05,3.4938e+05,3.5328e+05,3.5538e+05,3.0414e+05,1.9692e+05,1.3806e+05,1.4022e+05,1.0818e+05,1.3998e+05,2.448e+05,3.1404e+05,3.1164e+05,3.33e+05,3.3828e+05,3.4938e+05,3.5328e+05,3.5538e+05,3.0414e+05,1.9692e+05,1.3806e+05,1.4022e+05,46980,1.0818e+05,1.3998e+05,2.448e+05,3.1404e+05,3.1164e+05,3.33e+05,3.3828e+05,3.4938e+05,3.5328e+05,3.5538e+05,3.0414e+05,1.9692e+05,1.3806e+05,1.4022e+05
1.446e+05,1.2786e+05,1.446e+05,1.8114e+05,1.2786e+05,1.446e+05,2.8932e+05,1.8114e+05,1.2786e+05,1.446e+05,3.3654e+05,2.8932e+05,1.8114e+05,1.2786e+05,1.446e+05,3.4422e+05,3.3654e+05,2.8932e+05,1.8114e+05,1.2786e+05,1.446e+05,3.4662e+05,3.4422e+05,3.3654e+05,2.8932e+05,1.8114e+05,1.2786e+05,1.446e+05,3.4584e+05,3.4662e+05,3.4422e+05,3.3654e+05,2.8932e+05,1.8114e+05,1.2786e+05,1.446e+05,3.2946e+05,3.4584e+05,3.4662e+05,3.4422e+05,3.3654e+05,2.8932e+05,1.8114e+05,1.2786e+05,1.446e+05,3.1422e+05,3.2946e+05,3.4584e+05,3.4662e+05,3.4422e+05,3.3654e+05,2.8932e+05,1.8114e+05,1.2786e+05,1.446e+05,3.2544e+05,3.1422e+05,3.2946e+05,3.4584e+05,3.4662e+05,3.4422e+05,3.3654e+05,2.8932e+05,1.8114e+05,1.2786e+05,1.446e+05,2.4882e+05,3.2544e+05,3.1422e+05,3.2946e+05,3.4584e+05,3.4662e+05,3.4422e+05,3.3654e+05,2.8932e+05,1.8114e+05,1.2786e+05,1.446e+05,2.4144e+05,2.4882e+05,3.2544e+05,3.1422e+05,3.2946e+05,3.4584e+05,3.4662e+05,3.4422e+05,3.3654e+05,2.8932e+05,1.8114e+05,1.2786e+05,1.446e+05,1.4166e+05,2.4144e+05,2.4882e+05,3.2544e+05,3.1422e+05,3.2946e+05,3.4584e+05,3.4662e+05,3.4422e+05,3.3654e+05,2.8932e+05,1.8114e+05,1.2786e+05,1.446e+05,52800,1.4166e+05,2.4144e+05,2.4882e+05,3.2544e+05,3.1422e+05,3.2946e+05,3.4584e+05,3.4662e+05,3.4422e+05,3.3654e+05,2.8932e+05,1.8114e+05,1.2786e+05,1.446e+05
1.5828e+05,1.4628e+05,1.5828e+05,2.0688e+05,1.4628e+05,1.5828e+05,3.1152e+05,2.0688e+05,1.4628e+05,1.5828e+05,3.5274e+05,3.1152e+05,2.0688e+05,1.4628e+05,1.5828e+05,3.5862e+05,3.5274e+05,3.1152e+05,2.0688e+05,1.4628e+05,1.5828e+05,3.6246e+05,3.5862e+05,3.5274e+05,3.1152e+05,2.0688e+05,1.4628e+05,1.5828e+05,3.5562e+05,3.6246e+05,3.5862e+05,3.5274e+05,3.1152e+05,2.0688e+05,1.4628e+05,1.5828e+05,3.4434e+05,3.5562e+05,3.6246e+05,3.5862e+05,3.5274e+05,3.1152e+05,2.0688e+05,1.4628e+05,1.5828e+05,3.2778e+05,3.4434e+05,3.5562e+05,3.6246e+05,3.5862e+05,3.5274e+05,3.1152e+05,2.0688e+05,1.4628e+05,1.5828e+05,3.174e+05,3.2778e+05,3.4434e+05,3.5562e+05,3.6246e+05,3.5862e+05,3.5274e+05,3.1152e+05,2.0688e+05,1.4628e+05,1.5828e+05,2.349e+05,3.174e+05,3.2778e+05,3.4434e+05,3.5562e+05,3.6246e+05,3.5862e+05,3.5274e+05,3.1152e+05,2.0688e+05,1.4628e+05,1.5828e+05,2.1966e+05,2.349e+05,3.174e+05,3.2778e+05,3.4434e+05,3.5562e+05,3.6246e+05,3.5862e+05,3.5274e+05,3.1152e+05,2.0688e+05,1.4628e+05,1.5828e+05,1.3704e+05,2.1966e+05,2.349e+05,3.174e+05,3.2778e+05,3.4434e+05,3.5562e+05,3.6246e+05,3.5862e+05,3.5274e+05,3.1152e+05,2.0688e+05,1.4628e+05,1.5828e+05,53040,1.3704e+05,2.1966e+05,2.349e+05,3.174e+05,3.2778e+05,3.4434e+05,3.5562e+05,3.6246e+05,3.5862e+05,3.5274e+05,3.1152e+05,2.0688e+05,1.4628e+05,1.5828e+05
1.3806e+05,1.3884e+05,1.3806e+05,2.0514e+05,1.3884e+05,1.3806e+05,2.9472e+05,2.0514e+05,1.3884e+05,1.3806e+05,3.2346e+05,2.9472e+05,2.0514e+05,1.3884e+05,1.3806e+05,3.1374e+05,3.2346e+05,2.9472e+05,2.0514e+05,1.3884e+05,1.3806e+05,3.2376e+05,3.1374e+05,3.2346e+05,2.9472e+05,2.0514e+05,1.3884e+05,1.3806e+05,3.246e+05,3.2376e+05,3.1374e+05,3.2346e+05,2.9472e+05,2.0514e+05,1.3884e+05,1.3806e+05,3.1962e+05,3.246e+05,3.2376e+05,3.1374e+05,3.2346e+05,2.9472e+05,2.0514e+05,1.3884e+05,1.3806e+05,3.1554e+05,3.1962e+05,3.246e+05,3.2376e+05,3.1374e+05,3.2346e+05,2.9472e+05,2.0514e+05,1.3884e+05,1.3806e+05,3.0768e+05,3.1554e+05,3.1962e+05,3.246e+05,3.2376e+05,3.1374e+05,3.2346e+05,2.9472e+05,2.0514e+05,1.3884e+05,1.3806e+05,2.466e+05,3.0768e+05,3.1554e+05,3.1962e+05,3.246e+05,3.2376e+05,3.1374e+05,3.2346e+05,2.9472e+05,2.0514e+05,1.3884e+05,1.3806e+05,2.46e+05,2.466e+05,3.0768e+05,3.1554e+05,3.1962e+05,3.246e+05,3.2376e+05,3.1374e+05,3.2346e+05,2.9472e+05,2.0514e+05,1.3884e+05,1.3806e+05,1.4598e+05,2.46e+05,2.466e+05,3.0768e+05,3.1554e+05,3.1962e+05,3.246e+05,3.2376e+05,3.1374e+05,3.2346e+05,2.9472e+05,2.0514e+05,1.3884e+05,1.3806e+05,54660,1.4598e+05,2.46e+05,2.466e+05,3.0768e+05,3.1554e+05,3.1962e+05,3.246e+05,3.2376e+05,3.1374e+05,3.2346e+05,2.9472e+05,2.0514e+05,1.3884e+05,1.3806e+05
1.4346e+05,1.3776e+05,1.4346e+05,2.0544e+05,1.3776e+05,1.4346e+05,3.0228e+05,2.0544e+05,1.3776e+05,1.4346e+05,3.375e+05,3.0228e+05,2.0544e+05,1.3776e+05,1.4346e+05,3.4758e+05,3.375e+05,3.0228e+05,2.0544e+05,1.3776e+05,1.4346e+05,3.3726e+05,3.4758e+05,3.375e+05,3.0228e+05,2.0544e+05,1.3776e+05,1.4346e+05,3.3174e+05,3.3726e+05,3.4758e+05,3.375e+05,3.0228e+05,2.0544e+05,1.3776e+05,1.4346e+05,3.2592e+05,3.3174e+05,3.3726e+05,3.4758e+05,3.375e+05,3.0228e+05,2.0544e+05,1.3776e+05,1.4346e+05,3.1608e+05,3.2592e+05,3.3174e+05,3.3726e+05,3.4758e+05,3.375e+05,3.0228e+05,2.0544e+05,1.3776e+05,1.4346e+05,3.0246e+05,3.1608e+05,3.2592e+05,3.3174e+05,3.3726e+05,3.4758e+05,3.375e+05,3.0228e+05,2.0544e+05,1.3776e+05,1.4346e+05,2.271e+05,3.0246e+05,3.1608e+05,3.2592e+05,3.3174e+05,3.3726e+05,3.4758e+05,3.375e+05,3.0228e+05,2.0544e+05,1.3776e+05,1.4346e+05,1.3218e+05,2.271e+05,3.0246e+05,3.1608e+05,3.2592e+05,3.3174e+05,3.3726e+05,3.4758e+05,3.375e+05,3.0228e+05,2.0544e+05,1.3776e+05,1.4346e+05,55620,1.3218e+05,2.271e+05,3.0246e+05,3.1608e+05,3.2592e+05,3.3174e+05,3.3726e+05,3.4758e+05,3.375e+05,3.0228e+05,2.0544e+05,1.3776e+05,1.4346e+05,46740,55620,1.3218e+05,2.271e+05,3.0246e+05,3.1608e+05,3.2592e+05,3.3174e+05,3.3726e+05,3.4758e+05,3.375e+05,3.0228e+05,2.0544e+05,1.3776e+05,1.4346e+05
1.356e+05,1.2864e+05,1.356e+05,1.941e+05,1.2864e+05,1.356e+05,2.754e+05,1.941e+05,1.2864e+05,1.356e+05,2.9652e+05,2.754e+05,1.941e+05,1.2864e+05,1.356e+05,3.0426e+05,2.9652e+05,2.754e+05,1.941e+05,1.2864e+05,1.356e+05,3.1074e+05,3.0426e+05,2.9652e+05,2.754e+05,1.941e+05,1.2864e+05,1.356e+05,3.1062e+05,3.1074e+05,3.0426e+05,2.9652e+05,2.754e+05,1.941e+05,1.2864e+05,1.356e+05,2.9424e+05,3.1062e+05,3.1074e+05,3.0426e+05,2.9652e+05,2.754e+05,1.941e+05,1.2864e+05,1.356e+05,2.8164e+05,2.9424e+05,3.1062e+05,3.1074e+05,3.0426e+05,2.9652e+05,2.754e+05,1.941e+05,1.2864e+05,1.356e+05,2.793e+05,2.8164e+05,2.9424e+05,3.1062e+05,3.1074e+05,3.0426e+05,2.9652e+05,2.754e+05,1.941e+05,1.2864e+05,1.356e+05,2.142e+05,2.793e+05,2.8164e+05,2.9424e+05,3.1062e+05,3.1074e+05,3.0426e+05,2.9652e+05,2.754e+05,1.941e+05,1.2864e+05,1.356e+05,1.2462e+05,2.142e+05,2.793e+05,2.8164e+05,2.9424e+05,3.1062e+05,3.1074e+05,3.0426e+05,2.9652e+05,2.754e+05,1.941e+05,1.2864e+05,1.356e+05,55140,1.2462e+05,2.142e+05,2.793e+05,2.8164e+05,2.9424e+05,3.1062e+05,3.1074e+05,3.0426e+05,2.9652e+05,2.754e+05,1.941e+05,1.2864e+05,1.356e+05,47400,55140,1.2462e+05,2.142e+05,2.793e+05,2.8164e+05,2.9424e+05,3.1062e+05,3.1074e+05,3.0426e+05,2.9652e+05,2.754e+05,1.941e+05,1.2864e+05,1.356e+05
1.2942e+05,1.2396e+05,1.2942e+05,1.794e+05,1.2396e+05,1.2942e+05,2.7618e+05,1.794e+05,1.2396e+05,1.2942e+05,2.991e+05,2.7618e+05,1.794e+05,1.2396e+05,1.2942e+05,3.105e+05,2.991e+05,2.7618e+05,1.794e+05,1.2396e+05,1.2942e+05,3.0444e+05,3.105e+05,2.991e+05,2.7618e+05,1.794e+05,1.2396e+05,1.2942e+05,2.8074e+05,3.0444e+05,3.105e+05,2.991e+05,2.7618e+05,1.794e+05,1.2396e+05,1.2942e+05,2.6292e+05,2.8074e+05,3.0444e+05,3.105e+05,2.991e+05,2.7618e+05,1.794e+05,1.2396e+05,1.2942e+05,2.658e+05,2.6292e+05,2.8074e+05,3.0444e+05,3.105e+05,2.991e+05,2.7618e+05,1.794e+05,1.2396e+05,1.2942e+05,2.6508e+05,2.658e+05,2.6292e+05,2.8074e+05,3.0444e+05,3.105e+05,2.991e+05,2.7618e+05,1.794e+05,1.2396e+05,1.2942e+05,1.9458e+05,2.6508e+05,2.658e+05,2.6292e+05,2.8074e+05,3.0444e+05,3.105e+05,2.991e+05,2.7618e+05,1.794e+05,1.2396e+05,1.2942e+05,1.437e+05,1.9458e+05,2.6508e+05,2.658e+05,2.6292e+05,2.8074e+05,3.0444e+05,3.105e+05,2.991e+05,2.7618e+05,1.794e+05,1.2396e+05,1.2942e+05,57780,1.437e+05,1.9458e+05,2.6508e+05,2.658e+05,2.6292e+05,2.8074e+05,3.0444e+05,3.105e+05,2.991e+05,2.7618e+05,1.794e+05,1.2396e+05,1.2942e+05,45780,57780,1.437e+05,1.9458e+05,2.6508e+05,2.658e+05,2.6292e+05,2.8074e+05,3.0444e+05,3.105e+05,2.991e+05,2.7618e+05,1.794e+05,1.2396e+05,1.2942e+05
1.4934e+05,1.7706e+05,1.4934e+05,2.496e+05,1.7706e+05,1.4934e+05,3.0384e+05,2.496e+05,1.7706e+05,1.4934e+05,3.1212e+05,3.0384e+05,2.496e+05,1.7706e+05,1.4934e+05,3.186e+05,3.1212e+05,3.0384e+05,2.496e+05,1.7706e+05,1.4934e+05,3.2448e+05,3.186e+05,3.1212e+05,3.0384e+05,2.496e+05,1.7706e+05,1.4934e+05,3.2574e+05,3.2448e+05,3.186e+05,3.1212e+05,3.0384e+05,2.496e+05,1.7706e+05,1.4934e+05,3.0258e+05,3.2574e+05,3.2448e+05,3.186e+05,3.1212e+05,3.0384e+05,2.496e+05,1.7706e+05,1.4934e+05,2.967e+05,3.0258e+05,3.2574e+05,3.2448e+05,3.186e+05,3.1212e+05,3.0384e+05,2.496e+05,1.7706e+05,1.4934e+05,2.9124e+05,2.967e+05,3.0258e+05,3.2574e+05,3.2448e+05,3.186e+05,3.1212e+05,3.0384e+05,2.496e+05,1.7706e+05,1.4934e+05,2.3676e+05,2.9124e+05,2.967e+05,3.0258e+05,3.2574e+05,3.2448e+05,3.186e+05,3.1212e+05,3.0384e+05,2.496e+05,1.7706e+05,1.4934e+05,1.2498e+05,2.3676e+05,2.9124e+05,2.967e+05,3.0258e+05,3.2574e+05,3.2448e+05,3.186e+05,3.1212e+05,3.0384e+05,2.496e+05,1.7706e+05,1.4934e+05,50160,1.2498e+05,2.3676e+05,2.9124e+05,2.967e+05,3.0258e+05,3.2574e+05,3.2448e+05,3.186e+05,3.1212e+05,3.0384e+05,2.496e+05,1.7706e+05,1.4934e+05,45960,50160,1.2498e+05,2.3676e+05,2.9124e+05,2.967e+05,3.0258e+05,3.2574e+05,3.2448e+05,3.186e+05,3.1212e+05,3.0384e+05,2.496e+05,1.7706e+05,1.4934e+05
1.251e+05,1.6164e+05,1.251e+05,2.1186e+05,1.6164e+05,1.251e+05,2.4906e+05,2.1186e+05,1.6164e+05,1.251e+05,2.7492e+05,2.4906e+05,2.1186e+05,1.6164e+05,1.251e+05,2.88e+05,2.7492e+05,2.4906e+05,2.1186e+05,1.6164e+05,1.251e+05,3.0456e+05,2.88e+05,2.7492e+05,2.4906e+05,2.1186e+05,1.6164e+05,1.251e+05,2.9886e+05,3.0456e+05,2.88e+05,2.7492e+05,2.4906e+05,2.1186e+05,1.6164e+05,1.251e+05,2.94e+05,2.9886e+05,3.0456e+05,2.88e+05,2.7492e+05,2.4906e+05,2.1186e+05,1.6164e+05,1.251e+05,2.8482e+05,2.94e+05,2.9886e+05,3.0456e+05,2.88e+05,2.7492e+05,2.4906e+05,2.1186e+05,1.6164e+05,1.251e+05,2.871e+05,2.8482e+05,2.94e+05,2.9886e+05,3.0456e+05,2.88e+05,2.7492e+05,2.4906e+05,2.1186e+05,1.6164e+05,1.251e+05,1.6278e+05,2.871e+05,2.8482e+05,2.94e+05,2.9886e+05,3.0456e+05,2.88e+05,2.7492e+05,2.4906e+05,2.1186e+05,1.6164e+05,1.251e+05,59580,1.6278e+05,2.871e+05,2.8482e+05,2.94e+05,2.9886e+05,3.0456e+05,2.88e+05,2.7492e+05,2.4906e+05,2.1186e+05,1.6164e+05,1.251e+05,51720,59580,1.6278e+05,2.871e+05,2.8482e+05,2.94e+05,2.9886e+05,3.0456e+05,2.88e+05,2.7492e+05,2.4906e+05,2.1186e+05,1.6164e+05,1.251e+05,51000,51720,59580,1.6278e+05,2.871e+05,2.8482e+05,2.94e+05,2.9886e+05,3.0456e+05,2.88e+05,2.7492e+05,2.4906e+05,2.1186e+05,1.6164e+05,1.251e+05
1.2444e+05,1.3728e+05,1.2444e+05,2.0514e+05,1.3728e+05,1.2444e+05,2.4654e+05,2.0514e+05,1.3728e+05,1.2444e+05,2.5758e+05,2.4654e+05,2.0514e+05,1.3728e+05,1.2444e+05,2.82e+05,2.5758e+05,2.4654e+05,2.0514e+05,1.3728e+05,1.2444e+05,2.7078e+05,2.82e+05,2.5758e+05,2.4654e+05,2.0514e+05,1.3728e+05,1.2444e+05,2.6196e+05,2.7078e+05,2.82e+05,2.5758e+05,2.4654e+05,2.0514e+05,1.3728e+05,1.2444e+05,2.7642e+05,2.6196e+05,2.7078e+05,2.82e+05,2.5758e+05,2.4654e+05,2.0514e+05,1.3728e+05,1.2444e+05,2.6742e+05,2.7642e+05,2.6196e+05,2.7078e+05,2.82e+05,2.5758e+05,2.4654e+05,2.0514e+05,1.3728e+05,1.2444e+05,2.6226e+05,2.6742e+05,2.7642e+05,2.6196e+05,2.7078e+05,2.82e+05,2.5758e+05,2.4654e+05,2.0514e+05,1.3728e+05,1.2444e+05,1.6068e+05,2.6226e+05,2.6742e+05,2.7642e+05,2.6196e+05,2.7078e+05,2.82e+05,2.5758e+05,2.4654e+05,2.0514e+05,1.3728e+05,1.2444e+05,61500,1.6068e+05,2.6226e+05,2.6742e+05,2.7642e+05,2.6196e+05,2.7078e+05,2.82e+05,2.5758e+05,2.4654e+05,2.0514e+05,1.3728e+05,1.2444e+05,49020,61500,1.6068e+05,2.6226e+05,2.6742e+05,2.7642e+05,2.6196e+05,2.7078e+05,2.82e+05,2.5758e+05,2.4654e+05,2.0514e+05,1.3728e+05,1.2444e+05,47340,49020,61500,1.6068e+05,2.6226e+05,2.6742e+05,2.7642e+05,2.6196e+05,2.7078e+05,2.82e+05,2.5758e+05,2.4654e+05,2.0514e+05,1.3728e+05,1.2444e+05
1.2024e+05,1.4544e+05,1.2024e+05,2.0562e+05,1.4544e+05,1.2024e+05,2.4246e+05,2.0562e+05,1.4544e+05,1.2024e+05,2.6982e+05,2.4246e+05,2.0562e+05,1.4544e+05,1.2024e+05,2.8158e+05,2.6982e+05,2.4246e+05,2.0562e+05,1.4544e+05,1.2024e+05,2.8716e+05,2.8158e+05,2.6982e+05,2.4246e+05,2.0562e+05,1.4544e+05,1.2024e+05,2.8344e+05,2.8716e+05,2.8158e+05,2.6982e+05,2.4246e+05,2.0562e+05,1.4544e+05,1.2024e+05,2.634e+05,2.8344e+05,2.8716e+05,2.8158e+05,2.6982e+05,2.4246e+05,2.0562e+05,1.4544e+05,1.2024e+05,2.5932e+05,2.634e+05,2.8344e+05,2.8716e+05,2.8158e+05,2.6982e+05,2.4246e+05,2.0562e+05,1.4544e+05,1.2024e+05,2.3862e+05,2.5932e+05,2.634e+05,2.8344e+05,2.8716e+05,2.8158e+05,2.6982e+05,2.4246e+05,2.0562e+05,1.4544e+05,1.2024e+05,1.5168e+05,2.3862e+05,2.5932e+05,2.634e+05,2.8344e+05,2.8716e+05,2.8158e+05,2.6982e+05,2.4246e+05,2.0562e+05,1.4544e+05,1.2024e+05,54600,1.5168e+05,2.3862e+05,2.5932e+05,2.634e+05,2.8344e+05,2.8716e+05,2.8158e+05,2.6982e+05,2.4246e+05,2.0562e+05,1.4544e+05,1.2024e+05,43980,54600,1.5168e+05,2.3862e+05,2.5932e+05,2.634e+05,2.8344e+05,2.8716e+05,2.8158e+05,2.6982e+05,2.4246e+05,2.0562e+05,1.4544e+05,1.2024e+05,42720,43980,54600,1.5168e+05,2.3862e+05,2.5932e+05,2.634e+05,2.8344e+05,2.8716e+05,2.8158e+05,2.6982e+05,2.4246e+05,2.0562e+05,1.4544e+05,1.2024e+05
1.1748e+05,1.4916e+05,1.1748e+05,2.019e+05,1.4916e+05,1.1748e+05,2.4762e+05,2.019e+05,1.4916e+05,1.1748e+05,2.628e+05,2.4762e+05,2.019e+05,1.4916e+05,1.1748e+05,2.6832e+05,2.628e+05,2.4762e+05,2.019e+05,1.4916e+05,1.1748e+05,2.8476e+05,2.6832e+05,2.628e+05,2.4762e+05,2.019e+05,1.4916e+05,1.1748e+05,2.7258e+05,2.8476e+05,2.6832e+05,2.628e+05,2.4762e+05,2.019e+05,1.4916e+05,1.1748e+05,2.754e+05,2.7258e+05,2.8476e+05,2.6832e+05,2.628e+05,2.4762e+05,2.019e+05,1.4916e+05,1.1748e+05,2.6262e+05,2.754e+05,2.7258e+05,2.8476e+05,2.6832e+05,2.628e+05,2.4762e+05,2.019e+05,1.4916e+05,1.1748e+05,2.541e+05,2.6262e+05,2.754e+05,2.7258e+05,2.8476e+05,2.6832e+05,2.628e+05,2.4762e+05,2.019e+05,1.4916e+05,1.1748e+05,1.7376e+05,2.541e+05,2.6262e+05,2.754e+05,2.7258e+05,2.8476e+05,2.6832e+05,2.628e+05,2.4762e+05,2.019e+05,1.4916e+05,1.1748e+05,95640,1.7376e+05,2.541e+05,2.6262e+05,2.754e+05,2.7258e+05,2.8476e+05,2.6832e+05,2.628e+05,2.4762e+05,2.019e+05,1.4916e+05,1.1748e+05,49020,95640,1.7376e+05,2.541e+05,2.6262e+05,2.754e+05,2.7258e+05,2.8476e+05,2.6832e+05,2.628e+05,2.4762e+05,2.019e+05,1.4916e+05,1.1748e+05,45180,49020,95640,1.7376e+05,2.541e+05,2.6262e+05,2.754e+05,2.7258e+05,2.8476e+05,2.6832e+05,2.628e+05,2.4762e+05,2.019e+05,1.4916e+05,1.1748e+05
1.53e+05,1.464e+05,1.53e+05,1.9164e+05,1.464e+05,1.53e+05,2.835e+05,1.9164e+05,1.464e+05,1.53e+05,2.5968e+05,2.835e+05,1.9164e+05,1.464e+05,1.53e+05,1.8966e+05,2.5968e+05,2.835e+05,1.9164e+05,1.464e+05,1.53e+05,3.18e+05,1.8966e+05,2.5968e+05,2.835e+05,1.9164e+05,1.464e+05,1.53e+05,3.0432e+05,3.18e+05,1.8966e+05,2.5968e+05,2.835e+05,1.9164e+05,1.464e+05,1.53e+05,2.655e+05,3.0432e+05,3.18e+05,1.8966e+05,2.5968e+05,2.835e+05,1.9164e+05,1.464e+05,1.53e+05,2.5896e+05,2.655e+05,3.0432e+05,3.18e+05,1.8966e+05,2.5968e+05,2.835e+05,1.9164e+05,1.464e+05,1.53e+05,2.349e+05,2.5896e+05,2.655e+05,3.0432e+05,3.18e+05,1.8966e+05,2.5968e+05,2.835e+05,1.9164e+05,1.464e+05,1.53e+05,1.8072e+05,2.349e+05,2.5896e+05,2.655e+05,3.0432e+05,3.18e+05,1.8966e+05,2.5968e+05,2.835e+05,1.9164e+05,1.464e+05,1.53e+05,1.1934e+05,1.8072e+05,2.349e+05,2.5896e+05,2.655e+05,3.0432e+05,3.18e+05,1.8966e+05,2.5968e+05,2.835e+05,1.9164e+05,1.464e+05,1.53e+05,53160,1.1934e+05,1.8072e+05,2.349e+05,2.5896e+05,2.655e+05,3.0432e+05,3.18e+05,1.8966e+05,2.5968e+05,2.835e+05,1.9164e+05,1.464e+05,1.53e+05,43860,53160,1.1934e+05,1.8072e+05,2.349e+05,2.5896e+05,2.655e+05,3.0432e+05,3.18e+05,1.8966e+05,2.5968e+05,2.835e+05,1.9164e+05,1.464e+05,1.53e+05
1.4244e+05,1.5198e+05,1.4244e+05,1.8714e+05,1.5198e+05,1.4244e+05,2.745e+05,1.8714e+05,1.5198e+05,1.4244e+05,3.0558e+05,2.745e+05,1.8714e+05,1.5198e+05,1.4244e+05,3.1146e+05,3.0558e+05,2.745e+05,1.8714e+05,1.5198e+05,1.4244e+05,3.2154e+05,3.1146e+05,3.0558e+05,2.745e+05,1.8714e+05,1.5198e+05,1.4244e+05,3.1344e+05,3.2154e+05,3.1146e+05,3.0558e+05,2.745e+05,1.8714e+05,1.5198e+05,1.4244e+05,3.0168e+05,3.1344e+05,3.2154e+05,3.1146e+05,3.0558e+05,2.745e+05,1.8714e+05,1.5198e+05,1.4244e+05,2.8248e+05,3.0168e+05,3.1344e+05,3.2154e+05,3.1146e+05,3.0558e+05,2.745e+05,1.8714e+05,1.5198e+05,1.4244e+05,2.7084e+05,2.8248e+05,3.0168e+05,3.1344e+05,3.2154e+05,3.1146e+05,3.0558e+05,2.745e+05,1.8714e+05,1.5198e+05,1.4244e+05,2.04e+05,2.7084e+05,2.8248e+05,3.0168e+05,3.1344e+05,3.2154e+05,3.1146e+05,3.0558e+05,2.745e+05,1.8714e+05,1.5198e+05,1.4244e+05,1.2066e+05,2.04e+05,2.7084e+05,2.8248e+05,3.0168e+05,3.1344e+05,3.2154e+05,3.1146e+05,3.0558e+05,2.745e+05,1.8714e+05,1.5198e+05,1.4244e+05,58260,1.2066e+05,2.04e+05,2.7084e+05,2.8248e+05,3.0168e+05,3.1344e+05,3.2154e+05,3.1146e+05,3.0558e+05,2.745e+05,1.8714e+05,1.5198e+05,1.4244e+05,49680,58260,1.2066e+05,2.04e+05,2.7084e+05,2.8248e+05,3.0168e+05,3.1344e+05,3.2154e+05,3.1146e+05,3.0558e+05,2.745e+05,1.8714e+05,1.5198e+05,1.4244e+05
1.515e+05,1.4754e+05,1.515e+05,1.9338e+05,1.4754e+05,1.515e+05,2.8458e+05,1.9338e+05,1.4754e+05,1.515e+05,3.1074e+05,2.8458e+05,1.9338e+05,1.4754e+05,1.515e+05,3.21e+05,3.1074e+05,2.8458e+05,1.9338e+05,1.4754e+05,1.515e+05,3.1758e+05,3.21e+05,3.1074e+05,2.8458e+05,1.9338e+05,1.4754e+05,1.515e+05,3.0768e+05,3.1758e+05,3.21e+05,3.1074e+05,2.8458e+05,1.9338e+05,1.4754e+05,1.515e+05,3.0012e+05,3.0768e+05,3.1758e+05,3.21e+05,3.1074e+05,2.8458e+05,1.9338e+05,1.4754e+05,1.515e+05,2.904e+05,3.0012e+05,3.0768e+05,3.1758e+05,3.21e+05,3.1074e+05,2.8458e+05,1.9338e+05,1.4754e+05,1.515e+05,2.8992e+05,2.904e+05,3.0012e+05,3.0768e+05,3.1758e+05,3.21e+05,3.1074e+05,2.8458e+05,1.9338e+05,1.4754e+05,1.515e+05,2.1396e+05,2.8992e+05,2.904e+05,3.0012e+05,3.0768e+05,3.1758e+05,3.21e+05,3.1074e+05,2.8458e+05,1.9338e+05,1.4754e+05,1.515e+05,1.218e+05,2.1396e+05,2.8992e+05,2.904e+05,3.0012e+05,3.0768e+05,3.1758e+05,3.21e+05,3.1074e+05,2.8458e+05,1.9338e+05,1.4754e+05,1.515e+05,58500,1.218e+05,2.1396e+05,2.8992e+05,2.904e+05,3.0012e+05,3.0768e+05,3.1758e+05,3.21e+05,3.1074e+05,2.8458e+05,1.9338e+05,1.4754e+05,1.515e+05,47880,58500,1.218e+05,2.1396e+05,2.8992e+05,2.904e+05,3.0012e+05,3.0768e+05,3.1758e+05,3.21e+05,3.1074e+05,2.8458e+05,1.9338e+05,1.4754e+05,1.515e+05
1.6152e+05,1.6104e+05,1.6152e+05,2.037e+05,1.6104e+05,1.6152e+05,2.7738e+05,2.037e+05,1.6104e+05,1.6152e+05,3.1584e+05,2.7738e+05,2.037e+05,1.6104e+05,1.6152e+05,3.2118e+05,3.1584e+05,2.7738e+05,2.037e+05,1.6104e+05,1.6152e+05,3.3084e+05,3.2118e+05,3.1584e+05,2.7738e+05,2.037e+05,1.6104e+05,1.6152e+05,3.1914e+05,3.3084e+05,3.2118e+05,3.1584e+05,2.7738e+05,2.037e+05,1.6104e+05,1.6152e+05,3.0786e+05,3.1914e+05,3.3084e+05,3.2118e+05,3.1584e+05,2.7738e+05,2.037e+05,1.6104e+05,1.6152e+05,2.8242e+05,3.0786e+05,3.1914e+05,3.3084e+05,3.2118e+05,3.1584e+05,2.7738e+05,2.037e+05,1.6104e+05,1.6152e+05,3.1038e+05,2.8242e+05,3.0786e+05,3.1914e+05,3.3084e+05,3.2118e+05,3.1584e+05,2.7738e+05,2.037e+05,1.6104e+05,1.6152e+05,2.2068e+05,3.1038e+05,2.8242e+05,3.0786e+05,3.1914e+05,3.3084e+05,3.2118e+05,3.1584e+05,2.7738e+05,2.037e+05,1.6104e+05,1.6152e+05,1.884e+05,2.2068e+05,3.1038e+05,2.8242e+05,3.0786e+05,3.1914e+05,3.3084e+05,3.2118e+05,3.1584e+05,2.7738e+05,2.037e+05,1.6104e+05,1.6152e+05,1.3548e+05,1.884e+05,2.2068e+05,3.1038e+05,2.8242e+05,3.0786e+05,3.1914e+05,3.3084e+05,3.2118e+05,3.1584e+05,2.7738e+05,2.037e+05,1.6104e+05,1.6152e+05,52620,1.3548e+05,1.884e+05,2.2068e+05,3.1038e+05,2.8242e+05,3.0786e+05,3.1914e+05,3.3084e+05,3.2118e+05,3.1584e+05,2.7738e+05,2.037e+05,1.6104e+05,1.6152e+05
1.2252e+05,1.4274e+05,1.2252e+05,1.872e+05,1.4274e+05,1.2252e+05,2.8068e+05,1.872e+05,1.4274e+05,1.2252e+05,3.0216e+05,2.8068e+05,1.872e+05,1.4274e+05,1.2252e+05,3.312e+05,3.0216e+05,2.8068e+05,1.872e+05,1.4274e+05,1.2252e+05,3.3276e+05,3.312e+05,3.0216e+05,2.8068e+05,1.872e+05,1.4274e+05,1.2252e+05,3.312e+05,3.3276e+05,3.312e+05,3.0216e+05,2.8068e+05,1.872e+05,1.4274e+05,1.2252e+05,3.2304e+05,3.312e+05,3.3276e+05,3.312e+05,3.0216e+05,2.8068e+05,1.872e+05,1.4274e+05,1.2252e+05,3.09e+05,3.2304e+05,3.312e+05,3.3276e+05,3.312e+05,3.0216e+05,2.8068e+05,1.872e+05,1.4274e+05,1.2252e+05,3.0942e+05,3.09e+05,3.2304e+05,3.312e+05,3.3276e+05,3.312e+05,3.0216e+05,2.8068e+05,1.872e+05,1.4274e+05,1.2252e+05,2.2362e+05,3.0942e+05,3.09e+05,3.2304e+05,3.312e+05,3.3276e+05,3.312e+05,3.0216e+05,2.8068e+05,1.872e+05,1.4274e+05,1.2252e+05,1.9512e+05,2.2362e+05,3.0942e+05,3.09e+05,3.2304e+05,3.312e+05,3.3276e+05,3.312e+05,3.0216e+05,2.8068e+05,1.872e+05,1.4274e+05,1.2252e+05,1.3194e+05,1.9512e+05,2.2362e+05,3.0942e+05,3.09e+05,3.2304e+05,3.312e+05,3.3276e+05,3.312e+05,3.0216e+05,2.8068e+05,1.872e+05,1.4274e+05,1.2252e+05,53880,1.3194e+05,1.9512e+05,2.2362e+05,3.0942e+05,3.09e+05,3.2304e+05,3.312e+05,3.3276e+05,3.312e+05,3.0216e+05,2.8068e+05,1.872e+05,1.4274e+05,1.2252e+05
1.3602e+05,1.3488e+05,1.3602e+05,1.5894e+05,1.3488e+05,1.3602e+05,2.358e+05,1.5894e+05,1.3488e+05,1.3602e+05,2.6046e+05,2.358e+05,1.5894e+05,1.3488e+05,1.3602e+05,2.6292e+05,2.6046e+05,2.358e+05,1.5894e+05,1.3488e+05,1.3602e+05,2.754e+05,2.6292e+05,2.6046e+05,2.358e+05,1.5894e+05,1.3488e+05,1.3602e+05,2.5872e+05,2.754e+05,2.6292e+05,2.6046e+05,2.358e+05,1.5894e+05,1.3488e+05,1.3602e+05,2.5056e+05,2.5872e+05,2.754e+05,2.6292e+05,2.6046e+05,2.358e+05,1.5894e+05,1.3488e+05,1.3602e+05,2.3616e+05,2.5056e+05,2.5872e+05,2.754e+05,2.6292e+05,2.6046e+05,2.358e+05,1.5894e+05,1.3488e+05,1.3602e+05,2.3922e+05,2.3616e+05,2.5056e+05,2.5872e+05,2.754e+05,2.6292e+05,2.6046e+05,2.358e+05,1.5894e+05,1.3488e+05,1.3602e+05,1.77e+05,2.3922e+05,2.3616e+05,2.5056e+05,2.5872e+05,2.754e+05,2.6292e+05,2.6046e+05,2.358e+05,1.5894e+05,1.3488e+05,1.3602e+05,1.3584e+05,1.77e+05,2.3922e+05,2.3616e+05,2.5056e+05,2.5872e+05,2.754e+05,2.6292e+05,2.6046e+05,2.358e+05,1.5894e+05,1.3488e+05,1.3602e+05,86940,1.3584e+05,1.77e+05,2.3922e+05,2.3616e+05,2.5056e+05,2.5872e+05,2.754e+05,2.6292e+05,2.6046e+05,2.358e+05,1.5894e+05,1.3488e+05,1.3602e+05,65340,86940,1.3584e+05,1.77e+05,2.3922e+05,2.3616e+05,2.5056e+05,2.5872e+05,2.754e+05,2.6292e+05,2.6046e+05,2.358e+05,1.5894e+05,1.3488e+05,1.3602e+05
1.3932e+05,1.4376e+05,1.3932e+05,1.7502e+05,1.4376e+05,1.3932e+05,2.5194e+05,1.7502e+05,1.4376e+05,1.3932e+05,2.751e+05,2.5194e+05,1.7502e+05,1.4376e+05,1.3932e+05,2.7036e+05,2.751e+05,2.5194e+05,1.7502e+05,1.4376e+05,1.3932e+05,2.7606e+05,2.7036e+05,2.751e+05,2.5194e+05,1.7502e+05,1.4376e+05,1.3932e+05,2.6424e+05,2.7606e+05,2.7036e+05,2.751e+05,2.5194e+05,1.7502e+05,1.4376e+05,1.3932e+05,2.6484e+05,2.6424e+05,2.7606e+05,2.7036e+05,2.751e+05,2.5194e+05,1.7502e+05,1.4376e+05,1.3932e+05,2.5656e+05,2.6484e+05,2.6424e+05,2.7606e+05,2.7036e+05,2.751e+05,2.5194e+05,1.7502e+05,1.4376e+05,1.3932e+05,2.5368e+05,2.5656e+05,2.6484e+05,2.6424e+05,2.7606e+05,2.7036e+05,2.751e+05,2.5194e+05,1.7502e+05,1.4376e+05,1.3932e+05,1.8612e+05,2.5368e+05,2.5656e+05,2.6484e+05,2.6424e+05,2.7606e+05,2.7036e+05,2.751e+05,2.5194e+05,1.7502e+05,1.4376e+05,1.3932e+05,1.299e+05,1.8612e+05,2.5368e+05,2.5656e+05,2.6484e+05,2.6424e+05,2.7606e+05,2.7036e+05,2.751e+05,2.5194e+05,1.7502e+05,1.4376e+05,1.3932e+05,69420,1.299e+05,1.8612e+05,2.5368e+05,2.5656e+05,2.6484e+05,2.6424e+05,2.7606e+05,2.7036e+05,2.751e+05,2.5194e+05,1.7502e+05,1.4376e+05,1.3932e+05,49680,69420,1.299e+05,1.8612e+05,2.5368e+05,2.5656e+05,2.6484e+05,2.6424e+05,2.7606e+05,2.7036e+05,2.751e+05,2.5194e+05,1.7502e+05,1.4376e+05,1.3932e+05
1.3482e+05,1.32e+05,1.3482e+05,1.659e+05,1.32e+05,1.3482e+05,2.574e+05,1.659e+05,1.32e+05,1.3482e+05,2.8698e+05,2.574e+05,1.659e+05,1.32e+05,1.3482e+05,2.9466e+05,2.8698e+05,2.574e+05,1.659e+05,1.32e+05,1.3482e+05,2.8818e+05,2.9466e+05,2.8698e+05,2.574e+05,1.659e+05,1.32e+05,1.3482e+05,2.7648e+05,2.8818e+05,2.9466e+05,2.8698e+05,2.574e+05,1.659e+05,1.32e+05,1.3482e+05,2.6376e+05,2.7648e+05,2.8818e+05,2.9466e+05,2.8698e+05,2.574e+05,1.659e+05,1.32e+05,1.3482e+05,2.6868e+05,2.6376e+05,2.7648e+05,2.8818e+05,2.9466e+05,2.8698e+05,2.574e+05,1.659e+05,1.32e+05,1.3482e+05,2.5266e+05,2.6868e+05,2.6376e+05,2.7648e+05,2.8818e+05,2.9466e+05,2.8698e+05,2.574e+05,1.659e+05,1.32e+05,1.3482e+05,1.7994e+05,2.5266e+05,2.6868e+05,2.6376e+05,2.7648e+05,2.8818e+05,2.9466e+05,2.8698e+05,2.574e+05,1.659e+05,1.32e+05,1.3482e+05,1.2714e+05,1.7994e+05,2.5266e+05,2.6868e+05,2.6376e+05,2.7648e+05,2.8818e+05,2.9466e+05,2.8698e+05,2.574e+05,1.659e+05,1.32e+05,1.3482e+05,79320,1.2714e+05,1.7994e+05,2.5266e+05,2.6868e+05,2.6376e+05,2.7648e+05,2.8818e+05,2.9466e+05,2.8698e+05,2.574e+05,1.659e+05,1.32e+05,1.3482e+05,45060,79320,1.2714e+05,1.7994e+05,2.5266e+05,2.6868e+05,2.6376e+05,2.7648e+05,2.8818e+05,2.9466e+05,2.8698e+05,2.574e+05,1.659e+05,1.32e+05,1.3482e+05
1.5504e+05,1.4094e+05,1.5504e+05,1.6512e+05,1.4094e+05,1.5504e+05,2.3958e+05,1.6512e+05,1.4094e+05,1.5504e+05,2.5476e+05,2.3958e+05,1.6512e+05,1.4094e+05,1.5504e+05,2.6046e+05,2.5476e+05,2.3958e+05,1.6512e+05,1.4094e+05,1.5504e+05,2.7396e+05,2.6046e+05,2.5476e+05,2.3958e+05,1.6512e+05,1.4094e+05,1.5504e+05,2.595e+05,2.7396e+05,2.6046e+05,2.5476e+05,2.3958e+05,1.6512e+05,1.4094e+05,1.5504e+05,2.514e+05,2.595e+05,2.7396e+05,2.6046e+05,2.5476e+05,2.3958e+05,1.6512e+05,1.4094e+05,1.5504e+05,2.4642e+05,2.514e+05,2.595e+05,2.7396e+05,2.6046e+05,2.5476e+05,2.3958e+05,1.6512e+05,1.4094e+05,1.5504e+05,2.661e+05,2.4642e+05,2.514e+05,2.595e+05,2.7396e+05,2.6046e+05,2.5476e+05,2.3958e+05,1.6512e+05,1.4094e+05,1.5504e+05,1.8222e+05,2.661e+05,2.4642e+05,2.514e+05,2.595e+05,2.7396e+05,2.6046e+05,2.5476e+05,2.3958e+05,1.6512e+05,1.4094e+05,1.5504e+05,1.3734e+05,1.8222e+05,2.661e+05,2.4642e+05,2.514e+05,2.595e+05,2.7396e+05,2.6046e+05,2.5476e+05,2.3958e+05,1.6512e+05,1.4094e+05,1.5504e+05,1.0548e+05,1.3734e+05,1.8222e+05,2.661e+05,2.4642e+05,2.514e+05,2.595e+05,2.7396e+05,2.6046e+05,2.5476e+05,2.3958e+05,1.6512e+05,1.4094e+05,1.5504e+05,60120,1.0548e+05,1.3734e+05,1.8222e+05,2.661e+05,2.4642e+05,2.514e+05,2.595e+05,2.7396e+05,2.6046e+05,2.5476e+05,2.3958e+05,1.6512e+05,1.4094e+05,1.5504e+05
1.125e+05,1.2066e+05,1.125e+05,1.437e+05,1.2066e+05,1.125e+05,2.388e+05,1.437e+05,1.2066e+05,1.125e+05,2.7036e+05,2.388e+05,1.437e+05,1.2066e+05,1.125e+05,2.7516e+05,2.7036e+05,2.388e+05,1.437e+05,1.2066e+05,1.125e+05,2.79e+05,2.7516e+05,2.7036e+05,2.388e+05,1.437e+05,1.2066e+05,1.125e+05,2.6274e+05,2.79e+05,2.7516e+05,2.7036e+05,2.388e+05,1.437e+05,1.2066e+05,1.125e+05,2.5638e+05,2.6274e+05,2.79e+05,2.7516e+05,2.7036e+05,2.388e+05,1.437e+05,1.2066e+05,1.125e+05,2.4114e+05,2.5638e+05,2.6274e+05,2.79e+05,2.7516e+05,2.7036e+05,2.388e+05,1.437e+05,1.2066e+05,1.125e+05,2.6148e+05,2.4114e+05,2.5638e+05,2.6274e+05,2.79e+05,2.7516e+05,2.7036e+05,2.388e+05,1.437e+05,1.2066e+05,1.125e+05,1.8054e+05,2.6148e+05,2.4114e+05,2.5638e+05,2.6274e+05,2.79e+05,2.7516e+05,2.7036e+05,2.388e+05,1.437e+05,1.2066e+05,1.125e+05,1.4166e+05,1.8054e+05,2.6148e+05,2.4114e+05,2.5638e+05,2.6274e+05,2.79e+05,2.7516e+05,2.7036e+05,2.388e+05,1.437e+05,1.2066e+05,1.125e+05,1.1634e+05,1.4166e+05,1.8054e+05,2.6148e+05,2.4114e+05,2.5638e+05,2.6274e+05,2.79e+05,2.7516e+05,2.7036e+05,2.388e+05,1.437e+05,1.2066e+05,1.125e+05,60660,1.1634e+05,1.4166e+05,1.8054e+05,2.6148e+05,2.4114e+05,2.5638e+05,2.6274e+05,2.79e+05,2.7516e+05,2.7036e+05,2.388e+05,1.437e+05,1.2066e+05,1.125e+05
58200,55320,58200,39660,55320,58200,34920,39660,55320,58200,33840,34920,39660,55320,58200,34020,33840,34920,39660,55320,58200,34320,34020,33840,34920,39660,55320,58200,33360,34320,34020,33840,34920,39660,55320,58200,33540,33360,34320,34020,33840,34920,39660,55320,58200,39060,33540,33360,34320,34020,33840,34920,39660,55320,58200,52020,39060,33540,33360,34320,34020,33840,34920,39660,55320,58200,51540,52020,39060,33540,33360,34320,34020,33840,34920,39660,55320,58200,49260,51540,52020,39060,33540,33360,34320,34020,33840,34920,39660,55320,58200,46080,49260,51540,52020,39060,33540,33360,34320,34020,33840,34920,39660,55320,58200,42360,46080,49260,51540,52020,39060,33540,33360,34320,34020,33840,34920,39660,55320,58200
59700,57180,59700,45120,57180,59700,46020,45120,57180,59700,46200,46020,45120,57180,59700,51780,46200,46020,45120,57180,59700,53280,51780,46200,46020,45120,57180,59700,52200,53280,51780,46200,46020,45120,57180,59700,52020,52200,53280,51780,46200,46020,45120,57180,59700,40320,52020,52200,53280,51780,46200,46020,45120,57180,59700,53280,40320,52020,52200,53280,51780,46200,46020,45120,57180,59700,53400,53280,40320,52020,52200,53280,51780,46200,46020,45120,57180,59700,50040,53400,53280,40320,52020,52200,53280,51780,46200,46020,45120,57180,59700,48600,50040,53400,53280,40320,52020,52200,53280,51780,46200,46020,45120,57180,59700,43260,48600,50040,53400,53280,40320,52020,52200,53280,51780,46200,46020,45120,57180,59700
60300,55080,60300,41880,55080,60300,36720,41880,55080,60300,34440,36720,41880,55080,60300,33900,34440,36720,41880,55080,60300,36480,33900,34440,36720,41880,55080,60300,39000,36480,33900,34440,36720,41880,55080,60300,37620,39000,36480,33900,34440,36720,41880,55080,60300,37500,37620,39000,36480,33900,34440,36720,41880,55080,60300,51000,37500,37620,39000,36480,33900,34440,36720,41880,55080,60300,54720,51000,37500,37620,39000,36480,33900,34440,36720,41880,55080,60300,47580,54720,51000,37500,37620,39000,36480,33900,34440,36720,41880,55080,60300,45600,47580,54720,51000,37500,37620,39000,36480,33900,34440,36720,41880,55080,60300,41160,45600,47580,54720,51000,37500,37620,39000,36480,33900,34440,36720,41880,55080,60300
52380,51840,52380,51000,51840,52380,50760,51000,51840,52380,48000,50760,51000,51840,52380,50100,48000,50760,51000,51840,52380,49920,50100,48000,50760,51000,51840,52380,49020,49920,50100,48000,50760,51000,51840,52380,47880,49020,49920,50100,48000,50760,51000,51840,52380,48420,47880,49020,49920,50100,48000,50760,51000,51840,52380,48900,48420,47880,49020,49920,50100,48000,50760,51000,51840,52380,48000,48900,48420,47880,49020,49920,50100,48000,50760,51000,51840,52380,47820,48000,48900,48420,47880,49020,49920,50100,48000,50760,51000,51840,52380,46200,47820,48000,48900,48420,47880,49020,49920,50100,48000,50760,51000,51840,52380,41700,46200,47820,48000,48900,48420,47880,49020,49920,50100,48000,50760,51000,51840,52380
47040,39420,47040,30600,39420,47040,30600,30600,39420,47040,29880,30600,30600,39420,47040,29520,29880,30600,30600,39420,47040,30960,29520,29880,30600,30600,39420,47040,33300,30960,29520,29880,30600,30600,39420,47040,33120,33300,30960,29520,29880,30600,30600,39420,47040,40320,33120,33300,30960,29520,29880,30600,30600,39420,47040,55500,40320,33120,33300,30960,29520,29880,30600,30600,39420,47040,55980,55500,40320,33120,33300,30960,29520,29880,30600,30600,39420,47040,53940,55980,55500,40320,33120,33300,30960,29520,29880,30600,30600,39420,47040,49560,53940,55980,55500,40320,33120,33300,30960,29520,29880,30600,30600,39420,47040,45360,49560,53940,55980,55500,40320,33120,33300,30960,29520,29880,30600,30600,39420,47040
1.269e+05,1.2252e+05,1.269e+05,1.6008e+05,1.2252e+05,1.269e+05,2.493e+05,1.6008e+05,1.2252e+05,1.269e+05,2.76e+05,2.493e+05,1.6008e+05,1.2252e+05,1.269e+05,2.9232e+05,2.76e+05,2.493e+05,1.6008e+05,1.2252e+05,1.269e+05,2.979e+05,2.9232e+05,2.76e+05,2.493e+05,1.6008e+05,1.2252e+05,1.269e+05,2.817e+05,2.979e+05,2.9232e+05,2.76e+05,2.493e+05,1.6008e+05,1.2252e+05,1.269e+05,2.8248e+05,2.817e+05,2.979e+05,2.9232e+05,2.76e+05,2.493e+05,1.6008e+05,1.2252e+05,1.269e+05,2.8056e+05,2.8248e+05,2.817e+05,2.979e+05,2.9232e+05,2.76e+05,2.493e+05,1.6008e+05,1.2252e+05,1.269e+05,2.652e+05,2.8056e+05,2.8248e+05,2.817e+05,2.979e+05,2.9232e+05,2.76e+05,2.493e+05,1.6008e+05,1.2252e+05,1.269e+05,1.7424e+05,2.652e+05,2.8056e+05,2.8248e+05,2.817e+05,2.979e+05,2.9232e+05,2.76e+05,2.493e+05,1.6008e+05,1.2252e+05,1.269e+05,1.1634e+05,1.7424e+05,2.652e+05,2.8056e+05,2.8248e+05,2.817e+05,2.979e+05,2.9232e+05,2.76e+05,2.493e+05,1.6008e+05,1.2252e+05,1.269e+05,58380,1.1634e+05,1.7424e+05,2.652e+05,2.8056e+05,2.8248e+05,2.817e+05,2.979e+05,2.9232e+05,2.76e+05,2.493e+05,1.6008e+05,1.2252e+05,1.269e+05,42420,58380,1.1634e+05,1.7424e+05,2.652e+05,2.8056e+05,2.8248e+05,2.817e+05,2.979e+05,2.9232e+05,2.76e+05,2.493e+05,1.6008e+05,1.2252e+05,1.269e+05
1.2114e+05,1.2438e+05,1.2114e+05,1.5168e+05,1.2438e+05,1.2114e+05,2.238e+05,1.5168e+05,1.2438e+05,1.2114e+05,2.469e+05,2.238e+05,1.5168e+05,1.2438e+05,1.2114e+05,2.5464e+05,2.469e+05,2.238e+05,1.5168e+05,1.2438e+05,1.2114e+05,2.7e+05,2.5464e+05,2.469e+05,2.238e+05,1.5168e+05,1.2438e+05,1.2114e+05,2.691e+05,2.7e+05,2.5464e+05,2.469e+05,2.238e+05,1.5168e+05,1.2438e+05,1.2114e+05,2.6934e+05,2.691e+05,2.7e+05,2.5464e+05,2.469e+05,2.238e+05,1.5168e+05,1.2438e+05,1.2114e+05,2.6364e+05,2.6934e+05,2.691e+05,2.7e+05,2.5464e+05,2.469e+05,2.238e+05,1.5168e+05,1.2438e+05,1.2114e+05,2.7012e+05,2.6364e+05,2.6934e+05,2.691e+05,2.7e+05,2.5464e+05,2.469e+05,2.238e+05,1.5168e+05,1.2438e+05,1.2114e+05,1.89e+05,2.7012e+05,2.6364e+05,2.6934e+05,2.691e+05,2.7e+05,2.5464e+05,2.469e+05,2.238e+05,1.5168e+05,1.2438e+05,1.2114e+05,1.5846e+05,1.89e+05,2.7012e+05,2.6364e+05,2.6934e+05,2.691e+05,2.7e+05,2.5464e+05,2.469e+05,2.238e+05,1.5168e+05,1.2438e+05,1.2114e+05,1.1832e+05,1.5846e+05,1.89e+05,2.7012e+05,2.6364e+05,2.6934e+05,2.691e+05,2.7e+05,2.5464e+05,2.469e+05,2.238e+05,1.5168e+05,1.2438e+05,1.2114e+05,49980,1.1832e+05,1.5846e+05,1.89e+05,2.7012e+05,2.6364e+05,2.6934e+05,2.691e+05,2.7e+05,2.5464e+05,2.469e+05,2.238e+05,1.5168e+05,1.2438e+05,1.2114e+05
1.4532e+05,1.5048e+05,1.4532e+05,1.791e+05,1.5048e+05,1.4532e+05,2.4948e+05,1.791e+05,1.5048e+05,1.4532e+05,2.8074e+05,2.4948e+05,1.791e+05,1.5048e+05,1.4532e+05,2.8596e+05,2.8074e+05,2.4948e+05,1.791e+05,1.5048e+05,1.4532e+05,2.838e+05,2.8596e+05,2.8074e+05,2.4948e+05,1.791e+05,1.5048e+05,1.4532e+05,2.574e+05,2.838e+05,2.8596e+05,2.8074e+05,2.4948e+05,1.791e+05,1.5048e+05,1.4532e+05,2.4654e+05,2.574e+05,2.838e+05,2.8596e+05,2.8074e+05,2.4948e+05,1.791e+05,1.5048e+05,1.4532e+05,2.5932e+05,2.4654e+05,2.574e+05,2.838e+05,2.8596e+05,2.8074e+05,2.4948e+05,1.791e+05,1.5048e+05,1.4532e+05,2.6622e+05,2.5932e+05,2.4654e+05,2.574e+05,2.838e+05,2.8596e+05,2.8074e+05,2.4948e+05,1.791e+05,1.5048e+05,1.4532e+05,2.0862e+05,2.6622e+05,2.5932e+05,2.4654e+05,2.574e+05,2.838e+05,2.8596e+05,2.8074e+05,2.4948e+05,1.791e+05,1.5048e+05,1.4532e+05,1.842e+05,2.0862e+05,2.6622e+05,2.5932e+05,2.4654e+05,2.574e+05,2.838e+05,2.8596e+05,2.8074e+05,2.4948e+05,1.791e+05,1.5048e+05,1.4532e+05,1.3752e+05,1.842e+05,2.0862e+05,2.6622e+05,2.5932e+05,2.4654e+05,2.574e+05,2.838e+05,2.8596e+05,2.8074e+05,2.4948e+05,1.791e+05,1.5048e+05,1.4532e+05,58920,1.3752e+05,1.842e+05,2.0862e+05,2.6622e+05,2.5932e+05,2.4654e+05,2.574e+05,2.838e+05,2.8596e+05,2.8074e+05,2.4948e+05,1.791e+05,1.5048e+05,1.4532e+05
1.392e+05,1.4196e+05,1.392e+05,1.734e+05,1.4196e+05,1.392e+05,2.5842e+05,1.734e+05,1.4196e+05,1.392e+05,2.8368e+05,2.5842e+05,1.734e+05,1.4196e+05,1.392e+05,2.8062e+05,2.8368e+05,2.5842e+05,1.734e+05,1.4196e+05,1.392e+05,2.883e+05,2.8062e+05,2.8368e+05,2.5842e+05,1.734e+05,1.4196e+05,1.392e+05,2.7174e+05,2.883e+05,2.8062e+05,2.8368e+05,2.5842e+05,1.734e+05,1.4196e+05,1.392e+05,2.5278e+05,2.7174e+05,2.883e+05,2.8062e+05,2.8368e+05,2.5842e+05,1.734e+05,1.4196e+05,1.392e+05,2.5044e+05,2.5278e+05,2.7174e+05,2.883e+05,2.8062e+05,2.8368e+05,2.5842e+05,1.734e+05,1.4196e+05,1.392e+05,2.6022e+05,2.5044e+05,2.5278e+05,2.7174e+05,2.883e+05,2.8062e+05,2.8368e+05,2.5842e+05,1.734e+05,1.4196e+05,1.392e+05,1.8564e+05,2.6022e+05,2.5044e+05,2.5278e+05,2.7174e+05,2.883e+05,2.8062e+05,2.8368e+05,2.5842e+05,1.734e+05,1.4196e+05,1.392e+05,1.4784e+05,1.8564e+05,2.6022e+05,2.5044e+05,2.5278e+05,2.7174e+05,2.883e+05,2.8062e+05,2.8368e+05,2.5842e+05,1.734e+05,1.4196e+05,1.392e+05,1.1004e+05,1.4784e+05,1.8564e+05,2.6022e+05,2.5044e+05,2.5278e+05,2.7174e+05,2.883e+05,2.8062e+05,2.8368e+05,2.5842e+05,1.734e+05,1.4196e+05,1.392e+05,57060,1.1004e+05,1.4784e+05,1.8564e+05,2.6022e+05,2.5044e+05,2.5278e+05,2.7174e+05,2.883e+05,2.8062e+05,2.8368e+05,2.5842e+05,1.734e+05,1.4196e+05,1.392e+05
1.3512e+05,1.3764e+05,1.3512e+05,1.5342e+05,1.3764e+05,1.3512e+05,2.5134e+05,1.5342e+05,1.3764e+05,1.3512e+05,2.9442e+05,2.5134e+05,1.5342e+05,1.3764e+05,1.3512e+05,3.0456e+05,2.9442e+05,2.5134e+05,1.5342e+05,1.3764e+05,1.3512e+05,2.9772e+05,3.0456e+05,2.9442e+05,2.5134e+05,1.5342e+05,1.3764e+05,1.3512e+05,2.763e+05,2.9772e+05,3.0456e+05,2.9442e+05,2.5134e+05,1.5342e+05,1.3764e+05,1.3512e+05,2.6208e+05,2.763e+05,2.9772e+05,3.0456e+05,2.9442e+05,2.5134e+05,1.5342e+05,1.3764e+05,1.3512e+05,2.46e+05,2.6208e+05,2.763e+05,2.9772e+05,3.0456e+05,2.9442e+05,2.5134e+05,1.5342e+05,1.3764e+05,1.3512e+05,2.475e+05,2.46e+05,2.6208e+05,2.763e+05,2.9772e+05,3.0456e+05,2.9442e+05,2.5134e+05,1.5342e+05,1.3764e+05,1.3512e+05,1.7934e+05,2.475e+05,2.46e+05,2.6208e+05,2.763e+05,2.9772e+05,3.0456e+05,2.9442e+05,2.5134e+05,1.5342e+05,1.3764e+05,1.3512e+05,1.3962e+05,1.7934e+05,2.475e+05,2.46e+05,2.6208e+05,2.763e+05,2.9772e+05,3.0456e+05,2.9442e+05,2.5134e+05,1.5342e+05,1.3764e+05,1.3512e+05,64740,1.3962e+05,1.7934e+05,2.475e+05,2.46e+05,2.6208e+05,2.763e+05,2.9772e+05,3.0456e+05,2.9442e+05,2.5134e+05,1.5342e+05,1.3764e+05,1.3512e+05,46440,64740,1.3962e+05,1.7934e+05,2.475e+05,2.46e+05,2.6208e+05,2.763e+05,2.9772e+05,3.0456e+05,2.9442e+05,2.5134e+05,1.5342e+05,1.3764e+05,1.3512e+05
1.2216e+05,1.2402e+05,1.2216e+05,1.5282e+05,1.2402e+05,1.2216e+05,2.1558e+05,1.5282e+05,1.2402e+05,1.2216e+05,2.3298e+05,2.1558e+05,1.5282e+05,1.2402e+05,1.2216e+05,2.5026e+05,2.3298e+05,2.1558e+05,1.5282e+05,1.2402e+05,1.2216e+05,2.595e+05,2.5026e+05,2.3298e+05,2.1558e+05,1.5282e+05,1.2402e+05,1.2216e+05,2.5548e+05,2.595e+05,2.5026e+05,2.3298e+05,2.1558e+05,1.5282e+05,1.2402e+05,1.2216e+05,2.7084e+05,2.5548e+05,2.595e+05,2.5026e+05,2.3298e+05,2.1558e+05,1.5282e+05,1.2402e+05,1.2216e+05,2.7084e+05,2.7084e+05,2.5548e+05,2.595e+05,2.5026e+05,2.3298e+05,2.1558e+05,1.5282e+05,1.2402e+05,1.2216e+05,2.6784e+05,2.7084e+05,2.7084e+05,2.5548e+05,2.595e+05,2.5026e+05,2.3298e+05,2.1558e+05,1.5282e+05,1.2402e+05,1.2216e+05,2.1024e+05,2.6784e+05,2.7084e+05,2.7084e+05,2.5548e+05,2.595e+05,2.5026e+05,2.3298e+05,2.1558e+05,1.5282e+05,1.2402e+05,1.2216e+05,2.2776e+05,2.1024e+05,2.6784e+05,2.7084e+05,2.7084e+05,2.5548e+05,2.595e+05,2.5026e+05,2.3298e+05,2.1558e+05,1.5282e+05,1.2402e+05,1.2216e+05,1.4964e+05,2.2776e+05,2.1024e+05,2.6784e+05,2.7084e+05,2.7084e+05,2.5548e+05,2.595e+05,2.5026e+05,2.3298e+05,2.1558e+05,1.5282e+05,1.2402e+05,1.2216e+05,71460,1.4964e+05,2.2776e+05,2.1024e+05,2.6784e+05,2.7084e+05,2.7084e+05,2.5548e+05,2.595e+05,2.5026e+05,2.3298e+05,2.1558e+05,1.5282e+05,1.2402e+05,1.2216e+05
1.275e+05,1.2714e+05,1.275e+05,1.6422e+05,1.2714e+05,1.275e+05,2.2242e+05,1.6422e+05,1.2714e+05,1.275e+05,2.4408e+05,2.2242e+05,1.6422e+05,1.2714e+05,1.275e+05,2.4492e+05,2.4408e+05,2.2242e+05,1.6422e+05,1.2714e+05,1.275e+05,2.6982e+05,2.4492e+05,2.4408e+05,2.2242e+05,1.6422e+05,1.2714e+05,1.275e+05,2.5464e+05,2.6982e+05,2.4492e+05,2.4408e+05,2.2242e+05,1.6422e+05,1.2714e+05,1.275e+05,2.523e+05,2.5464e+05,2.6982e+05,2.4492e+05,2.4408e+05,2.2242e+05,1.6422e+05,1.2714e+05,1.275e+05,2.691e+05,2.523e+05,2.5464e+05,2.6982e+05,2.4492e+05,2.4408e+05,2.2242e+05,1.6422e+05,1.2714e+05,1.275e+05,2.7342e+05,2.691e+05,2.523e+05,2.5464e+05,2.6982e+05,2.4492e+05,2.4408e+05,2.2242e+05,1.6422e+05,1.2714e+05,1.275e+05,2.0952e+05,2.7342e+05,2.691e+05,2.523e+05,2.5464e+05,2.6982e+05,2.4492e+05,2.4408e+05,2.2242e+05,1.6422e+05,1.2714e+05,1.275e+05,2.0532e+05,2.0952e+05,2.7342e+05,2.691e+05,2.523e+05,2.5464e+05,2.6982e+05,2.4492e+05,2.4408e+05,2.2242e+05,1.6422e+05,1.2714e+05,1.275e+05,1.308e+05,2.0532e+05,2.0952e+05,2.7342e+05,2.691e+05,2.523e+05,2.5464e+05,2.6982e+05,2.4492e+05,2.4408e+05,2.2242e+05,1.6422e+05,1.2714e+05,1.275e+05,62220,1.308e+05,2.0532e+05,2.0952e+05,2.7342e+05,2.691e+05,2.523e+05,2.5464e+05,2.6982e+05,2.4492e+05,2.4408e+05,2.2242e+05,1.6422e+05,1.2714e+05,1.275e+05
1.311e+05,1.2498e+05,1.311e+05,1.4754e+05,1.2498e+05,1.311e+05,2.1708e+05,1.4754e+05,1.2498e+05,1.311e+05,2.472e+05,2.1708e+05,1.4754e+05,1.2498e+05,1.311e+05,2.5752e+05,2.472e+05,2.1708e+05,1.4754e+05,1.2498e+05,1.311e+05,2.5758e+05,2.5752e+05,2.472e+05,2.1708e+05,1.4754e+05,1.2498e+05,1.311e+05,2.4426e+05,2.5758e+05,2.5752e+05,2.472e+05,2.1708e+05,1.4754e+05,1.2498e+05,1.311e+05,2.427e+05,2.4426e+05,2.5758e+05,2.5752e+05,2.472e+05,2.1708e+05,1.4754e+05,1.2498e+05,1.311e+05,2.5644e+05,2.427e+05,2.4426e+05,2.5758e+05,2.5752e+05,2.472e+05,2.1708e+05,1.4754e+05,1.2498e+05,1.311e+05,2.661e+05,2.5644e+05,2.427e+05,2.4426e+05,2.5758e+05,2.5752e+05,2.472e+05,2.1708e+05,1.4754e+05,1.2498e+05,1.311e+05,1.9872e+05,2.661e+05,2.5644e+05,2.427e+05,2.4426e+05,2.5758e+05,2.5752e+05,2.472e+05,2.1708e+05,1.4754e+05,1.2498e+05,1.311e+05,1.7298e+05,1.9872e+05,2.661e+05,2.5644e+05,2.427e+05,2.4426e+05,2.5758e+05,2.5752e+05,2.472e+05,2.1708e+05,1.4754e+05,1.2498e+05,1.311e+05,1.2918e+05,1.7298e+05,1.9872e+05,2.661e+05,2.5644e+05,2.427e+05,2.4426e+05,2.5758e+05,2.5752e+05,2.472e+05,2.1708e+05,1.4754e+05,1.2498e+05,1.311e+05,72600,1.2918e+05,1.7298e+05,1.9872e+05,2.661e+05,2.5644e+05,2.427e+05,2.4426e+05,2.5758e+05,2.5752e+05,2.472e+05,2.1708e+05,1.4754e+05,1.2498e+05,1.311e+05
1.2444e+05,1.2924e+05,1.2444e+05,1.4886e+05,1.2924e+05,1.2444e+05,2.1798e+05,1.4886e+05,1.2924e+05,1.2444e+05,2.4348e+05,2.1798e+05,1.4886e+05,1.2924e+05,1.2444e+05,2.5638e+05,2.4348e+05,2.1798e+05,1.4886e+05,1.2924e+05,1.2444e+05,2.6496e+05,2.5638e+05,2.4348e+05,2.1798e+05,1.4886e+05,1.2924e+05,1.2444e+05,2.5278e+05,2.6496e+05,2.5638e+05,2.4348e+05,2.1798e+05,1.4886e+05,1.2924e+05,1.2444e+05,2.4114e+05,2.5278e+05,2.6496e+05,2.5638e+05,2.4348e+05,2.1798e+05,1.4886e+05,1.2924e+05,1.2444e+05,2.493e+05,2.4114e+05,2.5278e+05,2.6496e+05,2.5638e+05,2.4348e+05,2.1798e+05,1.4886e+05,1.2924e+05,1.2444e+05,2.7042e+05,2.493e+05,2.4114e+05,2.5278e+05,2.6496e+05,2.5638e+05,2.4348e+05,2.1798e+05,1.4886e+05,1.2924e+05,1.2444e+05,2.016e+05,2.7042e+05,2.493e+05,2.4114e+05,2.5278e+05,2.6496e+05,2.5638e+05,2.4348e+05,2.1798e+05,1.4886e+05,1.2924e+05,1.2444e+05,1.731e+05,2.016e+05,2.7042e+05,2.493e+05,2.4114e+05,2.5278e+05,2.6496e+05,2.5638e+05,2.4348e+05,2.1798e+05,1.4886e+05,1.2924e+05,1.2444e+05,1.0974e+05,1.731e+05,2.016e+05,2.7042e+05,2.493e+05,2.4114e+05,2.5278e+05,2.6496e+05,2.5638e+05,2.4348e+05,2.1798e+05,1.4886e+05,1.2924e+05,1.2444e+05,52080,1.0974e+05,1.731e+05,2.016e+05,2.7042e+05,2.493e+05,2.4114e+05,2.5278e+05,2.6496e+05,2.5638e+05,2.4348e+05,2.1798e+05,1.4886e+05,1.2924e+05,1.2444e+05
1.6932e+05,1.6944e+05,1.6932e+05,1.8222e+05,1.6944e+05,1.6932e+05,2.295e+05,1.8222e+05,1.6944e+05,1.6932e+05,2.5656e+05,2.295e+05,1.8222e+05,1.6944e+05,1.6932e+05,2.6418e+05,2.5656e+05,2.295e+05,1.8222e+05,1.6944e+05,1.6932e+05,2.7192e+05,2.6418e+05,2.5656e+05,2.295e+05,1.8222e+05,1.6944e+05,1.6932e+05,2.5008e+05,2.7192e+05,2.6418e+05,2.5656e+05,2.295e+05,1.8222e+05,1.6944e+05,1.6932e+05,2.4282e+05,2.5008e+05,2.7192e+05,2.6418e+05,2.5656e+05,2.295e+05,1.8222e+05,1.6944e+05,1.6932e+05,2.5644e+05,2.4282e+05,2.5008e+05,2.7192e+05,2.6418e+05,2.5656e+05,2.295e+05,1.8222e+05,1.6944e+05,1.6932e+05,2.5344e+05,2.5644e+05,2.4282e+05,2.5008e+05,2.7192e+05,2.6418e+05,2.5656e+05,2.295e+05,1.8222e+05,1.6944e+05,1.6932e+05,1.8342e+05,2.5344e+05,2.5644e+05,2.4282e+05,2.5008e+05,2.7192e+05,2.6418e+05,2.5656e+05,2.295e+05,1.8222e+05,1.6944e+05,1.6932e+05,1.584e+05,1.8342e+05,2.5344e+05,2.5644e+05,2.4282e+05,2.5008e+05,2.7192e+05,2.6418e+05,2.5656e+05,2.295e+05,1.8222e+05,1.6944e+05,1.6932e+05,79560,1.584e+05,1.8342e+05,2.5344e+05,2.5644e+05,2.4282e+05,2.5008e+05,2.7192e+05,2.6418e+05,2.5656e+05,2.295e+05,1.8222e+05,1.6944e+05,1.6932e+05,46860,79560,1.584e+05,1.8342e+05,2.5344e+05,2.5644e+05,2.4282e+05,2.5008e+05,2.7192e+05,2.6418e+05,2.5656e+05,2.295e+05,1.8222e+05,1.6944e+05,1.6932e+05
1.4748e+05,1.3842e+05,1.4748e+05,1.5672e+05,1.3842e+05,1.4748e+05,2.0538e+05,1.5672e+05,1.3842e+05,1.4748e+05,2.1126e+05,2.0538e+05,1.5672e+05,1.3842e+05,1.4748e+05,2.4654e+05,2.1126e+05,2.0538e+05,1.5672e+05,1.3842e+05,1.4748e+05,2.6478e+05,2.4654e+05,2.1126e+05,2.0538e+05,1.5672e+05,1.3842e+05,1.4748e+05,2.5602e+05,2.6478e+05,2.4654e+05,2.1126e+05,2.0538e+05,1.5672e+05,1.3842e+05,1.4748e+05,2.6424e+05,2.5602e+05,2.6478e+05,2.4654e+05,2.1126e+05,2.0538e+05,1.5672e+05,1.3842e+05,1.4748e+05,2.823e+05,2.6424e+05,2.5602e+05,2.6478e+05,2.4654e+05,2.1126e+05,2.0538e+05,1.5672e+05,1.3842e+05,1.4748e+05,2.6412e+05,2.823e+05,2.6424e+05,2.5602e+05,2.6478e+05,2.4654e+05,2.1126e+05,2.0538e+05,1.5672e+05,1.3842e+05,1.4748e+05,2.2812e+05,2.6412e+05,2.823e+05,2.6424e+05,2.5602e+05,2.6478e+05,2.4654e+05,2.1126e+05,2.0538e+05,1.5672e+05,1.3842e+05,1.4748e+05,2.8266e+05,2.2812e+05,2.6412e+05,2.823e+05,2.6424e+05,2.5602e+05,2.6478e+05,2.4654e+05,2.1126e+05,2.0538e+05,1.5672e+05,1.3842e+05,1.4748e+05,1.5918e+05,2.8266e+05,2.2812e+05,2.6412e+05,2.823e+05,2.6424e+05,2.5602e+05,2.6478e+05,2.4654e+05,2.1126e+05,2.0538e+05,1.5672e+05,1.3842e+05,1.4748e+05,77160,1.5918e+05,2.8266e+05,2.2812e+05,2.6412e+05,2.823e+05,2.6424e+05,2.5602e+05,2.6478e+05,2.4654e+05,2.1126e+05,2.0538e+05,1.5672e+05,1.3842e+05,1.4748e+05
1.29e+05,1.3728e+05,1.29e+05,1.6062e+05,1.3728e+05,1.29e+05,2.2836e+05,1.6062e+05,1.3728e+05,1.29e+05,2.5632e+05,2.2836e+05,1.6062e+05,1.3728e+05,1.29e+05,2.7222e+05,2.5632e+05,2.2836e+05,1.6062e+05,1.3728e+05,1.29e+05,2.6352e+05,2.7222e+05,2.5632e+05,2.2836e+05,1.6062e+05,1.3728e+05,1.29e+05,2.583e+05,2.6352e+05,2.7222e+05,2.5632e+05,2.2836e+05,1.6062e+05,1.3728e+05,1.29e+05,2.4168e+05,2.583e+05,2.6352e+05,2.7222e+05,2.5632e+05,2.2836e+05,1.6062e+05,1.3728e+05,1.29e+05,2.6292e+05,2.4168e+05,2.583e+05,2.6352e+05,2.7222e+05,2.5632e+05,2.2836e+05,1.6062e+05,1.3728e+05,1.29e+05,2.6952e+05,2.6292e+05,2.4168e+05,2.583e+05,2.6352e+05,2.7222e+05,2.5632e+05,2.2836e+05,1.6062e+05,1.3728e+05,1.29e+05,2.0532e+05,2.6952e+05,2.6292e+05,2.4168e+05,2.583e+05,2.6352e+05,2.7222e+05,2.5632e+05,2.2836e+05,1.6062e+05,1.3728e+05,1.29e+05,2.052e+05,2.0532e+05,2.6952e+05,2.6292e+05,2.4168e+05,2.583e+05,2.6352e+05,2.7222e+05,2.5632e+05,2.2836e+05,1.6062e+05,1.3728e+05,1.29e+05,1.449e+05,2.052e+05,2.0532e+05,2.6952e+05,2.6292e+05,2.4168e+05,2.583e+05,2.6352e+05,2.7222e+05,2.5632e+05,2.2836e+05,1.6062e+05,1.3728e+05,1.29e+05,51960,1.449e+05,2.052e+05,2.0532e+05,2.6952e+05,2.6292e+05,2.4168e+05,2.583e+05,2.6352e+05,2.7222e+05,2.5632e+05,2.2836e+05,1.6062e+05,1.3728e+05,1.29e+05
1.3722e+05,1.398e+05,1.3722e+05,1.4886e+05,1.398e+05,1.3722e+05,2.4198e+05,1.4886e+05,1.398e+05,1.3722e+05,2.958e+05,2.4198e+05,1.4886e+05,1.398e+05,1.3722e+05,3.126e+05,2.958e+05,2.4198e+05,1.4886e+05,1.398e+05,1.3722e+05,2.9718e+05,3.126e+05,2.958e+05,2.4198e+05,1.4886e+05,1.398e+05,1.3722e+05,2.8098e+05,2.9718e+05,3.126e+05,2.958e+05,2.4198e+05,1.4886e+05,1.398e+05,1.3722e+05,2.463e+05,2.8098e+05,2.9718e+05,3.126e+05,2.958e+05,2.4198e+05,1.4886e+05,1.398e+05,1.3722e+05,2.5296e+05,2.463e+05,2.8098e+05,2.9718e+05,3.126e+05,2.958e+05,2.4198e+05,1.4886e+05,1.398e+05,1.3722e+05,2.5224e+05,2.5296e+05,2.463e+05,2.8098e+05,2.9718e+05,3.126e+05,2.958e+05,2.4198e+05,1.4886e+05,1.398e+05,1.3722e+05,1.842e+05,2.5224e+05,2.5296e+05,2.463e+05,2.8098e+05,2.9718e+05,3.126e+05,2.958e+05,2.4198e+05,1.4886e+05,1.398e+05,1.3722e+05,1.2444e+05,1.842e+05,2.5224e+05,2.5296e+05,2.463e+05,2.8098e+05,2.9718e+05,3.126e+05,2.958e+05,2.4198e+05,1.4886e+05,1.398e+05,1.3722e+05,62040,1.2444e+05,1.842e+05,2.5224e+05,2.5296e+05,2.463e+05,2.8098e+05,2.9718e+05,3.126e+05,2.958e+05,2.4198e+05,1.4886e+05,1.398e+05,1.3722e+05,46980,62040,1.2444e+05,1.842e+05,2.5224e+05,2.5296e+05,2.463e+05,2.8098e+05,2.9718e+05,3.126e+05,2.958e+05,2.4198e+05,1.4886e+05,1.398e+05,1.3722e+05
1.2672e+05,1.2078e+05,1.2672e+05,1.452e+05,1.2078e+05,1.2672e+05,2.2122e+05,1.452e+05,1.2078e+05,1.2672e+05,2.4426e+05,2.2122e+05,1.452e+05,1.2078e+05,1.2672e+05,2.6964e+05,2.4426e+05,2.2122e+05,1.452e+05,1.2078e+05,1.2672e+05,2.7222e+05,2.6964e+05,2.4426e+05,2.2122e+05,1.452e+05,1.2078e+05,1.2672e+05,2.5998e+05,2.7222e+05,2.6964e+05,2.4426e+05,2.2122e+05,1.452e+05,1.2078e+05,1.2672e+05,2.6298e+05,2.5998e+05,2.7222e+05,2.6964e+05,2.4426e+05,2.2122e+05,1.452e+05,1.2078e+05,1.2672e+05,2.5344e+05,2.6298e+05,2.5998e+05,2.7222e+05,2.6964e+05,2.4426e+05,2.2122e+05,1.452e+05,1.2078e+05,1.2672e+05,2.637e+05,2.5344e+05,2.6298e+05,2.5998e+05,2.7222e+05,2.6964e+05,2.4426e+05,2.2122e+05,1.452e+05,1.2078e+05,1.2672e+05,1.893e+05,2.637e+05,2.5344e+05,2.6298e+05,2.5998e+05,2.7222e+05,2.6964e+05,2.4426e+05,2.2122e+05,1.452e+05,1.2078e+05,1.2672e+05,1.3104e+05,1.893e+05,2.637e+05,2.5344e+05,2.6298e+05,2.5998e+05,2.7222e+05,2.6964e+05,2.4426e+05,2.2122e+05,1.452e+05,1.2078e+05,1.2672e+05,66660,1.3104e+05,1.893e+05,2.637e+05,2.5344e+05,2.6298e+05,2.5998e+05,2.7222e+05,2.6964e+05,2.4426e+05,2.2122e+05,1.452e+05,1.2078e+05,1.2672e+05,47160,66660,1.3104e+05,1.893e+05,2.637e+05,2.5344e+05,2.6298e+05,2.5998e+05,2.7222e+05,2.6964e+05,2.4426e+05,2.2122e+05,1.452e+05,1.2078e+05,1.2672e+05
1.0506e+05,1.1664e+05,1.0506e+05,1.4256e+05,1.1664e+05,1.0506e+05,2.121e+05,1.4256e+05,1.1664e+05,1.0506e+05,2.448e+05,2.121e+05,1.4256e+05,1.1664e+05,1.0506e+05,2.547e+05,2.448e+05,2.121e+05,1.4256e+05,1.1664e+05,1.0506e+05,2.628e+05,2.547e+05,2.448e+05,2.121e+05,1.4256e+05,1.1664e+05,1.0506e+05,2.466e+05,2.628e+05,2.547e+05,2.448e+05,2.121e+05,1.4256e+05,1.1664e+05,1.0506e+05,2.5608e+05,2.466e+05,2.628e+05,2.547e+05,2.448e+05,2.121e+05,1.4256e+05,1.1664e+05,1.0506e+05,2.424e+05,2.5608e+05,2.466e+05,2.628e+05,2.547e+05,2.448e+05,2.121e+05,1.4256e+05,1.1664e+05,1.0506e+05,2.6532e+05,2.424e+05,2.5608e+05,2.466e+05,2.628e+05,2.547e+05,2.448e+05,2.121e+05,1.4256e+05,1.1664e+05,1.0506e+05,1.9386e+05,2.6532e+05,2.424e+05,2.5608e+05,2.466e+05,2.628e+05,2.547e+05,2.448e+05,2.121e+05,1.4256e+05,1.1664e+05,1.0506e+05,1.7394e+05,1.9386e+05,2.6532e+05,2.424e+05,2.5608e+05,2.466e+05,2.628e+05,2.547e+05,2.448e+05,2.121e+05,1.4256e+05,1.1664e+05,1.0506e+05,91800,1.7394e+05,1.9386e+05,2.6532e+05,2.424e+05,2.5608e+05,2.466e+05,2.628e+05,2.547e+05,2.448e+05,2.121e+05,1.4256e+05,1.1664e+05,1.0506e+05,51720,91800,1.7394e+05,1.9386e+05,2.6532e+05,2.424e+05,2.5608e+05,2.466e+05,2.628e+05,2.547e+05,2.448e+05,2.121e+05,1.4256e+05,1.1664e+05,1.0506e+05
68580,64080,68580,63600,64080,68580,60600,63600,64080,68580,50940,60600,63600,64080,68580,41160,50940,60600,63600,64080,68580,43020,41160,50940,60600,63600,64080,68580,42600,43020,41160,50940,60600,63600,64080,68580,42000,42600,43020,41160,50940,60600,63600,64080,68580,52620,42000,42600,43020,41160,50940,60600,63600,64080,68580,60840,52620,42000,42600,43020,41160,50940,60600,63600,64080,68580,60000,60840,52620,42000,42600,43020,41160,50940,60600,63600,64080,68580,53040,60000,60840,52620,42000,42600,43020,41160,50940,60600,63600,64080,68580,53100,53040,60000,60840,52620,42000,42600,43020,41160,50940,60600,63600,64080,68580,49140,53100,53040,60000,60840,52620,42000,42600,43020,41160,50940,60600,63600,64080,68580
60480,50580,60480,40440,50580,60480,40620,40440,50580,60480,37260,40620,40440,50580,60480,37200,37260,40620,40440,50580,60480,37440,37200,37260,40620,40440,50580,60480,40140,37440,37200,37260,40620,40440,50580,60480,41340,40140,37440,37200,37260,40620,40440,50580,60480,41100,41340,40140,37440,37200,37260,40620,40440,50580,60480,56700,41100,41340,40140,37440,37200,37260,40620,40440,50580,60480,56580,56700,41100,41340,40140,37440,37200,37260,40620,40440,50580,60480,52200,56580,56700,41100,41340,40140,37440,37200,37260,40620,40440,50580,60480,51780,52200,56580,56700,41100,41340,40140,37440,37200,37260,40620,40440,50580,60480,46740,51780,52200,56580,56700,41100,41340,40140,37440,37200,37260,40620,40440,50580,60480
66120,66060,66120,67140,66060,66120,49800,67140,66060,66120,38460,49800,67140,66060,66120,36060,38460,49800,67140,66060,66120,39300,36060,38460,49800,67140,66060,66120,40500,39300,36060,38460,49800,67140,66060,66120,44100,40500,39300,36060,38460,49800,67140,66060,66120,58440,44100,40500,39300,36060,38460,49800,67140,66060,66120,60840,58440,44100,40500,39300,36060,38460,49800,67140,66060,66120,62040,60840,58440,44100,40500,39300,36060,38460,49800,67140,66060,66120,56580,62040,60840,58440,44100,40500,39300,36060,38460,49800,67140,66060,66120,52380,56580,62040,60840,58440,44100,40500,39300,36060,38460,49800,67140,66060,66120,46560,52380,56580,62040,60840,58440,44100,40500,39300,36060,38460,49800,67140,66060,66120
53940,53220,53940,54480,53220,53940,54480,54480,53220,53940,39360,54480,54480,53220,53940,35760,39360,54480,54480,53220,53940,35460,35760,39360,54480,54480,53220,53940,35400,35460,35760,39360,54480,54480,53220,53940,52980,35400,35460,35760,39360,54480,54480,53220,53940,53520,52980,35400,35460,35760,39360,54480,54480,53220,53940,56940,53520,52980,35400,35460,35760,39360,54480,54480,53220,53940,58260,56940,53520,52980,35400,35460,35760,39360,54480,54480,53220,53940,56640,58260,56940,53520,52980,35400,35460,35760,39360,54480,54480,53220,53940,53400,56640,58260,56940,53520,52980,35400,35460,35760,39360,54480,54480,53220,53940,47760,53400,56640,58260,56940,53520,52980,35400,35460,35760,39360,54480,54480,53220,53940
55080,55020,55080,56700,55020,55080,55860,56700,55020,55080,54900,55860,56700,55020,55080,55680,54900,55860,56700,55020,55080,54600,55680,54900,55860,56700,55020,55080,53940,54600,55680,54900,55860,56700,55020,55080,52560,53940,54600,55680,54900,55860,56700,55020,55080,53160,52560,53940,54600,55680,54900,55860,56700,55020,55080,55380,53160,52560,53940,54600,55680,54900,55860,56700,55020,55080,56280,55380,53160,52560,53940,54600,55680,54900,55860,56700,55020,55080,54420,56280,55380,53160,52560,53940,54600,55680,54900,55860,56700,55020,55080,53160,54420,56280,55380,53160,52560,53940,54600,55680,54900,55860,56700,55020,55080,48540,53160,54420,56280,55380,53160,52560,53940,54600,55680,54900,55860,56700,55020,55080
